id,no,category,set,headline,url,publish_date,summary
soccer-kega-guide-A,171,サッカー,A,サッカーの怪我の種類｜岐阜・瑞穂市で部位別に整理,https://www.058-327-7771.net/soccer-kega-guide/,2026-07-31,"岐阜県瑞穂市（穂積駅）でサッカーの怪我にお悩みの方へ。練習や試合が続くなかで、様子を見てよい痛みなのか、受診すべき痛みなのか迷いますよね。

こんなお悩みはありませんか？
・練習のたびに足首や膝、太ももに違和感が出る
・怪我の種類が多く、自分の症状がどれなのか分からない
・痛みがあっても試合に出続けてしまう

サッカーでは、足首の捻挫、太ももの肉離れ、股関節・鼠径部の痛み、膝の痛み、成長期のかかとや膝下の痛みなどが多いと考えられます。切り返しやキック、接触プレーで負担が集まりやすい部位があり、痛む場所と動作を整理すると原因を絞りやすくなります。ただし、骨折や靭帯損傷の見きわめには整形外科での診察・画像検査が必要です。

当院（柔道整復師が施術）では、診断は医療機関の役割と考えたうえで、姿勢・筋肉の硬さ・体の使い方を確認し、負担を減らす補完的なサポートを行います。

ご自宅では、痛みが出た動作をメモしておくと、受診時の説明に役立ちます。

※体重をかけられない、明らかな変形や強い腫れがある、頭を打った後に意識や言動がおかしい場合は、プレーを中止してすぐ医療機関・救急へ。

岐阜県瑞穂市（穂積駅）でサッカーの怪我が気になる方は、みつむら接骨院へご相談ください。怪我の種類と部位別の考え方は下記の記事でも詳しく解説しています。"
gangurion-A,351,バレー＋一般症状,A,手首のしこり ガングリオンとは？瑞穂市で受診の目安を解説,https://www.058-327-7771.net/gangurion/,2026-10-15,"岐阜県瑞穂市（穂積駅）で手首のしこりにお悩みの方へ。ある日ふと手首の膨らみに気づくと、「悪いものでは？」と不安になりますよね。

こんなお悩みはありませんか？
・手首の甲側や手のひら側に丸いしこりがある
・しこりの大きさが変わる、触ると弾力がある
・手をつくと違和感や軽い痛みがある

ガングリオンは関節や腱の近くにできる、ゼリー状の内容物を含む袋状の膨らみで、手首によくみられると考えられています。ただししこりには他の種類もあり、見た目だけでは判断できません。まずは整形外科で診察や画像検査を受けることが大切です。

当院では診断や治療方針の決定は行わず、医療機関での確認をおすすめしたうえで、手首まわりの使い方や前腕の筋肉の緊張など、負担を減らす補完的なサポートを行います。

ご自宅では、しこりを強く押したり潰そうとしたりせず、手首を使う作業の合間に休みを入れてみてください。

※しこりが急に大きくなる、強い痛みやしびれ、指が動かしにくい、赤みや熱感がある場合は早めに医療機関を受診してください。

岐阜県瑞穂市（穂積駅）で手首のしこりが気になる方は、みつむら接骨院へご相談ください。ガングリオンについては下記の記事でも詳しく解説しています。"
gasokuen-A,219,スポーツ障害一般,A,鵞足炎とは？膝の内側の下の痛みの原因｜岐阜県瑞穂市の接骨院,https://www.058-327-7771.net/gasokuen/,2026-08-10,"岐阜県瑞穂市（穂積駅）で、膝の内側の下の痛み（鵞足炎）にお悩みの方へ。階段や走り始めにズキッとくると、不安になりますよね。

こんなお悩みはありませんか？
・膝の内側の少し下を押すと痛い
・階段の上り下りや走り始めに痛む
・休むと軽くなるが、再開するとまた痛む

鵞足とは、膝の内側の下に太ももの3つの筋肉の腱が集まる部分です。使いすぎや太もも裏の筋肉の硬さ、膝が内に入る動きなどが負担につながると考えられます。ただし、膝の内側の痛みには半月板や靭帯の問題が隠れていることもあるため、続く場合は整形外科での検査をおすすめします。

みつむら接骨院では、診断は医療機関の役割という前提で、太ももやお尻の筋肉の状態、立ち方や動作のクセを確認し、膝への負担を減らす補完的なサポートを行います。

自宅では、運動後に太もも周りを軽く伸ばし、痛い日は無理をしないことを意識してみてください。

※膝が腫れて熱を持つ、安静でも強く痛む、体重をかけられない場合は、早めに医療機関を受診してください。

岐阜県瑞穂市（穂積駅）で膝の内側の痛みでお困りの方は、みつむら接骨院へご相談ください。鵞足炎は下記の記事でも詳しく解説しています。"
yakyu-hiji-A,267,野球,A,野球肘とは？内側・外側・後方タイプ別の症状｜岐阜県瑞穂市,https://www.058-327-7771.net/yakyu-hiji/,2026-09-03,"岐阜県瑞穂市（穂積駅）で野球肘にお悩みの方へ。投げるたびに肘が痛むと、練習を続けてよいのか不安になりますよね。

こんなお悩みはありませんか？
・投げている最中や投げた後に肘が痛む
・肘を伸ばしたり曲げたりしにくい
・肘の内側を押すと痛みがある

野球肘は、痛む場所によって内側型・外側型・後方型に分けて考えられています。内側は引っ張られる負担、外側は骨同士が押し合う負担、後方は肘が伸び切るときの衝突が関わるとされます。特に外側型は初期の痛みが少ないまま進むことがあるため、整形外科での検査が大切です。

診断や治療方針、投球再開の判断は医療機関の役割です。みつむら接骨院では、診断を受けたうえで、肩甲骨・股関節・体幹など投球を支える体の使い方を整える補完的なサポートを行います。

ご自宅では、投げた後に肘の張りを感じたら、無理に投げ続けず休ませることを意識してみてください。

※強い痛み、しびれ、肘が動かせない・引っかかるといった症状があるときは、早めに整形外科を受診してください。

岐阜県瑞穂市（穂積駅）で野球肘の方は、みつむら接骨院へご相談ください。タイプ別の違いは下記の記事でも詳しく解説しています。"
kenban-sonsho-A,311,肩腱板・神経・腱鞘炎・打撲骨折,A,腱板損傷の症状と四十肩・五十肩の違い｜岐阜県瑞穂市,https://www.058-327-7771.net/kenban-sonsho/,2026-09-25,"岐阜県瑞穂市（穂積駅）で腱板損傷や肩の痛みにお悩みの方へ。「四十肩だと思っていたのに、何か違う気がする」と不安になる方は少なくありません。

こんなお悩みはありませんか？
・腕を上げる途中で肩に引っかかるような痛みがある
・夜、肩の痛みで目が覚めることがある
・四十肩・五十肩と言われたが、なかなか変わらない

腱板は肩の奥で腕の動きを支える筋肉と腱の集まりです。使いすぎや加齢、転倒などで傷つくことがあり、四十肩・五十肩と似た症状が出るため、自己判断での区別は難しいと考えられます。損傷の有無や程度は、整形外科での診察や画像検査で確認することが大切です。

診断や治療方針の決定は医療機関の役割です。当院（柔道整復師が施術）では、検査で状態を確認していただいたうえで、肩まわりの筋肉や姿勢、体の使い方を整える補完的なサポートを行います。

ご自宅では、痛みを我慢して腕を上げ続けず、痛みの出ない範囲で過ごしてみてください。

※急に腕が上がらなくなった、強い痛みが続く、手にしびれや力の入りにくさがある場合は、早めに整形外科を受診してください。

岐阜県瑞穂市（穂積駅）で肩の痛みの原因が気になる方は、みつむら接骨院へご相談ください。腱板損傷と四十肩・五十肩の違いは下記の記事でも詳しく解説しています。"
zutsu-basho-A,141,頭痛,A,頭痛は場所でわかる？痛む位置別の種類｜岐阜県瑞穂市,https://www.058-327-7771.net/zutsu-basho/,2026-07-31,"岐阜県瑞穂市（穂積駅）で頭痛にお悩みの方へ。こめかみ、後頭部、目の奥など、痛む場所が日によって違うと、何が原因なのか不安になりますよね。

こんなお悩みはありませんか？
・頭の片側だけがズキズキと脈打つように痛む
・後頭部から首の付け根にかけて重苦しい
・痛む場所が変わり、原因が分からない

頭痛は痛む場所やパターンから、緊張型頭痛や片頭痛といったタイプが推測されることがあると考えられます。ただし場所だけで原因は決められず、検査が必要な頭痛も含まれます。気になる頭痛が続くときは、まず医療機関で相談してください。

当院では診断は行いません。医療機関での確認を前提に、首肩まわりの筋肉の状態や姿勢、体の使い方を確認し、負担を整える補完的なサポートを行っています。

自宅では、痛む場所・時間帯・きっかけをメモしておくと、受診時にも役立ちます。

※突然の激しい頭痛、ろれつが回らない、手足の麻痺やしびれ、物が二重に見える、発熱と首の硬直を伴う場合は、すぐに救急や医療機関を受診してください。

岐阜県瑞穂市（穂積駅）で頭痛の場所や種類にお悩みの方は、みつむら接骨院へご相談ください。位置別の頭痛の種類は下記の記事でも詳しく解説しています。"
sokuwan-yattewaikenai-A,81,側弯症,A,側弯症でやってはいけないこと｜瑞穂市の日常生活の注意点,https://www.058-327-7771.net/sokuwan-yattewaikenai/,2026-07-30,"岐阜県瑞穂市（穂積駅）で側弯症の日常生活の注意点にお悩みの方へ。「何か悪いことをしているのでは」と不安になりますよね。

こんなお悩みはありませんか？
・何を避ければいいのか分からない
・姿勢を気にしすぎて疲れてしまう
・お子さんの背中の左右差が気になる

側弯症は背骨が横にねじれながら曲がる状態で、多くは原因がはっきりしないと言われています。日常の癖が原因と決めつけられるものではなく、「これをしたから曲がった」と自分を責める必要はないと考えられます。

背骨の曲がり具合の評価や経過観察、装具の要否は整形外科の役割です。みつむら接骨院では、曲がりそのものを治すことはできませんが、周囲の筋肉の緊張や姿勢、体の使い方を整える補完的なサポートを行っています。

自宅では、長時間同じ姿勢を続けず、こまめに体を動かすことを意識してみてください。

※強い背部痛、息苦しさ、手足のしびれ、短期間での急な変化がある場合は、早めに整形外科を受診してください。

岐阜県瑞穂市（穂積駅）で側弯症の日常生活に不安がある方は、みつむら接骨院へご相談ください。注意点は下記の記事でも詳しく解説しています。"
zakotsu-yattewaikenai-A,1,坐骨神経痛,A,坐骨神経痛でやってはいけないこと｜岐阜県瑞穂市の悪化予防,https://www.058-327-7771.net/zakotsu-yattewaikenai/,2026-07-24,"岐阜県瑞穂市（穂積駅）で坐骨神経痛にお悩みの方へ。痛みが続くと、何をしてよくて何がいけないのか迷いますよね。

こんなお悩みはありませんか？
・良かれと思って強いストレッチをしている
・痛いのに長時間座りっぱなしの日が多い
・重い物を持つたびに脚へ響く

坐骨神経痛は病名ではなく症状の総称で、背景に椎間板ヘルニアなどが隠れていることがあります。無理に腰を反らす、痛みをこらえて動き続けるといった習慣が負担を増やす場合もあると考えられます。まずは整形外科で画像を確認しておくと安心です。

当院では診断は行わず、医療機関での確認を前提に、姿勢や筋肉の緊張、体の使い方を整える補完的なサポートを行っています。

自宅では、痛みが強まる動きを一時的に控え、楽な姿勢を探すところから始めてみてください。

※足に力が入らない、排尿・排便がしにくいといった症状があるときは、すぐに整形外科を受診してください。

岐阜県瑞穂市（穂積駅）で坐骨神経痛の悪化を防ぎたい方は、みつむら接骨院へご相談ください。やってはいけないことは下記の記事でも詳しく解説しています。"
soccer-kokansetsu-A,173,サッカー,A,サッカーで股関節・鼠径部が痛い｜瑞穂市の接骨院,https://www.058-327-7771.net/soccer-kokansetsu/,2026-07-31,"岐阜県瑞穂市（穂積駅）でサッカー中の股関節・鼠径部の痛みにお悩みの方へ。キックやダッシュのたびに違和感が出ると、プレーに集中しづらいですよね。

こんなお悩みはありませんか？
・インサイドキックや切り返しで足の付け根が痛む
・練習後や翌朝に股関節まわりが重い
・休むと軽くなるが、再開すると痛みが戻る

股関節や鼠径部は、内ももの筋肉、腹部、骨盤、股関節が連動して働くため、痛みの原因が一か所とは限らないと考えられます。キックの繰り返しや、体幹・股関節の使い方のアンバランスが背景にあることもあります。痛みが強い、長引く場合は、整形外科での検査をおすすめします。

みつむら接骨院では、診断は医療機関の役割としたうえで、骨盤や股関節まわりの筋肉の状態や動き方を確認し、負担を減らす補完的なサポートを行います。

ご自宅では、痛みが出るキックや動作を一時的に控え、無理のない範囲で股関節まわりを温めてみてください。

※歩くだけで強く痛む、脚に力が入らない、発熱を伴う場合は、早めに医療機関を受診してください。

岐阜県瑞穂市（穂積駅）で股関節・鼠径部の痛みでお悩みのサッカー選手は、みつむら接骨院へご相談ください。原因と対処の考え方は下記の記事でも詳しく解説しています。"
suberi-yattewaikenai-A,105,すべり症・分離症,A,すべり症でやってはいけないこと｜岐阜・瑞穂市の日常の注意点,https://www.058-327-7771.net/suberi-yattewaikenai/,2026-07-30,"岐阜県瑞穂市（穂積駅）ですべり症にお悩みの方へ。腰の痛みや違和感があると、何をしてよいか、何を避けるべきか迷いますよね。

こんなお悩みはありませんか？
・腰を反らすと痛みが強くなる
・長く立っていると腰がだるく重くなる
・歩くとお尻や脚に違和感が出ることがある

すべり症は、腰の骨（椎骨）が前方にずれた状態を指し、背骨の安定性が低下していることが背景にあると考えられます。腰を強く反らす動作、重い物を勢いよく持ち上げる動作、ひねりを伴う動作は負担が増えやすいとされています。診断や程度の評価は、レントゲン等による整形外科での検査が必要です。

みつむら接骨院では、診断は医療機関の役割と考えたうえで、姿勢や股関節まわり・お尻の筋肉の使い方を整える補完的なサポートを行っています。

ご自宅では、立つときに反り腰になっていないか意識し、腰を丸めすぎない楽な姿勢を探してみてください。

※足の脱力、排尿・排便のトラブル、脚の強いしびれが出た場合は、すぐに整形外科を受診してください。

岐阜県瑞穂市（穂積駅）ですべり症の日常の注意点を知りたい方は、みつむら接骨院へご相談ください。詳しくは下記の記事でも解説しています。"
gikkuri-senaka-A,353,バレー＋一般症状,A,ぎっくり背中の原因と急な痛みへの対処｜岐阜県瑞穂市,https://www.058-327-7771.net/gikkuri-senaka/,2026-10-16,"岐阜県瑞穂市（穂積駅）でぎっくり背中にお悩みの方へ。急に背中に鋭い痛みが走り、息を吸うのもつらいと、不安になりますよね。

こんなお悩みはありませんか？
・物を持ち上げた拍子に背中がピキッと痛んだ
・深呼吸や寝返りで背中や肩甲骨まわりが痛い
・動くと痛いので姿勢を変えるのがこわい

ぎっくり背中は、背中や肩甲骨まわりの筋肉や関節に急な負担がかかって起こると考えられています。長時間の同じ姿勢や疲労の蓄積、急なひねりなどが背景になることがあります。

当院では診断は行いませんが、痛みの出方や動きを確認し、必要に応じて医療機関の受診をおすすめしたうえで、背中や首肩まわりの筋肉を整える補完的なサポートを行います。

ご自宅では、痛みの出にくい楽な姿勢を探して安静にしすぎず、動ける範囲で過ごしてみてください。

※安静にしても治まらない強い痛み、胸の締めつけ、息苦しさ、冷や汗、発熱、しびれがある場合は内臓の病気の可能性もあるため、内科や医療機関を受診し、症状が強いときは救急要請をしてください。

岐阜県瑞穂市（穂積駅）で背中の急な痛みの方は、みつむら接骨院へご相談ください。ぎっくり背中は下記の記事でも詳しく解説しています。"
gojukata-kikan-A,61,五十肩,A,五十肩はいつ治る？期間の目安と時期別の過ごし方｜岐阜・瑞穂,https://www.058-327-7771.net/gojukata-kikan/,2026-07-30,"岐阜県瑞穂市（穂積駅）で、五十肩がいつ落ち着くのか不安な方へ。「早く腕を上げられるようになりたい」というお気持ちはよく分かります。

こんなお悩みはありませんか？
・肩の痛みが何か月も続いている
・着替えや髪を結ぶ動作がつらい
・今の時期に何をすればよいか分からない

五十肩は、肩関節まわりの炎症や組織の硬さが関わると考えられています。痛みの強い時期、動かしにくさが目立つ時期、少しずつ動きが戻る時期と経過をたどることが多いと言われますが、期間には個人差が大きく、数か月から1年以上かかることもあります。腱板の損傷など別の原因が隠れている場合もあるため、診断や画像検査は整形外科の役割です。

当院では、柔道整復師が肩まわりの状態を確認し、首・肩甲骨・背中の筋肉や姿勢を整える補完的なサポートを行います。

ご自宅では、痛みの強い時期は無理に動かさず、痛みの出ない範囲で日常動作を続けることを意識してください。

※夜間の強い痛みが続く、急に腕がまったく上がらなくなった、胸の締めつけを伴う場合は、早めに医療機関を受診してください。

岐阜県瑞穂市（穂積駅）で五十肩の経過にお悩みの方は、みつむら接骨院へご相談ください。期間の目安と時期別の過ごし方は下記の記事でも詳しく解説しています。"
herunia-yattewaikenai-A,41,椎間板ヘルニア,A,椎間板ヘルニアでやってはいけないこと｜岐阜・瑞穂で悪化を防ぐ,https://www.058-327-7771.net/herunia-yattewaikenai/,2026-07-25,"岐阜県瑞穂市（穂積駅）で椎間板ヘルニアの悪化を防ぎたい方へ。「何をしてはいけないのか分からない」と不安になり、動くこと自体が怖くなっている方も多いのではないでしょうか。

こんなお悩みはありませんか？
・前かがみになると腰から脚に痛みが走る
・良かれと思って続けたストレッチで痛みが強まった気がする
・重い物を持つ場面や長時間の座り仕事が不安

椎間板ヘルニアは、背骨の間にある椎間板の一部が飛び出し、神経を刺激している状態と考えられています。前かがみの姿勢を長く続ける、重い物を勢いよく持ち上げる、痛みを我慢して腰をひねるといった動作は、負担が集まりやすいと言われています。診断や画像での確認、治療方針の決定は整形外科の役割です。

当院では、医療機関での診断を前提に、姿勢や筋肉の緊張、体の使い方を整える補完的なサポートを行っています。

自宅では、痛みが強まる姿勢を避けつつ、安静にしすぎず楽に動ける範囲で過ごすことが一つの目安です。

※足に力が入らない、強い麻痺、排尿・排便がうまくできないといった症状がある場合は、すぐに整形外科を受診してください。

岐阜県瑞穂市（穂積駅）で椎間板ヘルニアの悪化を防ぎたい方は、みつむら接骨院へご相談ください。やってはいけないことは下記の記事でも詳しく解説しています。"
kyosaku-yattewaikenai-stretch-A,21,脊柱管狭窄症,A,脊柱管狭窄症のストレッチで避けたい動き｜岐阜県瑞穂市,https://www.058-327-7771.net/kyosaku-yattewaikenai-stretch/,2026-07-24,"岐阜県瑞穂市（穂積駅）で、脊柱管狭窄症のストレッチについてお悩みの方へ。動かした方がよいのか、控えた方がよいのか、迷われる方は少なくありません。

こんなお悩みはありませんか？
・腰を反らすと足がしびれる気がする
・ネットで見たストレッチを試してよいか不安
・歩くと足が重くなり、休むと楽になる

脊柱管狭窄症は、背骨の中の神経の通り道が狭くなることで症状が出る状態で、腰を反らす姿勢で神経への圧迫が強まりやすいと考えられています。そのため、腰を大きく反らすストレッチや、反動をつけて勢いよく行う動きは、症状が強まる場合があります。

診断や治療方針の決定は整形外科など医療機関の役割です。当院では、検査を受けたうえで、姿勢・筋肉・体の使い方を整える補完的なサポートを行っています。

ご自宅では、痛みやしびれが出る動きは無理に続けず、腰を軽く丸めて楽な姿勢を探すことから始めてみてください。

※足に力が入らない、排尿や排便に異常があるといった症状は、すぐに整形外科など医療機関を受診してください。

岐阜県瑞穂市（穂積駅）で脊柱管狭窄症のストレッチに不安のある方は、みつむら接骨院へご相談ください。避けたい動かし方は下記の記事でも詳しく解説しています。"
gifu-yotsu-seitai-A,125,腰痛×岐阜ローカル,A,岐阜・瑞穂市で腰痛に整体は効く？選び方と受診の考え方,https://www.058-327-7771.net/gifu-yotsu-seitai/,2026-07-31,"岐阜県瑞穂市（穂積駅）で、腰痛に整体が合うのか迷っている方へ。つらい痛みが続くと、どこに相談すればよいのか分からなくなりますよね。

こんなお悩みはありませんか？
・整体に行くべきか病院に行くべきか決められない
・マッサージを受けても痛みが戻ってしまう
・腰痛の原因が自分では分からず不安

腰痛には、筋肉の緊張や姿勢の負担によるものだけでなく、椎間板や神経、内臓の病気が背景にあるものもあると考えられます。そのため、まず整形外科で状態を確認してもらうことが大切です。診断や治療方針の決定は医療機関の役割です。

みつむら接骨院では、検査で大きな異常が見つからなかった場合などに、姿勢・筋肉・体の使い方を丁寧に確認し、腰への負担を減らすお手伝いをしています。柔道整復師が施術を行い、医療機関を補う立場でサポートします。

自宅では、同じ姿勢を長く続けず、30分に一度は立ち上がって軽く体を動かしてみてください。

※発熱を伴う腰痛、安静でも治まらない強い痛み、足に力が入らない、排尿・排便の異常がある場合は、早めに医療機関を受診してください。

岐阜県瑞穂市（穂積駅）で腰痛の整体選びに迷う方は、みつむら接骨院へご相談ください。整体の選び方や受診の考え方は下記の記事でも詳しく解説しています。"
gasokuen-stretch-A,221,スポーツ障害一般,A,鵞足炎のストレッチ前に知りたい膝の痛みの考え方｜瑞穂市,https://www.058-327-7771.net/gasokuen-stretch/,2026-08-11,"岐阜県瑞穂市（穂積駅）で、鵞足炎のストレッチや膝の内側の痛みにお悩みの方へ。良かれと思って伸ばしているのに痛みが変わらないと、迷ってしまいますよね。

こんなお悩みはありませんか？
・ストレッチをしても膝の内側の痛みが取れない
・伸ばすと膝の内側の下がピリッと痛い
・どこをどれくらい伸ばせばよいか分からない

膝の内側の下には、太ももの筋肉の腱が集まっています。太もも裏や内側の筋肉の硬さ、股関節まわりの使い方の偏りが、負担の一因になると考えられます。痛い場所を強く伸ばすと、かえって刺激になることもあります。膝の内側の痛みには別の原因が隠れていることもあるため、続く場合は整形外科での検査をおすすめします。

みつむら接骨院では、診断は医療機関の役割という前提で、筋肉の硬さや動作のクセを確認し、無理のない伸ばし方をお伝えする補完的なサポートを行います。

自宅では、痛みが出ない範囲で、反動をつけずにゆっくり伸ばしてみてください。

※膝の腫れ、熱っぽさ、安静でも強く痛む、体重をかけにくい場合は、早めに医療機関を受診してください。

岐阜県瑞穂市（穂積駅）で膝の内側の痛みでお困りの方は、みつむら接骨院へご相談ください。ストレッチの考え方は下記の記事でも詳しく解説しています。"
hiji-naisoku-A,269,野球,A,肘の内側の痛み｜野球肘内側型・内側上顆炎の考え方 瑞穂市,https://www.058-327-7771.net/hiji-naisoku/,2026-09-04,"岐阜県瑞穂市（穂積駅）で肘の内側の痛みにお悩みの方へ。腕を振るたびに痛むと、投げること自体が怖くなってしまいますよね。

こんなお悩みはありませんか？
・腕を振り出す瞬間に肘の内側が痛む
・肘の内側の出っ張りを押すと痛い
・投げ終わった後も内側に違和感が残る

肘の内側の痛みは、投球で内側が引っ張られる負担が繰り返されることで起こると考えられています。成長期では骨の端にある成長軟骨に負担がかかることがあり、大人では腱や靭帯まわりの炎症が関わることもあります。原因の見極めには整形外科での検査が大切です。

診断や治療方針の決定は医療機関の役割です。みつむら接骨院では、診断を受けたうえで、前腕の筋肉の緊張や肩甲骨・股関節の動き、投球時の体の使い方を整える補完的なサポートを行います。

ご自宅では、痛みがあるうちは投げる量を減らし、前腕の内側を軽くさすって力を抜く時間をつくってみてください。

※強い痛み、しびれ、肘の動きの制限があるときは、早めに整形外科を受診してください。

岐阜県瑞穂市（穂積駅）で肘の内側の痛みの方は、みつむら接骨院へご相談ください。肘の内側の痛みは下記の記事でも詳しく解説しています。"
kenban-dansetsu-A,313,肩腱板・神経・腱鞘炎・打撲骨折,A,腱板断裂の症状と手術の判断｜肩が上がらない方へ（岐阜・瑞穂）,https://www.058-327-7771.net/kenban-dansetsu/,2026-09-26,"岐阜県瑞穂市（穂積駅）で肩が上がらない、腱板断裂かもしれないとお悩みの方へ。「手術が必要なのか」と不安を抱えている方も多いと思います。

こんなお悩みはありませんか？
・腕を横から上げようとすると途中で力が抜ける
・夜間に肩がズキズキして眠りにくい
・肩を動かすとゴリゴリした感じがある

腱板断裂は、肩の奥の腱が部分的または完全に切れた状態を指し、加齢による傷みや転倒などの外傷が背景になることがあります。ただし、切れていても痛みの程度は人により異なり、手術が必要かどうかは断裂の大きさや年齢、生活での困りごとなどをふまえて判断されると考えられます。

診断と手術の判断は整形外科医の役割です。当院（柔道整復師が施術）では、診断を受けたうえで、医師の方針に沿って肩まわりの筋肉や姿勢、体の使い方を整える補完的なサポートを行います。

ご自宅では、痛い側の腕を無理に持ち上げたり、重い物を持ったりしないよう意識してください。

※転倒や打撲の後に急に腕が上がらなくなった、強い痛みやしびれ、腕の脱力がある場合は、早めに整形外科を受診してください。

岐阜県瑞穂市（穂積駅）で肩が上がらないことでお困りの方は、みつむら接骨院へご相談ください。腱板断裂と手術の判断は下記の記事でも詳しく解説しています。"
soccer-nenza-A,175,サッカー,A,サッカーの足首捻挫を早く治すには｜瑞穂市の接骨院,https://www.058-327-7771.net/soccer-nenza/,2026-07-31,"岐阜県瑞穂市（穂積駅）でサッカーの足首の捻挫にお悩みの方へ。早く復帰したい気持ちと、また捻るのではという不安の間で迷っていませんか。

こんなお悩みはありませんか？
・捻った直後から足首が腫れて体重をかけにくい
・何度も同じ足首を捻ってしまう
・痛みが引いても、走ると違和感が残る

足首の捻挫は、靭帯などが引き伸ばされたり傷ついたりする怪我で、程度によって回復の目安は大きく異なると考えられます。骨折を伴うこともあるため、腫れや痛みが強い場合はレントゲンなどの検査が大切です。復帰の判断は医師の役割になります。

みつむら接骨院では、診断は医療機関の役割としたうえで、足首・ふくらはぎ・股関節の動きやバランス、体の使い方を確認し、再発しにくい体づくりを補完的にサポートします。

ご自宅では、直後は無理に動かさず、冷却・圧迫・足を高くして休むことを意識してください。

※体重をかけられない、足首やくるぶしを押すと強く痛む、変形がある場合は骨折の可能性があります。すぐ整形外科を受診してください。

岐阜県瑞穂市（穂積駅）で足首の捻挫にお悩みの方は、みつむら接骨院へご相談ください。応急処置と復帰の目安は下記の記事でも詳しく解説しています。"
gikkuri-senaka-naoshikata-A,355,バレー＋一般症状,A,ぎっくり背中で楽になる過ごし方｜岐阜県瑞穂市の接骨院,https://www.058-327-7771.net/gikkuri-senaka-naoshikata/,2026-10-17,"岐阜県瑞穂市（穂積駅）でぎっくり背中の過ごし方にお悩みの方へ。早く楽になりたい気持ちと、動くのがこわい気持ちの間で迷いますよね。

こんなお悩みはありませんか？
・急な背中の痛みで、どう過ごせばよいか分からない
・寝ていても起き上がるときに痛みが走る
・仕事や家事をどこまで続けてよいか不安

急な背中の痛みは、筋肉や関節への負担が背景にあると考えられますが、原因は一つとは限りません。痛みの程度や経過によっては、整形外科などで確認してもらうことが安心につながります。

当院では診断や治療方針の決定は行わず、医療機関の判断を尊重しながら、背中まわりの筋肉のこわばりや姿勢、動作のクセを確認し、体を整える補完的なサポートを行います。

ご自宅では、痛みの出にくい姿勢で休み、動ける範囲で少しずつ日常動作を続けてみてください。強く揉んだり、無理に伸ばしたりするのは控えましょう。

※安静にしても治まらない強い痛み、胸の痛み、息苦しさ、冷や汗、発熱がある場合は内臓の病気の可能性があるため、内科など医療機関の受診や救急要請をしてください。

岐阜県瑞穂市（穂積駅）でぎっくり背中の過ごし方にお悩みの方は、みつむら接骨院へご相談ください。詳しい過ごし方は下記の記事でも解説しています。"
zutsu-kiatsu-A,143,頭痛,A,低気圧で頭痛がする原因｜天気痛の仕組み｜岐阜県瑞穂市,https://www.058-327-7771.net/zutsu-kiatsu/,2026-07-31,"岐阜県瑞穂市（穂積駅）で、雨の日や台風前の頭痛にお悩みの方へ。天気が崩れるたびに頭が重くなると、予定も立てにくくつらいものです。

こんなお悩みはありませんか？
・雨の前日や台風の接近前に頭が痛くなる
・低気圧の日はだるさやめまいも重なる
・天気予報を見るだけで気が重くなる

気圧の変化が体の感覚器や自律神経に影響し、頭痛の一因になることがあると考えられています。ただし、気圧だけでなく、首肩のこわばりや睡眠の乱れ、片頭痛の素因などが重なっているケースもあります。頭痛が強い、頻繁に起こるといった場合は、医療機関での相談が大切です。

当院では診断は行わず、首肩まわりの筋肉の緊張や姿勢、呼吸のしやすさなどを確認し、体を整える補完的なサポートを行っています。

自宅では、天気の崩れる前に首肩を温め、睡眠時間と水分をしっかり確保しておくのがおすすめです。

※突然の激しい頭痛、ろれつが回らない、手足の麻痺やしびれ、物が二重に見える、発熱と首の硬直を伴う場合は、すぐに救急や医療機関を受診してください。

岐阜県瑞穂市（穂積駅）で天気痛や低気圧による頭痛にお悩みの方は、みつむら接骨院へご相談ください。仕組みと対策は下記の記事でも詳しく解説しています。"
jumper-hiza-A,223,スポーツ障害一般,A,ジャンパー膝とは？膝のお皿の下の痛みの原因｜岐阜県瑞穂市,https://www.058-327-7771.net/jumper-hiza/,2026-08-12,"岐阜県瑞穂市（穂積駅）で、ジャンパー膝（膝蓋腱炎）による膝のお皿の下の痛みにお悩みの方へ。ジャンプやダッシュのたびに痛むと、練習に集中しにくいですよね。

こんなお悩みはありませんか？
・膝のお皿の下を押すと痛い
・ジャンプや着地、階段で痛みが出る
・練習後や翌朝に膝の前がこわばる

ジャンパー膝は、膝のお皿の下の腱に繰り返し負担がかかることで起こると考えられます。太ももの前の筋肉の硬さや、着地の使い方、練習量の増加などが背景になることがあります。似た症状に成長期の骨の痛みなどもあるため、痛みが続く場合は整形外科での検査をおすすめします。

みつむら接骨院では、診断は医療機関の役割という前提で、太ももやお尻の筋肉の状態、着地やジャンプの動作のクセを確認し、膝への負担を減らす補完的なサポートを行います。

自宅では、練習後に太ももの前を痛みのない範囲でゆるめ、痛みが強い日は跳ぶ動作を控えめにしてみてください。

※膝が腫れる、力が入らず膝が伸ばせない、安静でも強く痛む場合は、早めに医療機関を受診してください。

岐阜県瑞穂市（穂積駅）で膝の痛みでお困りの方は、みつむら接骨院へご相談ください。ジャンパー膝は下記の記事でも詳しく解説しています。"
soccer-nenza-yobo-A,177,サッカー,A,サッカーの捻挫予防｜テーピングの考え方を瑞穂市で,https://www.058-327-7771.net/soccer-nenza-yobo/,2026-07-31,"岐阜県瑞穂市（穂積駅）でサッカーの捻挫予防にお悩みの方へ。繰り返し足首を捻ってしまうと、テーピングやサポーターに頼ってよいのか気になりますよね。

こんなお悩みはありませんか？
・過去に捻挫して以来、足首に不安がある
・試合前にテーピングやサポーターを使うか迷う
・巻いていても、また捻ってしまった

テーピングやサポーターは、足首の動きを補助して不安感を和らげるものであり、治療ではありません。捻挫を繰り返す背景には、足首の柔軟性、ふくらはぎや股関節の硬さ、片足でのバランス、着地やターンの体の使い方などが関わると考えられます。強い痛みや不安定感がある場合は整形外科での検査をおすすめします。

みつむら接骨院では、診断は医療機関の役割としたうえで、足首まわりの状態や体の使い方を確認し、補助具に頼りすぎない体づくりを補完的にサポートします。

ご自宅では、片足立ちで数十秒バランスを保つ練習を、安全な場所で試してみてください。

※捻ったあと体重をかけられない、強く腫れる、変形がある場合は、プレーを中止して整形外科へ。

岐阜県瑞穂市（穂積駅）で捻挫予防を考える方は、みつむら接骨院へご相談ください。テーピング・サポーターの考え方は下記の記事でも詳しく解説しています。"
yakyu-hiji-gaisoku-A,271,野球,A,野球肘の外側型｜離断性骨軟骨炎に注意したい理由 瑞穂市,https://www.058-327-7771.net/yakyu-hiji-gaisoku/,2026-09-05,"岐阜県瑞穂市（穂積駅）で野球肘の外側の痛みが気になる方へ。痛みが軽いと、つい様子を見てしまいますよね。

こんなお悩みはありませんか？
・肘の外側に違和感や軽い痛みがある
・肘が完全に伸びきらない気がする
・投げても痛みが少ないので放置している

野球肘の外側型では、離断性骨軟骨炎という状態が関わることがあります。これは肘の骨と軟骨に負担が集中して起こると考えられており、初期は痛みが少ないまま進む場合があるため、早期発見が大切とされています。エコーなどの検診で見つかることもあります。

画像での確認や治療方針、投球の中止や再開の判断は整形外科の役割です。みつむら接骨院では、医療機関で診断を受けたうえで、投球を支える肩甲骨・股関節・体幹の使い方を整える補完的なサポートを行います。

ご自宅では、肘の外側に違和感があるときは投球を控え、早めの受診を意識してください。

※強い痛み、肘の引っかかりや動かない感じ、しびれがあるときは、すぐに整形外科を受診してください。

岐阜県瑞穂市（穂積駅）で野球肘外側型が気になる方は、みつむら接骨院へご相談ください。外側型は下記の記事でも詳しく解説しています。"
nechigae-A,357,バレー＋一般症状,A,寝違えで首が痛い朝に｜岐阜県瑞穂市での対処と相談の目安,https://www.058-327-7771.net/nechigae/,2026-10-18,"岐阜県瑞穂市（穂積駅）で寝違えにお悩みの方へ。朝起きたら首が回らない、痛くて振り向けないと、一日の始まりから憂うつですよね。

こんなお悩みはありませんか？
・朝起きると首や肩のあたりが痛くて動かせない
・片側にだけ首を向けにくい
・枕や寝る姿勢が合っているか気になる

寝違えは、寝ている間の不自然な姿勢で首や肩まわりの筋肉に負担がかかることで起こると考えられています。疲れや冷え、普段の姿勢が背景にあることもあります。ただし、首の痛みには別の原因が隠れている場合もあるため、痛みが強いときや長引くときは整形外科での確認が大切です。

当院では診断は行いませんが、首や肩の筋肉の緊張、姿勢を確認し、必要に応じて医療機関をすすめたうえで補完的にサポートします。

ご自宅では、首を無理に回したり強く揉んだりせず、痛みの出にくい範囲で肩をすくめる程度の動きから始めてみてください。

※手足のしびれや麻痺、ろれつが回らない、突然の激しい頭痛、発熱と首の硬直がある場合は、すぐに救急要請や医療機関を受診してください。

岐阜県瑞穂市（穂積駅）で寝違えの方は、みつむら接骨院へご相談ください。寝違えは下記の記事でも詳しく解説しています。"
sokuwan-genin-A,83,側弯症,A,側弯症の原因は？分かっていること・いないこと｜岐阜・瑞穂,https://www.058-327-7771.net/sokuwan-genin/,2026-07-30,"岐阜県瑞穂市（穂積駅）で側弯症の原因にお悩みの方へ。「なぜ自分（うちの子）だけ」と考えてしまう気持ち、よく分かります。

こんなお悩みはありませんか？
・原因が分からず不安が続いている
・姿勢や生活習慣のせいではと自分を責めている
・遺伝するのか気になる

側弯症には、生まれつきの背骨の形の違いによるもの、神経や筋肉の病気に伴うもの、加齢による変化で起こるものなどがあります。思春期に見つかる側弯症の多くは原因がはっきりしないとされ、姿勢や習慣だけで起こるとは言えないと考えられます。

原因の特定や曲がりの評価は、レントゲン検査などができる整形外科の役割です。みつむら接骨院は診断を行う場ではなく、周囲の筋肉や姿勢のバランスを整える補完的なサポートを担います。

ご家庭では、背中の左右差に気づいたら記録を残し、受診時に伝えるとスムーズです。

※強い背部痛、息苦しさ、手足のしびれ、急な進行がある場合は整形外科を受診してください。

岐阜県瑞穂市（穂積駅）で側弯症の原因や不安を相談したい方は、みつむら接骨院へご相談ください。原因については下記の記事でも詳しく解説しています。"
kenban-rehab-A,315,肩腱板・神経・腱鞘炎・打撲骨折,A,腱板断裂のリハビリと保存療法の考え方｜岐阜県瑞穂市,https://www.058-327-7771.net/kenban-rehab/,2026-09-27,"岐阜県瑞穂市（穂積駅）で腱板断裂のリハビリについてお悩みの方へ。「手術以外の方法で過ごしたいが、何をすればよいのか」と迷う方も多いと思います。

こんなお悩みはありませんか？
・保存療法と言われたが、リハビリの進め方が分からない
・肩を動かしてよいのか不安
・仕事や趣味に戻れるのか心配

保存療法とは、手術をせずに痛みの軽減や肩の機能を保つことを目指す方法です。腱板が切れていても、周囲の筋肉や肩甲骨の動きを整えることで、日常生活が送りやすくなる方もいると考えられます。ただし、切れた腱が元通りになるとは限らず、方針は断裂の状態によって異なります。

治療方針や運動の範囲は整形外科医が決めます。当院（柔道整復師が施術）では、医師の方針を尊重しながら、肩甲骨まわりや背中、姿勢を整える併用サポートを行います。

ご自宅では、痛みが出ない範囲で肩甲骨をゆっくり動かすことから始めてみてください。

※リハビリ中に強い痛みが出る、夜の痛みが急に増す、腕の脱力やしびれが出た場合は、担当の整形外科へご相談ください。

岐阜県瑞穂市（穂積駅）で腱板断裂後の過ごし方に悩む方は、みつむら接骨院へご相談ください。保存療法と復帰の考え方は下記の記事でも詳しく解説しています。"
zakotsu-nanika-A,3,坐骨神経痛,A,坐骨神経痛は何科？病院と接骨院の使い分け｜岐阜県瑞穂市,https://www.058-327-7771.net/zakotsu-nanika/,2026-07-23,"岐阜県瑞穂市（穂積駅）で坐骨神経痛の受診先に迷っている方へ。お尻から脚の痛みで、どこに行けばよいか悩みますよね。

こんなお悩みはありませんか？
・整形外科と接骨院のどちらに行くべきか分からない
・病院で異常なしと言われたが痛みが残っている
・痛みの原因がはっきりしないまま過ごしている

坐骨神経痛は症状の総称で、椎間板ヘルニアや脊柱管狭窄症などが背景にあることがあります。原因の特定には、レントゲンやMRIなどの画像検査ができる整形外科での診察が役立ちます。診断と治療方針の決定は医療機関の役割です。

当院は柔道整復師が、検査後の姿勢や筋肉の緊張、体の使い方を整えるサポートを担います。まず整形外科、その上で補完的に接骨院という使い分けが考えられます。

自宅では、痛みが出る動作や時間帯をメモしておくと、受診時に伝えやすくなります。

※足に力が入らない、排尿・排便がしにくいといった症状があるときは、すぐに整形外科を受診してください。

岐阜県瑞穂市（穂積駅）で坐骨神経痛の相談先をお探しの方は、みつむら接骨院へご相談ください。受診先の考え方は下記の記事でも詳しく解説しています。"
soccer-nikubanare-A,179,サッカー,A,サッカーの肉離れ｜症状と目安を岐阜・瑞穂市で解説,https://www.058-327-7771.net/soccer-nikubanare/,2026-07-31,"岐阜県瑞穂市（穂積駅）でサッカーの肉離れにお悩みの方へ。ダッシュやキックの瞬間に太ももが痛むと、どのくらい休めばよいのか不安になりますよね。

こんなお悩みはありませんか？
・走っている最中に太ももの裏や前に突然痛みが走った
・ストレッチや踏ん張りで痛みが出る
・同じ場所を繰り返し痛めている

肉離れは、筋肉の一部が急に引き伸ばされて傷つく怪我と考えられ、太ももの裏、前、ふくらはぎなど部位ごとに特徴があります。回復の目安は程度によって大きく異なり、一律には言えません。程度の評価や、重い損傷が疑われる場合の検査は整形外科の役割です。

みつむら接骨院では、診断は医療機関の役割としたうえで、痛めた筋肉の状態、周囲の硬さ、体の使い方を確認し、負担を減らす補完的なサポートを行います。

ご自宅では、直後は動かしすぎず、冷却と安静を意識してください。痛みが強い間の無理なストレッチは控えましょう。

※強い腫れや内出血が広がる、筋肉のへこみを感じる、歩けないほど痛い場合は、早めに整形外科を受診してください。

岐阜県瑞穂市（穂積駅）で肉離れにお悩みの方は、みつむら接骨院へご相談ください。症状と部位別の特徴は下記の記事でも詳しく解説しています。"
suberi-chigai-A,107,すべり症・分離症,A,すべり症と脊柱管狭窄症の違い｜岐阜県瑞穂市で症状を整理,https://www.058-327-7771.net/suberi-chigai/,2026-07-30,"岐阜県瑞穂市（穂積駅）で、すべり症と脊柱管狭窄症の違いが気になる方へ。病院で言われた名前が似ていて、混乱している方も多いようです。

こんなお悩みはありませんか？
・腰痛と脚のしびれの両方がある
・歩くと脚が重くなり、休むと楽になる
・診断名の意味がよく分からない

すべり症は骨のずれを示す言葉で、脊柱管狭窄症は神経の通り道が狭くなった状態を指します。すべり症が背景となって脊柱管が狭くなる場合もあり、両方が関係していることもあると考えられます。どちらに当たるかは、レントゲンやMRIなどによる整形外科での診断が必要です。

みつむら接骨院では、診断は医療機関の役割としたうえで、腰まわりの筋肉や姿勢、体の使い方を整える補完的なサポートを行っています。

ご自宅では、痛みが出る姿勢や歩く距離をメモしておくと、受診時に医師へ伝えやすくなります。

※足の脱力、排尿・排便のトラブルがある場合は、すぐに整形外科を受診してください。

岐阜県瑞穂市（穂積駅）で腰と脚の症状の違いを整理したい方は、みつむら接骨院へご相談ください。違いは下記の記事でも詳しく解説しています。"
nechigae-stretch-A,359,バレー＋一般症状,A,寝違えを繰り返す方へ｜岐阜県瑞穂市の首肩ストレッチと予防,https://www.058-327-7771.net/nechigae-stretch/,2026-10-19,"岐阜県瑞穂市（穂積駅）で寝違えを繰り返す方へ。またやってしまった、と首をかばいながら過ごすのはつらいですよね。

こんなお悩みはありませんか？
・寝違えを何度も繰り返している
・デスクワークやスマホで首肩が重い
・ストレッチのやり方が合っているか不安

寝違えを繰り返す背景には、猫背や前かがみの姿勢による首肩の筋肉の緊張、睡眠中の姿勢、疲れの蓄積などが関係すると考えられます。首の痛みが強い時期のストレッチは逆効果になる場合もあるため、痛みが落ち着いてから行うのが目安です。

当院では診断は行わず、首から肩甲骨、背中にかけての動きや姿勢を確認し、必要に応じて医療機関をすすめたうえで、補完的に体を整えるサポートを行います。

ご自宅では、痛みのない範囲で肩甲骨を軽く動かすことから始めましょう。反動をつけたり、痛みを我慢したりしないことが大切です。

※手足のしびれや麻痺、ろれつが回らない、突然の激しい頭痛、発熱と首の硬直がある場合は、すぐ救急要請や医療機関を受診してください。

岐阜県瑞穂市（穂積駅）で寝違えを繰り返す方は、みつむら接骨院へご相談ください。ストレッチは下記の記事でも詳しく解説しています。"
gojukata-isshun-A,63,五十肩,A,五十肩を一瞬で治す方法は？広告表現の見方｜岐阜・瑞穂,https://www.058-327-7771.net/gojukata-isshun/,2026-07-30,"岐阜県瑞穂市（穂積駅）で、「五十肩が一瞬で治る」という言葉が気になっている方へ。早く楽になりたいからこそ、本当かどうか迷われますよね。

こんなお悩みはありませんか？
・「一瞬で」「即効」という広告が気になる
・何を信じてよいか分からない
・強く動かせば早く良くなる気がしている

五十肩は、肩関節まわりの炎症や組織の硬さが関わる経過をたどると考えられています。そのため、一度の操作で状態が決まるとは言い切れません。むしろ、強い矯正や無理に動かす操作で痛みが増してしまうこともあります。腱板断裂など別の原因の鑑別も含め、診断や画像検査は整形外科の役割です。

当院では「一瞬で治す」といったご案内はしていません。柔道整復師が肩の状態を確認し、首や肩甲骨まわりの筋肉、姿勢や体の使い方を穏やかに整える補完的なサポートを行っています。

ご自宅では、時期に合わせて痛みの出ない範囲で動かすことを基本にしてください。

※夜間の強い痛みが続く、腕に力が入らない、発熱を伴う場合は、早めに医療機関を受診してください。

岐阜県瑞穂市（穂積駅）で五十肩の対処法にお悩みの方は、みつむら接骨院へご相談ください。広告表現との付き合い方は下記の記事でも詳しく解説しています。"
herunia-ng-stretch-A,43,椎間板ヘルニア,A,椎間板ヘルニアでやってはいけないストレッチ｜瑞穂市の接骨院,https://www.058-327-7771.net/herunia-ng-stretch/,2026-07-25,"岐阜県瑞穂市（穂積駅）で椎間板ヘルニアのストレッチに迷っている方へ。「伸ばせば楽になるはず」と続けているうちに、かえって痛みが強まってしまうことがあります。

こんなお悩みはありませんか？
・腰を丸めて膝を抱えるストレッチで脚の痛みが強まる
・前屈や体をひねる動きでしびれが出る
・動画を見てやっているが、合っているのか分からない

椎間板ヘルニアでは、痛みが出る方向や時期によって、合う動きと避けたい動きが異なると考えられています。たとえば強い前屈や反動をつけた動き、痛みを我慢して伸ばす動作は、神経への刺激を強めるおそれがあります。どの動きが適しているかは、整形外科での診察や画像での確認を踏まえて判断するのが安心です。

当院では、医療機関での診断を前提に、腰だけでなく股関節や背中の硬さ、動き方のクセを確認し、無理のない範囲で体を整えるサポートを行っています。

自宅では、痛みやしびれが増す動きはすぐに中止してください。

※足に力が入らない、強い麻痺、排尿・排便がうまくできないといった症状がある場合は、すぐに整形外科を受診してください。

岐阜県瑞穂市（穂積駅）でヘルニアのストレッチに迷う方は、みつむら接骨院へご相談ください。安全なケアとの違いは下記の記事でも詳しく解説しています。"
chokei-jintaien-A,225,スポーツ障害一般,A,腸脛靭帯炎（ランナー膝）とは？膝の外側の痛み｜岐阜県瑞穂市,https://www.058-327-7771.net/chokei-jintaien/,2026-08-13,"岐阜県瑞穂市（穂積駅）で、腸脛靭帯炎（ランナー膝）による膝の外側の痛みにお悩みの方へ。走り出して少しすると痛むと、距離を伸ばせず悔しいですよね。

こんなお悩みはありませんか？
・走っていると膝の外側が痛くなる
・下り坂や階段で膝の外側に痛みが出る
・休むと治まるが、走るとまた痛む

腸脛靭帯は、太ももの外側から膝の外側につながる組織です。走る量の急な増加、お尻や太ももの外側の筋肉の硬さ、着地時の膝や骨盤の動きなどが負担につながると考えられます。膝の外側の痛みには半月板などの問題が隠れることもあるため、続く場合は整形外科での検査をおすすめします。

みつむら接骨院では、診断は医療機関の役割という前提で、お尻や太ももの筋肉の状態、立ち方や走り方のクセを確認し、膝への負担を減らす補完的なサポートを行います。

自宅では、走った後にお尻と太ももの外側を痛みのない範囲でゆっくり伸ばしてみてください。

※膝が腫れる、引っかかって動かない、安静でも強く痛む、体重をかけられない場合は、早めに医療機関を受診してください。

岐阜県瑞穂市（穂積駅）で膝の外側の痛みでお困りの方は、みつむら接骨院へご相談ください。腸脛靭帯炎は下記の記事でも詳しく解説しています。"
little-league-hiji-A,273,野球,A,リトルリーグ肘とは？成長期の投球による肘の痛み 瑞穂市,https://www.058-327-7771.net/little-league-hiji/,2026-09-06,"岐阜県瑞穂市（穂積駅）で、お子さんの肘の痛みが気になる保護者の方へ。野球が好きな子ほど痛みを言い出せないことがありますよね。

こんなお悩みはありませんか？
・投げた後に肘を気にする様子がある
・肘の内側を押すと痛がる
・最近ボールが投げにくそう

リトルリーグ肘は、成長期の子どもの肘に見られる投球障害の総称として使われる呼び名です。骨の端にある成長軟骨は大人より弱く、投球の繰り返しで負担がかかりやすいと考えられています。痛みの程度と骨の状態はかならずしも一致しないため、整形外科での確認が大切です。

診断や投球の休止・再開の判断は医師の役割です。みつむら接骨院では、診断を受けたうえで、股関節・体幹・肩甲骨など体の使い方を整える補完的なサポートを行います。

ご自宅では、痛みを聞き取りやすい声かけを心がけ、痛みがあるうちは投げさせないことを意識してみてください。

※強い痛み、腫れ、しびれ、肘が動かしにくいときは、早めに整形外科を受診してください。

岐阜県瑞穂市（穂積駅）で成長期の肘の痛みの方は、みつむら接骨院へご相談ください。リトルリーグ肘は下記の記事でも詳しく解説しています。"
kyosaku-teokure-A,23,脊柱管狭窄症,A,脊柱管狭窄症を放置していい？進行サインと相談目安,https://www.058-327-7771.net/kyosaku-teokure/,2026-07-24,"岐阜県瑞穂市（穂積駅）で、脊柱管狭窄症を放置してよいのか不安な方へ。「年のせい」と我慢しているうちに、症状が変わってきたと感じる方もいらっしゃいます。

こんなお悩みはありませんか？
・歩ける距離が少しずつ短くなってきた
・足のしびれや重さが以前より強い
・病院に行くほどか迷っている

脊柱管狭窄症は加齢による変化が背景にあることが多く、症状の経過には個人差があると考えられます。すべての方が悪化するわけではありませんが、症状の変化を見逃さないことが大切です。歩行距離の減少やしびれの範囲の広がりは、一度整形外科で確認しておきたいサインです。

診断と治療方針は医療機関が担います。当院は、検査後の日常生活に向けて、姿勢・筋肉・体の使い方を整える補完的なサポートを行います。

ご自宅では、歩ける距離や症状が出るまでの時間を簡単にメモしておくと、受診時にも役立ちます。

※足に力が入らない、排尿・排便の異常、会陰部のしびれがある場合は、すぐに医療機関を受診してください。

岐阜県瑞穂市（穂積駅）で、脊柱管狭窄症の進行が気になる方は、みつむら接骨院へご相談ください。進行サインと相談の目安は下記の記事でも詳しく解説しています。"
zutsu-kinchogata-A,145,頭痛,A,緊張型頭痛とは？締め付ける頭痛の原因｜岐阜県瑞穂市,https://www.058-327-7771.net/zutsu-kinchogata/,2026-07-31,"岐阜県瑞穂市（穂積駅）で、締め付けられるような頭痛にお悩みの方へ。夕方になると頭が重くなり、仕事や家事に集中できないこともあるのではないでしょうか。

こんなお悩みはありませんか？
・頭に帽子やバンドをかぶせられたように重い
・首や肩がいつもガチガチに張っている
・パソコンやスマホを見続けた日に悪化する

緊張型頭痛は、首肩や頭まわりの筋肉の緊張、長時間の同じ姿勢、ストレスなどが重なって起こると考えられています。ただし、頭痛にはほかの原因が隠れている場合もあるため、はじめての頭痛や、いつもと違う頭痛は医療機関での確認が大切です。

当院では診断は行いません。医療機関で問題がないと確認されたうえで、首肩の筋肉の状態、姿勢、日常動作の癖を確認し、負担を整える補完的なサポートを行っています。

自宅では、1時間に1回は姿勢を変え、首の後ろをやさしく温めてみてください。

※突然の激しい頭痛、ろれつが回らない、手足の麻痺やしびれ、物が二重に見える、発熱と首の硬直を伴う場合は、すぐに救急や医療機関を受診してください。

岐阜県瑞穂市（穂積駅）で緊張型頭痛にお悩みの方は、みつむら接骨院へご相談ください。原因とほぐし方は下記の記事でも詳しく解説しています。"
kata-yakantsu-genin-A,317,肩腱板・神経・腱鞘炎・打撲骨折,A,肩の夜間痛の原因は？眠れない痛みの考え方｜岐阜・瑞穂,https://www.058-327-7771.net/kata-yakantsu-genin/,2026-09-28,"岐阜県瑞穂市（穂積駅）で肩の夜間痛にお悩みの方へ。夜になると痛みが強まり、眠れない日が続くのはつらいものです。

こんなお悩みはありませんか？
・寝返りのたびに肩がうずいて目が覚める
・痛い側を下にして寝られない
・日中より夜のほうが痛みを強く感じる

夜間痛の背景には、四十肩・五十肩、腱板の傷み、石灰沈着、首の神経の影響など、いくつかの原因が考えられます。横になると肩まわりの血流や姿勢が変わり、痛みを感じやすくなるとも言われますが、原因を特定するには整形外科での診察や画像検査が大切です。

診断や治療方針の決定は医療機関の役割です。当院（柔道整復師が施術）では、検査で状態を確認していただいたうえで、肩や首、背中の筋肉、姿勢を整える補完的なサポートを行います。

ご自宅では、抱き枕やクッションで腕を支え、肩が引っ張られない姿勢を探してみてください。

※安静にしていても激しい痛みが続く、発熱を伴う、胸の痛みや冷や汗、息苦しさがある場合は、すぐに医療機関を受診してください。症状が強いときは救急要請も検討してください。

岐阜県瑞穂市（穂積駅）で肩の夜間痛にお悩みの方は、みつむら接骨院へご相談ください。夜眠れない肩の痛みは下記の記事でも詳しく解説しています。"
soccer-nikubanare-fukki-A,181,サッカー,A,サッカーの肉離れからの復帰｜再発が不安な方へ（瑞穂市）,https://www.058-327-7771.net/soccer-nikubanare-fukki/,2026-07-31,"岐阜県瑞穂市（穂積駅）でサッカーの肉離れからの復帰にお悩みの方へ。痛みが落ち着いても、全力で走るのが怖い気持ちはよく分かります。

こんなお悩みはありませんか？
・日常生活は問題ないが、ダッシュに不安がある
・復帰後に同じ場所をまた痛めてしまった
・リハビリで何をどこまで行えばよいか分からない

肉離れは治ったように感じても、筋肉の柔軟性や力の入り方、動きのバランスが元の状態に戻りきっていないと、再発しやすいと考えられます。復帰までの流れは、歩く、軽く走る、加速する、切り返すと段階的に進めることが一般的で、その判断は医師の役割です。

みつむら接骨院では、診断や復帰許可は医療機関の役割としたうえで、太もも・お尻・体幹の使い方、左右差を確認し、再発しにくい動き方を補完的にサポートします。

ご自宅では、痛みのない範囲でのウォーキングと、ゆっくりした動的ストレッチから始めてみてください。

※歩くだけで痛む、腫れや内出血がぶり返した場合は、無理をせず整形外科を受診してください。

岐阜県瑞穂市（穂積駅）で肉離れからの復帰を目指す方は、みつむら接骨院へご相談ください。リハビリの流れと再発予防は下記の記事でも詳しく解説しています。"
tsukiyubi-taping-A,361,バレー＋一般症状,A,突き指のテーピングで迷う方へ｜岐阜県瑞穂市の考え方,https://www.058-327-7771.net/tsukiyubi-taping/,2026-10-20,"岐阜県瑞穂市（穂積駅）で突き指のテーピングにお悩みの方へ。ボールなどで指を痛めたあと、固定したほうがよいのか、巻き方は合っているのか迷いますよね。

こんなお悩みはありませんか？
・指が腫れて、曲げ伸ばしがしづらい
・テーピングの巻き方や強さがわからない
・自己流で巻いてよいのか不安

突き指は、指の関節や靭帯に強い力がかかって起こると考えられており、軽い捻挫のこともあれば、骨折や脱臼が隠れていることもあります。見た目だけでは判断が難しいため、整形外科でのレントゲン確認が大切です。テーピングは動きを補助するもので、治療そのものではありません。

当院では診断や治療方針の決定は行わず、医療機関で確認を受けていただくことをおすすめしたうえで、指や手首の動きを整える補完的なサポートを行います。

ご自宅では、指を引っ張ったり無理に曲げ伸ばししたりせず、冷やして安静にしてみてください。

※指が曲がらない、変形している、強く腫れている、しびれがある場合は骨折や脱臼の疑いがあるため、早めに整形外科を受診してください。

岐阜県瑞穂市（穂積駅）で突き指の方は、みつむら接骨院へご相談ください。テーピングは下記の記事でも詳しく解説しています。"
hozumi-seitai-A,127,腰痛×岐阜ローカル,A,穂積駅周辺で整体を探す方へ｜腰痛の選び方と当院の考え,https://www.058-327-7771.net/hozumi-seitai/,2026-07-31,"岐阜県瑞穂市（穂積駅）で、腰痛に対応してくれる整体を探している方へ。通いやすさや口コミだけでは判断しにくく、迷われることも多いと思います。

こんなお悩みはありませんか？
・穂積駅周辺で整体を探しているが違いが分からない
・初めての場所で何をされるのか不安
・痛みの原因をきちんと説明してほしい

整体や接骨院を選ぶときは、施術前に痛みの経過や生活習慣を聞き取り、施術内容を説明してくれるかが一つの目安になると考えられます。また、腰痛の背景に椎間板や神経の問題が隠れている場合もあるため、必要に応じて整形外科での検査をすすめてくれるかも大切な視点です。

みつむら接骨院は、柔道整復師が姿勢・筋肉・体の使い方を確認し、腰への負担を整えるサポートを行います。診断や治療方針の決定は医療機関の役割と考え、必要な場合は受診をおすすめしています。

自宅では、痛みの出ない範囲で日常の動作を続け、腰まわりを冷やしすぎないようにしてみてください。

※発熱を伴う腰痛、安静でも治まらない強い痛み、足の脱力、排尿・排便のトラブルがある場合は、医療機関を受診してください。

岐阜県瑞穂市（穂積駅）で整体選びに迷う腰痛の方は、みつむら接骨院へご相談ください。選び方や当院の考えは下記の記事でも詳しく解説しています。"
zenjuji-jintai-A,227,スポーツ障害一般,A,前十字靭帯断裂とは？膝の大怪我の考え方｜岐阜県瑞穂市,https://www.058-327-7771.net/zenjuji-jintai/,2026-08-14,"岐阜県瑞穂市（穂積駅）で、前十字靭帯断裂かもしれない膝のケガや、断裂後の復帰にお悩みの方へ。膝がガクッと崩れる感覚があると、とても不安ですよね。

こんなお悩みはありませんか？
・着地や切り返しで膝を捻り、ブチッという感覚があった
・膝がガクッと外れるような不安定さがある
・膝が腫れて、思うように動かせない

前十字靭帯は、膝の中で脛の骨が前にずれないよう支える大切な靭帯で、ジャンプの着地や急な方向転換などで損傷することがあると考えられます。損傷の有無や程度の確認、手術を含む治療方針の決定は、整形外科医の役割です。受傷が疑われる場合は、まず整形外科での検査をおすすめします。

みつむら接骨院は、医師の診断を受けた後や術後のリハビリ期に、周囲の筋肉や動き方を整える併用サポートとして関わります。

自宅では、受傷直後は無理に動かさず、膝を安静にしてください。

※膝が急に腫れる、体重をかけられない、膝が伸びない、ガクッと崩れる場合は、早めに整形外科を受診してください。

岐阜県瑞穂市（穂積駅）で膝のケガや術後の動き方でお悩みの方は、みつむら接骨院へご相談ください。前十字靭帯断裂は下記の記事でも詳しく解説しています。"
yakyu-hiji-support-A,275,野球,A,野球肘のサポーターとテーピング｜役割と使い方 瑞穂市,https://www.058-327-7771.net/yakyu-hiji-support/,2026-09-07,"岐阜県瑞穂市（穂積駅）で野球肘のサポーターやテーピングが気になる方へ。痛みがあっても練習を続けたいと考えるほど、頼りたくなりますよね。

こんなお悩みはありませんか？
・サポーターをつければ投げられるのか知りたい
・テーピングで肘を固定してよいのか迷っている
・つけているのに痛みが変わらない

サポーターやテーピングは、肘の動きを補助したり、違和感を和らげる目的で使われることがあります。ただし治療そのものではなく、痛みの原因を取り除くものではないと考えられています。つけているから安心と考えて投げ続けると、状態が分かりにくくなるおそれがあります。

痛みの原因の確認や、投球の可否の判断は整形外科の役割です。みつむら接骨院では、診断を受けたうえで、補助具の使い方の相談や、肩甲骨・股関節・体幹を整える補完的なサポートを行います。

ご自宅では、締めつけが強すぎないか、しびれや色の変化がないかを確認しながら使ってください。

※強い痛みやしびれ、肘が動かしにくいときは、補助具に頼らず整形外科を受診してください。

岐阜県瑞穂市（穂積駅）で野球肘の方は、みつむら接骨院へご相談ください。サポーターの考え方は下記の記事でも詳しく解説しています。"
sokuwan-keido-mitame-A,85,側弯症,A,軽度の側弯症で見た目が気になるとき｜岐阜県瑞穂市の相談先,https://www.058-327-7771.net/sokuwan-keido-mitame/,2026-07-30,"岐阜県瑞穂市（穂積駅）で軽度の側弯症の見た目にお悩みの方へ。服を着たときの左右差や肩の高さが気になると、人前で気持ちが沈むこともありますよね。

こんなお悩みはありませんか？
・肩の高さやウエストの左右差が気になる
・軽度と言われたが本当に放置してよいのか不安
・鏡を見るたびに落ち込んでしまう

軽度の側弯症は、程度によっては経過観察となることが多いと考えられます。ただし曲がりの程度の評価や、観察の間隔を決めるのは整形外科の役割です。

みつむら接骨院では、背骨の曲がりそのものを整体で変えることはできないとお伝えしたうえで、周囲の筋肉のこわばりや体の使い方を整える補完的なサポートを行います。見た目の左右差の一部は、筋肉の緊張のバランスが関わることもあると考えられます。

自宅では、片側に偏った荷物の持ち方や座り方に気づいたら、少しずつ変えてみてください。

※強い背部痛、息苦しさ、手足のしびれ、急な進行がある場合は整形外科を受診してください。

岐阜県瑞穂市（穂積駅）で側弯症の見た目や体の負担が気になる方は、みつむら接骨院へご相談ください。考え方は下記の記事でも詳しく解説しています。"
soccer-kakato-A,183,サッカー,A,少年サッカーのかかとの痛み｜シーバー病（岐阜・瑞穂市）,https://www.058-327-7771.net/soccer-kakato/,2026-07-31,"岐阜県瑞穂市（穂積駅）で少年サッカーのかかとの痛みにお悩みの保護者の方へ。走ったあとに「かかとが痛い」と言う我が子を見ると心配になりますよね。

こんなお悩みはありませんか？
・練習後にかかとを押さえて歩いている
・つま先立ちやジャンプで痛がる
・休むと楽になるが、練習を再開すると痛む

小学生のかかとの痛みは、成長期に骨の成長部分（骨端線）へ負担がかかるシーバー病の可能性が考えられます。ふくらはぎの筋肉の硬さ、走る量、シューズやグラウンドの環境などが関わることもあります。ただし、骨折など別の原因の可能性もあるため、診断と練習の休止や復帰の判断は整形外科の医師の役割です。

みつむら接骨院では、医療機関での診断を前提に、ふくらはぎの硬さや足の使い方、姿勢を確認し、負担を減らすための補完的なサポートを行います。

ご自宅では、痛む間は運動量を減らし、ふくらはぎを痛みのない範囲でやさしくほぐしてください。

※強く腫れる、体重をかけられない、夜間も痛む場合は、早めに整形外科を受診してください。

岐阜県瑞穂市（穂積駅）でお子さんのかかとの痛みにお悩みの方は、みつむら接骨院へご相談ください。詳しくは下記の記事でも解説しています。"
oyayubi-tsukiyubi-A,363,バレー＋一般症状,A,親指の突き指は要注意｜岐阜県瑞穂市で靭帯のサインを知る,https://www.058-327-7771.net/oyayubi-tsukiyubi/,2026-10-21,"岐阜県瑞穂市（穂積駅）で親指の突き指にお悩みの方へ。ボールを受けたあと親指の付け根が痛み、たかが突き指と思っても気になりますよね。

こんなお悩みはありませんか？
・親指の付け根が腫れて、つまむ力が入りにくい
・ものを握ったりペットボトルを開けたりすると痛い
・時間がたっても痛みが引かない

親指の付け根付近には大切な靭帯があり、強い力が加わると傷めることがあると考えられています。軽い捻挫のこともあれば、骨折や靭帯の損傷が隠れていることもあり、見た目だけでは判断できません。整形外科でレントゲンなどの確認を受けることが大切です。

当院では診断や治療方針の決定は行わず、医療機関での確認をおすすめしたうえで、手や前腕の使い方を整える補完的なサポートを行います。テーピングは補助であり、治療ではありません。

ご自宅では、親指を強く握る、つまむ、引っ張るといった動きを控え、安静を心がけてください。

※指が曲がらない、変形している、強い腫れやしびれ、つまむ力が全く入らない場合は、骨折や靭帯損傷の疑いがあるため、早めに整形外科を受診してください。

岐阜県瑞穂市（穂積駅）で親指の突き指の方は、みつむら接骨院へご相談ください。親指の突き指は下記の記事でも詳しく解説しています。"
kansetsushin-sonsho-A,319,肩腱板・神経・腱鞘炎・打撲骨折,A,肩の関節唇損傷とは？投球で肩の奥が痛むとき（岐阜・瑞穂）,https://www.058-327-7771.net/kansetsushin-sonsho/,2026-09-29,"岐阜県瑞穂市（穂積駅）で、投球やスポーツで肩の奥が痛むとお悩みの方へ。関節唇損傷かもしれないと心配な方もいらっしゃると思います。

こんなお悩みはありませんか？
・投げる動作で肩の奥が痛む、引っかかる感じがある
・腕を上げたときに肩が不安定に感じる
・以前より球速や力強さが落ちたように思う

関節唇は、肩の受け皿となる骨のふちにある軟骨のような組織で、肩の安定を助けています。投球などの繰り返しの負担や転倒、肩の脱臼などで傷つくことがあると考えられます。損傷の有無は、MRIなどの画像検査を含めた整形外科での診察が必要です。

診断と治療方針の決定は医療機関の役割です。当院（柔道整復師が施術）では、診断を受けたうえで、肩甲骨や背中、股関節まで含めた体の使い方と姿勢を整える補完的なサポートを行います。

ご自宅では、痛みが出る投げる動作や腕を強く振る動作を控え、肩を休ませることを意識してください。

※肩が外れたような感覚が繰り返す、強い痛み、腕のしびれや脱力がある場合は、早めに整形外科を受診してください。

岐阜県瑞穂市（穂積駅）で投球時の肩の痛みにお悩みの方は、みつむら接骨院へご相談ください。関節唇損傷は下記の記事でも詳しく解説しています。"
zakotsu-naoru-zencho-A,5,坐骨神経痛,A,坐骨神経痛が治る前兆とは｜回復のサインを岐阜県瑞穂市から,https://www.058-327-7771.net/zakotsu-naoru-zencho/,2026-07-23,"岐阜県瑞穂市（穂積駅）で坐骨神経痛の経過が気になる方へ。痛みが少し変わってくると、良くなっているのか不安になりますよね。

こんなお悩みはありませんか？
・しびれの場所が変わってきた気がする
・痛みの強さに波があり、判断できない
・楽な日と痛い日を繰り返している

回復の過程では、痛みやしびれの範囲が腰やお尻の方へ戻っていく、痛む時間が短くなる、動ける範囲が広がるといった変化がみられることがあると考えられます。ただし個人差が大きく、この通りに進むとは限りません。背景の確認には整形外科での検査が役立ちます。

当院では、診断は医療機関にお任せし、姿勢や筋肉の状態を整えながら無理のない過ごし方をサポートします。

自宅では、調子が良い日ほど動きすぎないことを意識してみてください。

※足に力が入らない、排尿・排便がしにくいといった症状があるときは、すぐに整形外科を受診してください。

岐阜県瑞穂市（穂積駅）で坐骨神経痛の経過に不安のある方は、みつむら接骨院へご相談ください。回復のサインは下記の記事でも詳しく解説しています。"
zutsu-kotobu-A,147,頭痛,A,後頭部の頭痛の原因｜首の付け根の痛み｜岐阜県瑞穂市,https://www.058-327-7771.net/zutsu-kotobu/,2026-07-31,"岐阜県瑞穂市（穂積駅）で、後頭部の頭痛にお悩みの方へ。首の付け根から頭の後ろにかけて痛みが続くと、原因が気になりますよね。

こんなお悩みはありませんか？
・後頭部から首の付け根が重く、締め付けられる
・うつむく姿勢が続くと頭の後ろが痛くなる
・朝起きたときに後頭部が重い

後頭部の頭痛には、首まわりの筋肉の緊張や姿勢のくずれが関わるものがあると考えられます。一方で、首の骨や神経、血管などに原因がある場合もあり、見た目や感覚だけでは区別できません。痛みが強い、続く、いつもと違うといった場合は、整形外科や内科などの医療機関で検査を受けてください。

当院では診断は行わず、医療機関での確認を前提に、首肩の筋肉の状態や姿勢、体の使い方を整える補完的なサポートを行っています。

自宅では、スマホやパソコンの画面を目線の高さに近づけ、首の後ろを温めてみてください。

※突然の激しい頭痛、ろれつが回らない、手足の麻痺やしびれ、物が二重に見える、発熱と首の硬直を伴う場合は、すぐに救急や医療機関を受診してください。

岐阜県瑞穂市（穂積駅）で後頭部の頭痛にお悩みの方は、みつむら接骨院へご相談ください。原因と対処法は下記の記事でも詳しく解説しています。"
hangetsuban-A,229,スポーツ障害一般,A,半月板損傷の症状とは？膝のひっかかりと水の話｜岐阜県瑞穂市,https://www.058-327-7771.net/hangetsuban/,2026-08-15,"岐阜県瑞穂市（穂積駅）で、半月板損傷かもしれない膝のひっかかりや違和感にお悩みの方へ。曲げ伸ばしで引っかかる感覚があると、心配になりますよね。

こんなお悩みはありませんか？
・膝を曲げ伸ばしすると引っかかる感じがする
・膝に水がたまったような重さや腫れがある
・しゃがむ時や捻る時に、膝の奥が痛む

半月板は、膝の中でクッションの役割をする組織で、捻る動きや加齢による変化などで傷むことがあると考えられます。膝の水は、炎症のサインのひとつです。損傷の程度の確認や治療方針の決定は、整形外科医の役割ですので、症状が続く場合は整形外科で検査を受けてください。

みつむら接骨院は、医師の診断を受けた後や、経過を見ていく時期に、太ももやお尻の筋肉、動作のクセを整える併用サポートとして関わります。

自宅では、痛みが出る捻る動作やしゃがみ込みを、少し控えめにしてみてください。

※膝が動かなくなる（ロッキング）、急に大きく腫れる、体重をかけられない、熱を持つ場合は、早めに医療機関を受診してください。

岐阜県瑞穂市（穂積駅）で膝の違和感でお困りの方は、みつむら接骨院へご相談ください。半月板損傷は下記の記事でも詳しく解説しています。"
soccer-hiza-A,185,サッカー,A,サッカーで膝が痛い｜外側・内側・裏の痛みを瑞穂市で,https://www.058-327-7771.net/soccer-hiza/,2026-07-31,"岐阜県瑞穂市（穂積駅）でサッカー中の膝の痛みにお悩みの方へ。痛む場所によって原因が違うと聞くと、自分の膝がどれに当てはまるのか気になりますよね。

こんなお悩みはありませんか？
・走ったりキックしたりすると膝の外側や内側が痛む
・膝の裏が張る、曲げ伸ばしがつらい
・階段の上り下りやしゃがむ動作で痛みが出る

膝の痛みは、外側なら太ももの外側の硬さ、内側なら膝下の腱への負担、前側ならジャンプやキックの繰り返しなど、場所ごとに関わる要因が異なると考えられます。靭帯や半月板の損傷が隠れていることもあるため、腫れや引っかかりがある場合は整形外科での検査が大切です。

みつむら接骨院では、診断は医療機関の役割としたうえで、股関節・足首・太ももの使い方や姿勢を確認し、膝の負担を減らす補完的なサポートを行います。

ご自宅では、痛む動作を一時的に減らし、太ももまわりをやさしくほぐしてみてください。

※膝が伸びない・曲がらない、大きく腫れる、体重をかけられない、膝の裏が腫れて脚全体が張る場合は、早めに医療機関を受診してください。

岐阜県瑞穂市（穂積駅）で膝の痛みでお悩みのサッカー選手は、みつむら接骨院へご相談ください。場所別の考え方は下記の記事でも詳しく解説しています。"
suberi-corset-A,109,すべり症・分離症,A,すべり症にコルセットは必要？役割と付き合い方｜岐阜・瑞穂,https://www.058-327-7771.net/suberi-corset/,2026-07-30,"岐阜県瑞穂市（穂積駅）で、すべり症とコルセットについてお悩みの方へ。つけたほうがよいのか、ずっと頼って大丈夫か、不安になりますよね。

こんなお悩みはありませんか？
・コルセットを外すと腰が不安に感じる
・つけ続けて筋力が落ちないか心配
・いつ着けて、いつ外すのか分からない

コルセットは腰の動きを制限して負担を和らげる補助具であり、すべり症そのものを改善するものではないと考えられます。長期間つけ続けると、体幹の筋肉が使われにくくなる可能性も指摘されています。着用の必要性や期間は、整形外科医の判断が基本です。

みつむら接骨院では、診断は医療機関の役割としたうえで、コルセットに頼りすぎない姿勢づくりや、お腹まわり・お尻の筋肉の使い方を整える補完的なサポートを行っています。

ご自宅では、重い物を持つ・長時間の移動など負担が大きい場面に限って使えるかどうか、医師に相談してみてください。

※足の脱力、排尿・排便のトラブル、脚の強いしびれが出た場合は、すぐに整形外科を受診してください。

岐阜県瑞穂市（穂積駅）でコルセットとの付き合い方に迷う方は、みつむら接骨院へご相談ください。詳しくは下記の記事でも解説しています。"
hiza-ura-A,365,バレー＋一般症状,A,膝の裏が痛い原因とは｜岐阜県瑞穂市で受診の目安を知る,https://www.058-327-7771.net/hiza-ura/,2026-10-22,"岐阜県瑞穂市（穂積駅）で膝の裏の痛みにお悩みの方へ。曲げると痛い、腫れている気がすると、階段や正座がつらくなりますよね。

こんなお悩みはありませんか？
・膝を曲げ伸ばしすると、裏側が痛む
・膝の裏が張る、または腫れている感じがある
・運動後やしゃがんだあとに違和感が強くなる

膝の裏の痛みは、太もも裏やふくらはぎの筋肉の緊張、膝関節まわりの負担などが関係すると考えられていますが、原因はさまざまです。膝の裏の腫れや痛みの場合、血管の病気が隠れていることもあるため、自己判断は避け、まず医療機関で確認することが大切です。

当院では診断は行いませんが、医療機関で異常がないと確認されたうえで、膝まわりや股関節、足首の使い方、筋肉のバランスを整える補完的なサポートを行います。

ご自宅では、痛みを我慢して深くしゃがむ動作や、無理なストレッチは控えましょう。

※膝の裏の強い腫れや痛みに加えて、ふくらはぎの張り・熱感・赤み、息苦しさ、胸の痛みがある場合は、深部静脈血栓症の可能性があるため、すぐに医療機関を受診し、症状が強いときは救急要請をしてください。

岐阜県瑞穂市（穂積駅）で膝の裏の痛みの方は、みつむら接骨院へご相談ください。膝の裏の痛みは下記の記事でも詳しく解説しています。"
gojukata-shijukata-chigai-A,65,五十肩,A,四十肩と五十肩の違いは？名前の由来と対処｜岐阜・瑞穂,https://www.058-327-7771.net/gojukata-shijukata-chigai/,2026-07-30,"岐阜県瑞穂市（穂積駅）で、四十肩と五十肩の違いが分からず迷っている方へ。年齢によって呼び方が違うと聞くと、余計に不安になりますよね。

こんなお悩みはありませんか？
・40代なのに五十肩と言われて戸惑っている
・呼び名によって対処が変わるのか知りたい
・肩が上がらず何が起きているのか不安

四十肩と五十肩は、どちらも肩関節まわりに炎症や硬さが起こる状態を、発症した年代で呼び分けた通称と考えられています。そのため、対処の考え方は大きく共通していると言われます。ただし、腱板断裂や石灰の沈着、首の神経の影響など似た症状の病気もあり、区別は整形外科での診察や画像検査が必要です。

当院では、柔道整復師が肩の動きや首・肩甲骨まわりの筋肉の状態を確認し、姿勢や体の使い方を整える補完的なサポートを行います。

ご自宅では、呼び名にこだわるより「今は痛みが強い時期か、動かしにくい時期か」を意識し、痛みの出ない範囲で過ごしてみてください。

※夜間の強い痛みが続く、腕に力が入らない、腕へのしびれや胸の締めつけがある場合は、早めに医療機関を受診してください。

岐阜県瑞穂市（穂積駅）で肩の痛みにお悩みの方は、みつむら接骨院へご相談ください。四十肩と五十肩の違いは下記の記事でも詳しく解説しています。"
herunia-hayaku-naosu-A,45,椎間板ヘルニア,A,椎間板ヘルニアを早く治したい方へ｜岐阜県瑞穂市の接骨院,https://www.058-327-7771.net/herunia-hayaku-naosu/,2026-07-25,"岐阜県瑞穂市（穂積駅）で椎間板ヘルニアを早く良くしたいとお考えの方へ。痛みが続くと、一日も早く楽になりたいと焦る気持ちになりますよね。

こんなお悩みはありませんか？
・腰から脚にかけての痛みが何週間も続いている
・早く良くなる方法を探して色々試している
・仕事や家事を休めず、十分に休養がとれない

椎間板ヘルニアは、飛び出した椎間板が神経を刺激している状態で、経過の中で炎症が落ち着いたり、体が変化に適応したりして痛みが軽くなっていくケースもあると考えられています。経過には個人差が大きく、近道を探すより、悪化させない環境を整えることが回復を支えると言われています。診断と治療方針の決定は整形外科の役割です。

当院では、医療機関での診断を前提に、腰まわりの筋肉の緊張や姿勢、体の使い方を整える補完的なサポートを行っています。

自宅では、睡眠をしっかりとり、痛みが強まる姿勢を避けることから始めてみてください。

※足に力が入らない、強い麻痺、排尿・排便がうまくできないといった症状がある場合は、すぐに整形外科を受診してください。

岐阜県瑞穂市（穂積駅）で椎間板ヘルニアの回復を目指す方は、みつむら接骨院へご相談ください。回復を早める生活の考え方は下記の記事でも詳しく解説しています。"
yakyu-hiji-stretch-A,277,野球,A,野球肘のストレッチ｜治し方の考え方と自宅ケア 瑞穂市,https://www.058-327-7771.net/yakyu-hiji-stretch/,2026-09-08,"岐阜県瑞穂市（穂積駅）で野球肘のストレッチや治し方を探している方へ。早く投げられるようになりたい気持ちがあるほど、焦ってしまいますよね。

こんなお悩みはありませんか？
・肘の痛みにストレッチが効くのか知りたい
・前腕を伸ばすと痛みが出る
・肘だけ伸ばしても変化が乏しい

野球肘は、肘そのものだけでなく、肩甲骨や胸まわり、股関節、体幹の硬さが投球フォームに影響し、肘への負担を増やすと考えられています。そのため肘だけを強く伸ばすより、全身の動きを整える視点が大切です。痛みの原因によっては、ストレッチが向かない時期もあります。

診断や、動かしてよい時期の判断は整形外科の役割です。みつむら接骨院では、診断を受けたうえで、筋肉の緊張や体の使い方を確認し、無理のない範囲で整える補完的なサポートを行います。

ご自宅では、痛みが出ない範囲で、股関節や肩甲骨まわりをゆっくり動かすことから始めてみてください。

※強い痛み、しびれ、肘が動かしにくいときは、ストレッチを中止して早めに整形外科を受診してください。

岐阜県瑞穂市（穂積駅）で野球肘の方は、みつむら接骨院へご相談ください。ストレッチは下記の記事でも詳しく解説しています。"
soccer-koshi-A,187,サッカー,A,サッカーで腰が痛い｜成長期は分離症に注意（岐阜・瑞穂市）,https://www.058-327-7771.net/soccer-koshi/,2026-07-31,"岐阜県瑞穂市（穂積駅）でサッカーをする中高生の腰の痛みにお悩みの方へ。ただの疲れと思って続けていた腰痛が、実は早めの確認が必要なこともあります。

こんなお悩みはありませんか？
・体を反らしたり、ジャンプやキックで腰が痛む
・練習のあと腰が重く、休むと軽くなる
・2週間以上たっても腰の痛みが引かない

成長期の腰の痛みは、腰椎の疲労骨折である分離症が背景にある可能性が考えられます。初期はレントゲンに写らないことがあり、MRIやCTでの確認が必要な場合があります。診断、スポーツの休止、復帰の許可は整形外科の医師の役割です。なお、骨を戻したりつなげたりすることは整体ではできません。

みつむら接骨院では、医療機関での診断を前提に、股関節や太ももの硬さ、姿勢、体幹の使い方を確認し、腰への負担を減らす補完的なサポートを行います。

ご自宅では、腰を強く反らす動作を控えて様子を見てください。

※足のしびれや脱力、排尿・排便の異常がある場合は、すぐに医療機関を受診してください。

岐阜県瑞穂市（穂積駅）で成長期の腰の痛みにお悩みの方は、みつむら接骨院へご相談ください。詳しくは下記の記事でも解説しています。"
chubukan-shokogun-A,321,肩腱板・神経・腱鞘炎・打撲骨折,A,肘部管症候群とは？小指のしびれと肘の神経（岐阜・瑞穂）,https://www.058-327-7771.net/chubukan-shokogun/,2026-09-30,"岐阜県瑞穂市（穂積駅）で小指や薬指のしびれにお悩みの方へ。肘部管症候群かもしれないと感じている方もいらっしゃると思います。

こんなお悩みはありませんか？
・小指と薬指にしびれや違和感が出る
・肘を曲げ続けるとしびれが強くなる
・物をつまむ力が入りにくくなった

肘部管は肘の内側にある神経の通り道で、ここで尺骨神経が圧迫されたり引っ張られたりすると、小指側のしびれが出ることがあると考えられます。肘の曲げ伸ばしが多い作業や、肘をついた姿勢、就寝時の姿勢も影響すると言われます。首や胸郭出口など他の部位が原因のこともあるため、整形外科での確認が大切です。

診断と治療方針の決定は医療機関の役割です。当院（柔道整復師が施術）では、検査で状態を確認していただいたうえで、首や肩、腕の筋肉と姿勢を整える補完的なサポートを行います。

ご自宅では、肘を深く曲げたままの姿勢を長く続けないよう意識してみてください。

※握力が落ちた、指が動かしにくい、筋肉がやせてきた場合は整形外科を受診してください。突然のろれつが回らない、顔や片側の手足の麻痺やしびれがある場合は、脳卒中の可能性があるため、ためらわず119番で救急要請をしてください。

岐阜県瑞穂市（穂積駅）で小指のしびれにお悩みの方は、みつむら接骨院へご相談ください。肘部管症候群は下記の記事でも詳しく解説しています。"
kyosaku-check-A,25,脊柱管狭窄症,A,脊柱管狭窄症のセルフチェック｜早期に気づく3つのサイン,https://www.058-327-7771.net/kyosaku-check/,2026-07-24,"岐阜県瑞穂市（穂積駅）で、脊柱管狭窄症かもしれないと感じている方へ。歩くとつらいのに、休むと楽になるため、様子を見ている方も多いようです。

こんなお悩みはありませんか？
・しばらく歩くと足がしびれて休みたくなる
・立っていると腰から足にかけて重くだるくなる
・前かがみになったり座ったりすると楽になる

これらは、脊柱管狭窄症でみられることがある特徴と考えられています。歩くと症状が出て休むと軽くなる状態は「間欠性跛行」と呼ばれます。ただし、足の血流の問題など別の原因でも似た症状が出ることがあり、見分けは医師の役割です。セルフチェックは目安であり、診断ではありません。

当院は診断を行う場ではなく、医療機関での検査結果を踏まえ、姿勢・筋肉・体の使い方を整える補完的なサポートを行います。

ご自宅では、どんな場面で症状が出るか、どうすると楽になるかを書き出してみると、受診時に伝えやすくなります。

※足の脱力、排尿・排便の異常、会陰部のしびれがある場合は、すぐに医療機関を受診してください。

岐阜県瑞穂市（穂積駅）で脊柱管狭窄症のサインが気になる方は、みつむら接骨院へご相談ください。症状のセルフチェックは下記の記事でも詳しく解説しています。"
komuragaeri-A,231,スポーツ障害一般,A,足がつる・こむら返りの原因｜スポーツ中の対策｜岐阜県瑞穂市,https://www.058-327-7771.net/komuragaeri/,2026-08-16,"岐阜県瑞穂市（穂積駅）で、足がつる・こむら返りにお悩みの方へ。練習の終盤や夜中に突然ふくらはぎがつると、痛くて焦りますよね。

こんなお悩みはありませんか？
・スポーツの後半にふくらはぎがつる
・寝ている時に足がつって目が覚める
・つった後も、しばらく張りや痛みが残る

こむら返りは、筋肉の疲労、汗による水分やミネラルの不足、冷え、筋肉の使い方の偏りなどが重なって起こると考えられます。頻繁に繰り返す場合や、片脚だけ腫れて痛む場合は、別の原因が隠れていることもあるため、医療機関での相談をおすすめします。

みつむら接骨院では、診断は医療機関の役割という前提で、ふくらはぎや足首、股関節周りの筋肉の状態、動作のクセを確認し、負担を減らす補完的なサポートを行います。

自宅では、運動前後の水分補給と、ふくらはぎをゆっくり伸ばす習慣を意識してみてください。

※片脚だけのむくみ・赤み・強い痛み、足に力が入らない、頻繁に繰り返す場合は、医療機関を受診してください。

岐阜県瑞穂市（穂積駅）で足のつりでお困りの方は、みつむら接骨院へご相談ください。こむら返りは下記の記事でも詳しく解説しています。"
shagamu-hiza-A,367,バレー＋一般症状,A,しゃがむと膝が痛い原因とは｜岐阜県瑞穂市で動作別に考える,https://www.058-327-7771.net/shagamu-hiza/,2026-10-23,"岐阜県瑞穂市（穂積駅）でしゃがむと膝が痛くてお悩みの方へ。トイレや掃除、立ち上がりのたびに痛みが出ると、動くのが億劫になりますよね。

こんなお悩みはありませんか？
・しゃがむときや立ち上がるときに膝が痛い
・階段の上り下りで膝の前や内側が気になる
・膝に体重をかけると引っかかる感じがある

しゃがむ動作は膝に大きな負担がかかるため、膝まわりの筋肉の硬さ、股関節や足首の動きの制限、体の使い方のクセなどが関係すると考えられます。ただし、軟骨や半月板などの関節内の変化が隠れている場合もあるため、痛みが続くときは整形外科での検査をおすすめします。

当院では診断は行わず、膝だけでなく股関節や足首を含めた動きを確認し、医療機関での確認を前提に、補完的に体を整えるサポートを行います。

ご自宅では、深くしゃがむ動作を減らし、椅子を使うなど負担の少ない動作を選んでみてください。

※膝の強い腫れ、熱感、動かせないほどの痛み、膝が固まって曲げ伸ばしできない、体重をかけられない場合は、早めに整形外科を受診してください。

岐阜県瑞穂市（穂積駅）でしゃがむと膝が痛い方は、みつむら接骨院へご相談ください。膝の痛みは下記の記事でも詳しく解説しています。"
sokuwan-rougo-A,87,側弯症,A,側弯症を放置すると老後は？岐阜県瑞穂市で今からできる備え,https://www.058-327-7771.net/sokuwan-rougo/,2026-07-30,"岐阜県瑞穂市（穂積駅）で側弯症の将来にお悩みの方へ。「このまま年を重ねたらどうなるのか」と心配になりますよね。

こんなお悩みはありませんか？
・若い頃から側弯を指摘されたまま放置している
・年齢とともに腰や背中が痛くなってきた
・将来、歩けなくなるのではと不安

側弯症は、程度や種類によって年齢とともにどう変化するかが異なります。加齢に伴う背骨や椎間板の変化が重なると、腰や背中の痛み、足のしびれが出やすくなる場合があると考えられます。全員が悪化するわけではありません。

現在の状態の評価や、今後の見通しは整形外科の検査で確認するのが安心です。みつむら接骨院では、背骨の曲がりそのものを変えることはできませんが、周囲の筋肉を整え、体を使いやすい状態を保つ補完的なサポートをしています。

自宅では、無理のない範囲で歩く習慣を続け、体力の維持を心がけてください。

※強い背部痛、息苦しさ、手足のしびれや脱力、急な変化がある場合は整形外科を受診してください。

岐阜県瑞穂市（穂積駅）で側弯症の将来に不安がある方は、みつむら接骨院へご相談ください。老後への備えは下記の記事でも詳しく解説しています。"
yakyu-hiji-kenshin-A,279,野球,A,野球肘検診とは？エコーで早期発見のポイント｜瑞穂市,https://www.058-327-7771.net/yakyu-hiji-kenshin/,2026-09-09,"岐阜県瑞穂市（穂積駅）で野球肘検診が気になる方へ。痛みがなくても検診を受けたほうがよいのか、迷いますよね。

こんなお悩みはありませんか？
・野球肘検診の内容がよく分からない
・痛くないので受診する必要があるのか迷う
・お子さんの肘が伸びきらない気がする

野球肘検診は、超音波（エコー）などを用いて、肘の骨や軟骨の状態を確認する取り組みです。外側型の離断性骨軟骨炎は初期に痛みが少ないまま進むことがあるため、早期発見が大切と考えられています。エコーは体への負担が少ない検査として使われますが、判定と診断は医師が行います。

検診の結果の判断や、治療方針、投球の休止・再開は医療機関の役割です。みつむら接骨院では、検診や診断を受けたうえで、投球を支える体の使い方を整える補完的なサポートを行います。

ご自宅では、肘の曲げ伸ばしの左右差や、投球後の違和感を日ごろから確認してみてください。

※強い痛み、しびれ、肘の引っかかりや動かない感じがあるときは、すぐに整形外科を受診してください。

岐阜県瑞穂市（穂積駅）で野球肘の方は、みつむら接骨院へご相談ください。検診のポイントは下記の記事でも詳しく解説しています。"
zutsu-taisho-A,149,頭痛,A,頭痛を早く楽にしたいとき｜今できる対処｜岐阜県瑞穂市,https://www.058-327-7771.net/zutsu-taisho/,2026-07-31,"岐阜県瑞穂市（穂積駅）で、今つらい頭痛を早く楽にしたい方へ。仕事中や家事の最中でも、頭痛が始まるとすぐに何とかしたくなりますよね。

こんなお悩みはありませんか？
・頭痛が起きたとき、どう対処すればよいか分からない
・痛み止めを飲むタイミングに迷う
・繰り返す頭痛を根本から見直したい

頭痛には、筋肉の緊張によるもの、脈打つように痛むものなど複数のタイプがあると考えられ、タイプによって楽になる過ごし方が異なります。まず痛み方や随伴症状を確認することが大切です。強い痛みや、いつもと違う頭痛は、自己判断せず医療機関にご相談ください。

当院では診断は行いません。医療機関での確認を前提に、首肩の筋肉の状態や姿勢、体の使い方を確認し、負担を整える補完的なサポートを行っています。

自宅では、まず静かな場所で休み、水分をとって、痛み方に合わせて温める・冷やすを試してみてください。

※突然の激しい頭痛、ろれつが回らない、手足の麻痺やしびれ、物が二重に見える、発熱と首の硬直を伴う場合は、すぐに救急や医療機関を受診してください。

岐阜県瑞穂市（穂積駅）で頭痛の対処にお悩みの方は、みつむら接骨院へご相談ください。今すぐできる対処法は下記の記事でも詳しく解説しています。"
soccer-kodomo-A,189,サッカー,A,小中学生のサッカーの怪我｜親が知っておきたいこと（瑞穂市）,https://www.058-327-7771.net/soccer-kodomo/,2026-07-31,"岐阜県瑞穂市（穂積駅）で小学生・中学生のサッカーの怪我にお悩みの保護者の方へ。子どもは痛みを我慢しがちで、どこまで様子を見てよいか迷いますよね。

こんなお悩みはありませんか？
・膝やかかと、腰の痛みを訴えるが、練習は続けたがる
・同じ場所を繰り返し痛めている
・怪我なのか成長痛なのか判断できない

成長期は骨の成長に筋肉の柔軟性が追いつきにくく、骨の成長部分に負担がかかりやすい時期と考えられます。膝下やかかとの痛み、腰の分離症などは、我慢して続けると長引くこともあります。診断、休止や復帰の判断は整形外科の医師の役割です。

みつむら接骨院では、医療機関での診断を前提に、姿勢や筋肉の硬さ、体の使い方を確認し、子どもの体への負担を減らす補完的なサポートを行います。

ご家庭では、お子さんの歩き方や、痛みを隠す様子がないか気にかけてみてください。

※強い腫れや変形、体重をかけられない、頭を打った後の様子がおかしい場合は、プレーを中止して医療機関・救急へ。

岐阜県瑞穂市（穂積駅）でお子さんのサッカーの怪我が気になる方は、みつむら接骨院へご相談ください。保護者の方に知ってほしいことは下記の記事でも詳しく解説しています。"
gifu-yotsu-byoin-A,129,腰痛×岐阜ローカル,A,腰痛で病院に行くべき？岐阜・瑞穂市での受診の考え方,https://www.058-327-7771.net/gifu-yotsu-byoin/,2026-07-31,"岐阜県瑞穂市（穂積駅）で、腰痛で病院に行くべきか迷っている方へ。「そのうち楽になるかも」と我慢しているうちに日が経ってしまうことは少なくありません。

こんなお悩みはありませんか？
・腰痛がなかなか治まらず不安になってきた
・足にしびれやだるさが出てきた
・病院に行くほどか分からず様子を見ている

腰痛の多くは筋肉や関節への負担によると言われますが、椎間板ヘルニアや脊柱管狭窄症、骨折、内臓の病気などが背景にある場合もあると考えられます。こうした見極めは、画像検査などを行える整形外科の役割です。気になる症状が続くときは、早めの受診をおすすめします。

みつむら接骨院は、医療機関での確認を経たうえで、姿勢や筋肉の負担、体の使い方を整える補完的なサポートを行います。受診が必要と思われる場合は、その旨をお伝えします。

自宅では、痛みを我慢して無理に動かず、楽な姿勢を見つけて過ごしてください。

※発熱を伴う腰痛、安静でも治まらない強い痛み、足の脱力、排尿・排便のトラブルがある場合は、すぐ医療機関を受診してください。

岐阜県瑞穂市（穂積駅）で腰痛の受診先に迷う方は、みつむら接骨院へご相談ください。受診の考え方は下記の記事でも詳しく解説しています。"
hiza-mizu-A,369,バレー＋一般症状,A,膝に水がたまる原因とは｜岐阜県瑞穂市で繰り返す理由を知る,https://www.058-327-7771.net/hiza-mizu/,2026-10-24,"岐阜県瑞穂市（穂積駅）で膝に水がたまる症状にお悩みの方へ。膝が腫れて曲げにくい、水を抜いてもまた腫れると、不安になりますよね。

こんなお悩みはありませんか？
・膝が腫れて重く、曲げ伸ばしがしづらい
・膝のお皿のまわりがぷにぷにしている
・水を抜いてもしばらくするとまたたまる

膝の水（関節液）は、膝関節の中で炎症などが起こったときに増えると考えられています。背景には、加齢による関節の変化やスポーツでの負担、半月板や靭帯の問題などがあり、水を抜くだけでは原因が変わらないため繰り返すことがあります。原因の確認には整形外科での診察や画像検査が欠かせません。

当院では診断は行わず、医療機関での確認を前提に、膝だけでなく股関節や足首、太ももの筋肉など、膝への負担を減らす補完的なサポートを行います。

ご自宅では、膝に負担のかかる深いしゃがみ込みや長時間の歩行を控えめにし、無理をしないでください。

※膝の強い痛みとともに、赤み・熱感・発熱がある場合は関節の感染の可能性があるため、すぐに医療機関を受診してください。

岐阜県瑞穂市（穂積駅）で膝に水がたまる方は、みつむら接骨院へご相談ください。膝に水がたまる理由は下記の記事でも詳しく解説しています。"
zakotsu-naoranai-A,7,坐骨神経痛,A,坐骨神経痛が治らない・長引く原因｜岐阜県瑞穂市で見直す視点,https://www.058-327-7771.net/zakotsu-naoranai/,2026-07-23,"岐阜県瑞穂市（穂積駅）で坐骨神経痛が長引いている方へ。いろいろ試しても変わらないと、不安が大きくなりますよね。

こんなお悩みはありませんか？
・何週間も痛みやしびれが続いている
・湿布やマッサージで一時的にしか楽にならない
・原因がはっきり分からないまま過ごしている

長引く背景には、椎間板ヘルニアや脊柱管狭窄症などの腰の状態、座り方や立ち方など姿勢の癖、活動量や体の緊張といった要素が重なっていることが考えられます。原因を絞るには、整形外科で画像を確認することが第一歩です。

当院では診断は行わず、医療機関での確認を前提に、姿勢や筋肉、体の使い方を整える補完的なサポートを行います。

自宅では、痛みが強まる姿勢や動作を書き出し、共通点を探してみてください。

※足に力が入らない、排尿・排便がしにくいといった症状があるときは、すぐに整形外科を受診してください。

岐阜県瑞穂市（穂積駅）で坐骨神経痛が長引いている方は、みつむら接骨院へご相談ください。見直したい3つの視点は下記の記事でも詳しく解説しています。"
chubukan-stretch-A,323,肩腱板・神経・腱鞘炎・打撲骨折,A,肘部管症候群のストレッチは何に注意？しびれの悩み（岐阜・瑞穂）,https://www.058-327-7771.net/chubukan-stretch/,2026-10-01,"岐阜県瑞穂市（穂積駅）で、小指のしびれとストレッチについてお悩みの方へ。「しびれをやわらげたくて伸ばしたら、かえって強くなった」という声もあります。

こんなお悩みはありませんか？
・小指や薬指のしびれをストレッチで改善したい
・どの程度伸ばしてよいのか分からない
・肘を曲げるとしびれが増す

肘部管症候群では、肘の内側で尺骨神経に負担がかかっていると考えられます。そのため、肘を強く曲げ伸ばしたり、腕を強く引っ張ったりするストレッチは、神経への刺激になり、しびれが増すことがあります。また、首や胸郭出口など、別の部位が関係している場合もあるため、整形外科での確認が大切です。

診断と治療方針の決定は医療機関の役割です。当院（柔道整復師が施術）では、検査で状態を確認していただいたうえで、神経を刺激しにくい範囲での動かし方や、首・肩・胸まわりの姿勢を整える補完的なサポートを行います。

ご自宅では、しびれが強まる動きは中止し、痛みやしびれの出ない範囲にとどめてください。

※握力低下や指が動かしにくい状態、筋肉のやせがある場合は整形外科を受診してください。突然のろれつ困難や顔・片側の手足の麻痺がある場合は、119番で救急要請をしてください。

岐阜県瑞穂市（穂積駅）でしびれにお悩みの方は、みつむら接骨院へご相談ください。ストレッチと注意点は下記の記事でも詳しく解説しています。"
sankakukotsu-shogai-A,233,スポーツ障害一般,A,三角骨障害とは？足首の後ろの痛み｜岐阜県瑞穂市の接骨院,https://www.058-327-7771.net/sankakukotsu-shogai/,2026-08-17,"岐阜県瑞穂市（穂積駅）で、三角骨障害かもしれない足首の後ろの痛みにお悩みの方へ。つま先を伸ばす動きで痛むと、練習に影響しますよね。

こんなお悩みはありませんか？
・キックやつま先立ちで足首の後ろが痛む
・足首を深く伸ばすと詰まったような痛みが出る
・アキレス腱の奥のあたりに痛みが残る

三角骨は、足首の後ろにある余分な小さな骨で、ない方もいます。つま先を伸ばす動きを繰り返すと、周囲が挟み込まれて痛みが出ることがあると考えられます。同じ場所の痛みには、アキレス腱周囲の炎症や腱の問題などもあるため、痛みが続く場合は整形外科での画像検査をおすすめします。

みつむら接骨院では、診断は医療機関の役割という前提で、ふくらはぎや足首の柔軟性、足の使い方を確認し、負担を減らす補完的なサポートを行います。

自宅では、痛みが出る動きを控えめにし、ふくらはぎを痛みのない範囲でゆるめてみてください。

※足首が大きく腫れる、体重をかけられない、安静でも強く痛む場合は、早めに医療機関を受診してください。

岐阜県瑞穂市（穂積駅）で足首の痛みでお困りの方は、みつむら接骨院へご相談ください。三角骨障害は下記の記事でも詳しく解説しています。"
soccer-fukki-A,191,サッカー,A,サッカーの怪我明けトレーニング｜復帰とブランクの埋め方,https://www.058-327-7771.net/soccer-fukki/,2026-07-31,"岐阜県瑞穂市（穂積駅）でサッカーの怪我明けの復帰にお悩みの方へ。チームに早く追いつきたい気持ちと、再発の不安の間で揺れていませんか。

こんなお悩みはありませんか？
・痛みは落ち着いたが、どこから練習に戻せばよいか分からない
・ブランクで体力や動きが落ちたと感じる
・復帰後にまた同じ場所が気になる

怪我で休んでいる間に、筋力や柔軟性、動きの感覚が落ちることは多いと考えられます。復帰を急ぐと、別の部位を痛めたり再発したりすることもあるため、段階的に負荷を戻すことが大切です。復帰の許可や練習強度の判断は、整形外科の医師の役割です。

みつむら接骨院では、診断や復帰許可は医療機関の役割としたうえで、体の使い方、左右差、姿勢を確認し、復帰に向けた体づくりを補完的にサポートします。

ご自宅では、まず歩く、軽くジョグをするなど、痛みのない範囲から負荷を少しずつ戻してみてください。

※痛みや腫れがぶり返す、力が入らない、強い違和感が続く場合は、無理をせず医療機関を受診してください。

岐阜県瑞穂市（穂積駅）で怪我明けの復帰に取り組む方は、みつむら接骨院へご相談ください。復帰とブランクの埋め方は下記の記事でも詳しく解説しています。"
yakyu-kata-A,281,野球,A,野球肩とは？投球で肩が痛む場所別の考え方｜岐阜県瑞穂市,https://www.058-327-7771.net/yakyu-kata/,2026-09-10,"岐阜県瑞穂市（穂積駅）で野球肩にお悩みの方へ。投げるたびに肩が痛むと、思い切り腕を振れなくなりますよね。

こんなお悩みはありませんか？
・腕を振り上げたり、投げ終わりに肩が痛む
・肩の前や後ろ、奥のほうに違和感がある
・投げ始めは痛くないが、続けると痛くなる

野球肩は特定の病名ではなく、投球で肩に痛みが出る状態の総称として使われます。痛む場所によって、関わる組織が異なると考えられています。肩の前側は腱や関節まわり、後ろ側は筋肉の使いすぎや動きの硬さが関わることがあります。原因の見極めには整形外科での検査が大切です。

診断や治療方針、投球再開の判断は医療機関の役割です。みつむら接骨院では、診断を受けたうえで、肩甲骨や胸まわり、股関節の動き、投球時の体の使い方を整える補完的なサポートを行います。

ご自宅では、痛みがあるうちは投球を控え、肩甲骨まわりの緊張を軽くほぐしてみてください。

※強い痛み、しびれ、腕が上がらない・力が入らないときは、早めに整形外科を受診してください。

岐阜県瑞穂市（穂積駅）で野球肩の方は、みつむら接骨院へご相談ください。場所別の考え方は下記の記事でも詳しく解説しています。"
suberi-stretch-A,111,すべり症・分離症,A,すべり症のストレッチは反らさない｜岐阜県瑞穂市の考え方,https://www.058-327-7771.net/suberi-stretch/,2026-07-30,"岐阜県瑞穂市（穂積駅）で、すべり症のストレッチについてお悩みの方へ。動かさないと固まりそう、でも動かすと痛そうと、迷う方は多いです。

こんなお悩みはありませんか？
・ストレッチで腰を反らすと痛みが強くなる
・太ももの裏やお尻が硬く感じる
・何をしてよいか分からず、自己流で不安がある

すべり症では、腰を反らす動きで骨のずれに負担がかかりやすいと考えられます。一方、太ももの裏やお尻、股関節まわりが硬いと腰が代わりに動き、負担が増えることがあります。腰ではなく周辺を無理なく動かす考え方が一般的ですが、症状によって適した動きは異なるため、整形外科での確認をおすすめします。

みつむら接骨院では、診断は医療機関の役割としたうえで、股関節やお尻の柔軟性、姿勢を整える補完的なサポートを行っています。

ご自宅では、痛みのない範囲で、仰向けで片膝を抱える程度の動きから試してみてください。

※足の脱力、排尿・排便のトラブルがある場合は、すぐに整形外科を受診してください。

岐阜県瑞穂市（穂積駅）ですべり症のストレッチに迷う方は、みつむら接骨院へご相談ください。詳しくは下記の記事でも解説しています。"
fukurahagi-supporter-A,371,バレー＋一般症状,A,ふくらはぎサポーターの効果と使い方｜岐阜県瑞穂市の接骨院,https://www.058-327-7771.net/fukurahagi-supporter/,2026-10-25,"岐阜県瑞穂市（穂積駅）でふくらはぎのだるさや張りにお悩みの方へ。立ち仕事や運動のあとに脚が重い日が続くと、サポーターを使うべきか迷いますよね。

こんなお悩みはありませんか？
・夕方になるとふくらはぎがパンパンに張る
・運動中や運動後にふくらはぎがつりやすい
・サポーターを着けて本当に楽になるのか分からない

ふくらはぎは歩くたびに筋肉が縮んで血液を押し戻す働きがあり、疲れや水分不足、体の使い方の偏りが張りにつながると考えられます。サポーターはその動きを外から補助する道具であり、痛みの原因そのものを取り除くものではありません。

強い痛みや腫れがある場合は、まず整形外科などで原因を確認することが大切です。診断は医療機関の役割で、当院はふくらはぎや足首の動き、姿勢、体の使い方を整える補完的なサポートを行います。

ご自宅では、就寝前に足首をゆっくり動かし、ふくらはぎをやさしくさすってみてください。

※片側だけの急な腫れ・熱感・赤み、息苦しさや胸の痛みを伴う場合は血栓の可能性があるため、すぐに医療機関を受診してください。

岐阜県瑞穂市（穂積駅）でふくらはぎの不調にお悩みの方は、みつむら接骨院へご相談ください。サポーターの使いどころは下記の記事でも詳しく解説しています。"
gojukata-yakantsu-A,67,五十肩,A,五十肩で夜眠れない｜夜間痛の理由と寝方｜岐阜・瑞穂,https://www.058-327-7771.net/gojukata-yakantsu/,2026-07-30,"岐阜県瑞穂市（穂積駅）で、五十肩の夜の痛みで眠れずお悩みの方へ。睡眠が削られると日中もつらく、気持ちも沈みがちになりますよね。

こんなお悩みはありませんか？
・夜中に肩の痛みで目が覚める
・寝返りを打つと肩に響く
・横になると痛みが強くなる

夜間痛が起こる背景には、肩まわりの炎症、寝ている間に肩が下がって関節に負担のかかる姿勢、動かさない時間が長いことなどが関わると考えられています。ただし、強い夜間痛は腱板断裂など別の原因のこともあるため、診断や画像検査は整形外科の役割です。

当院では、柔道整復師が肩の状態や首・背中の筋肉の緊張を確認し、姿勢や寝方の工夫をお伝えするなど、補完的なサポートを行います。

ご自宅では、痛い側を上にした横向きで、抱き枕やクッションに腕をのせて休むと楽になる場合があります。

※夜間の強い痛みが続く、安静にしていても激しく痛む、発熱や胸の締めつけを伴う場合は、早めに医療機関を受診してください。

岐阜県瑞穂市（穂積駅）で五十肩の夜間痛にお悩みの方は、みつむら接骨院へご相談ください。夜間痛の理由と寝方は下記の記事でも詳しく解説しています。"
herunia-itami-yawarageru-A,47,椎間板ヘルニア,A,椎間板ヘルニアの痛みを和らげたい｜岐阜県瑞穂市の接骨院,https://www.058-327-7771.net/herunia-itami-yawarageru/,2026-07-25,"岐阜県瑞穂市（穂積駅）で椎間板ヘルニアの痛みを和らげたい方へ。夜も痛みで目が覚める、立ち上がるたびにつらいなど、日常生活に影響が出ていませんか。

こんなお悩みはありませんか？
・朝起きたときや立ち上がる瞬間に腰と脚が痛む
・座っているだけでお尻から脚にかけてしびれる
・痛み止めに頼りきりになっていて不安

椎間板ヘルニアの痛みは、飛び出した椎間板やその周りの炎症が神経を刺激することで起こると考えられています。また、痛みをかばって筋肉が固まり、さらに痛みを強める悪循環に入ることもあります。原因の確認や治療方針の決定は、整形外科で行う必要があります。

当院では、医療機関での診断を前提に、緊張した筋肉や姿勢、動作のクセを整え、痛みが出にくい体の使い方をサポートしています。

自宅では、楽に感じる姿勢を探し、その姿勢で休む時間を意識してとってみてください。

※足に力が入らない、強い麻痺、排尿・排便がうまくできないといった症状がある場合は、すぐに整形外科を受診してください。

岐阜県瑞穂市（穂積駅）で椎間板ヘルニアの痛みにお悩みの方は、みつむら接骨院へご相談ください。痛みを和らげる工夫は下記の記事でも詳しく解説しています。"
zutsu-tsubo-A,151,頭痛,A,頭痛に効くツボはある？押し方と限界｜岐阜県瑞穂市,https://www.058-327-7771.net/zutsu-tsubo/,2026-07-31,"岐阜県瑞穂市（穂積駅）で、頭痛のときにツボ押しを試している方へ。手軽にできる方法だからこそ、本当に意味があるのか気になりますよね。

こんなお悩みはありませんか？
・頭痛のときにこめかみや首の後ろを押している
・強く押したほうが効く気がして力が入る
・ツボ押しで良くならず不安になる

首肩や頭まわりを押すと、筋肉の緊張がやわらぎ、心地よさを感じる場合があると考えられます。ただし、ツボ押しで頭痛の原因そのものが解消されるとは限りません。強く押しすぎると、かえって痛みが増すこともあります。頭痛が続く場合は、まず医療機関で原因を確認してください。

当院では診断は行わず、首肩の筋肉の状態や姿勢、体の使い方を確認し、負担を整える補完的なサポートを行っています。

自宅で押すなら、痛気持ちいい程度の弱い力で、息を吐きながら数秒ずつにとどめましょう。

※突然の激しい頭痛、ろれつが回らない、手足の麻痺やしびれ、物が二重に見える、発熱と首の硬直を伴う場合は、すぐに救急や医療機関を受診してください。

岐阜県瑞穂市（穂積駅）で頭痛やツボ押しにお悩みの方は、みつむら接骨院へご相談ください。ツボの考え方と限界は下記の記事でも詳しく解説しています。"
daigo-chusokkotsu-A,235,スポーツ障害一般,A,ジョーンズ骨折とは？足の外側の痛みで知ってほしいこと｜瑞穂市,https://www.058-327-7771.net/daigo-chusokkotsu/,2026-08-18,"岐阜県瑞穂市（穂積駅）で足の外側の痛みにお悩みの方へ。サッカーで走ったり切り返したりするたびに足の外側が痛むと、プレーを続けてよいのか不安になりますよね。

こんなお悩みはありませんか？
・足の小指側の甲のあたりが、動くと痛む
・強く踏み込む、切り返す動作で痛みが強くなる
・腫れや押したときの痛みが数日続いている

第五中足骨という足の外側の骨には繰り返しの負荷がかかりやすく、ジョーンズ骨折と呼ばれる骨折が起こることがあります。この部位は血流が比較的乏しいとも言われ、経過に時間がかかる場合があると考えられます。骨折かどうかはレントゲンやCTなどの画像検査で確認する必要があり、初期には写りにくいこともあるため、整形外科での検査をおすすめします。

診断や治療方針の決定は医師の役割です。みつむら接骨院は、医師の診断を受けたうえで、足まわりの筋肉や体の使い方を整える補完的なサポートを担います。

ご自宅では、痛む足に強い体重をかけず、無理に動かさないようにしてください。

※強い腫れや変形、体重をかけられないほどの痛みがある場合は、早めに整形外科を受診してください。

岐阜県瑞穂市（穂積駅）で足の外側の痛みが気になる方は、みつむら接骨院へご相談ください。ジョーンズ骨折については下記の記事でも詳しく解説しています。"
soccer-okyu-A,193,サッカー,A,サッカーの怪我の応急処置｜岐阜・瑞穂市で受診の目安を解説,https://www.058-327-7771.net/soccer-okyu/,2026-07-31,"岐阜県瑞穂市（穂積駅）でサッカーの怪我の応急処置にお悩みの方へ。試合や練習中の突然の怪我に、どう動けばよいか迷う保護者や指導者の方も多いと思います。

こんなお悩みはありませんか？
・接触プレーの後に痛めた足首や膝を、続けてよいか分からない
・冷やすべきか温めるべきか迷う
・子どもが痛みを我慢してプレーしていないか心配

直後は安静・冷却・圧迫・挙上を基本に考えることが一般的と考えられます。ただ、見た目だけで骨折や靭帯の損傷を見分けるのは難しく、診断や画像検査は整形外科など医療機関の役割です。

当院は診断を行う場ではなく、医療機関で状態を確認したうえで、筋肉や関節まわりの負担を和らげ、体の使い方を整える補完的なサポートをしています。

自宅では痛む部位を無理に動かさず、氷のうなどで15〜20分ほど冷やして様子を見てください。

※強い痛みで体重をかけられない、明らかな変形がある、頭を打って意識がぼんやりする・吐き気がある場合は、プレーを中止してすぐ医療機関や救急を受診してください。

岐阜県瑞穂市（穂積駅）でサッカーの怪我の対応にお悩みの方は、みつむら接骨院へご相談ください。応急処置と受診の目安は下記の記事でも詳しく解説しています。"
sokuwan-check-A,89,側弯症,A,側弯症の症状セルフチェック｜岐阜県瑞穂市で早期発見のポイント,https://www.058-327-7771.net/sokuwan-check/,2026-07-30,"岐阜県瑞穂市（穂積駅）で側弯症のセルフチェックを探している方へ。ご自身やお子さんの背中の様子が気になると、確かめたくなりますよね。

こんなお悩みはありませんか？
・肩の高さや肩甲骨の出方に左右差がある
・前かがみになると背中の片側が盛り上がる
・ウエストのくびれや服の丈が左右で違う

これらは側弯症が隠れているサインのひとつと考えられます。ただし、見た目だけで診断はできません。確定にはレントゲン検査が必要で、これは整形外科の役割です。学校検診で指摘があれば、早めの受診をおすすめします。

みつむら接骨院では診断は行いません。背骨の曲がりそのものを変えることはできませんが、背中や腰の筋肉の張り、姿勢のクセを確認し、補完的なサポートをしています。

ご家庭では、まっすぐ立った状態と前かがみの状態を後ろから見て、左右差を写真で残しておくと受診時に役立ちます。

※強い背部痛、息苦しさ、手足のしびれ、短期間での急な進行がある場合は整形外科を受診してください。

岐阜県瑞穂市（穂積駅）で背中の左右差が気になる方は、みつむら接骨院へご相談ください。チェック方法は下記の記事でも詳しく解説しています。"
koyubi-shibire-A,325,肩腱板・神経・腱鞘炎・打撲骨折,A,小指がしびれる原因は？手・肘・首から考える（岐阜・瑞穂）,https://www.058-327-7771.net/koyubi-shibire/,2026-10-02,"岐阜県瑞穂市（穂積駅）で小指のしびれにお悩みの方へ。しびれの原因が分からないままだと、不安が大きくなります。

こんなお悩みはありませんか？
・小指や薬指がしびれることが増えた
・朝起きたときにしびれていることがある
・手だけでなく首や肩の重さも気になる

小指のしびれは、肘の内側での神経の圧迫、手首付近での神経の圧迫、首の神経の影響、胸郭出口での圧迫など、複数の場所が原因になりうると考えられます。どこが関係しているかは、症状の出方だけでは判断が難しく、整形外科での診察や検査が大切です。

診断と治療方針の決定は医療機関の役割です。当院（柔道整復師が施術）では、検査を受けたうえで、手・肘・首・肩の使い方や姿勢、筋肉の状態を確認し、補完的なサポートを行います。

ご自宅では、肘や手首を曲げたままの姿勢を長く続けないよう意識してみてください。

※突然のろれつが回らない、顔や片側の手足の麻痺やしびれ、激しい頭痛がある場合は、脳卒中の可能性があるため、ためらわず119番で救急要請をしてください。握力低下や指の動かしにくさがある場合は、整形外科を受診してください。

岐阜県瑞穂市（穂積駅）で小指のしびれの原因が気になる方は、みつむら接骨院へご相談ください。小指のしびれの見取り図は下記の記事でも詳しく解説しています。"
hiza-supporter-A,373,バレー＋一般症状,A,膝サポーターの効果と選び方｜膝の痛みで瑞穂市の方へ,https://www.058-327-7771.net/hiza-supporter/,2026-10-26,"岐阜県瑞穂市（穂積駅）で膝の痛みや不安定感にお悩みの方へ。ドラッグストアなどで種類が多く、どれを選べばよいのか迷う方も少なくありません。

こんなお悩みはありませんか？
・階段の上り下りやしゃがむ動作で膝が痛む
・サポーターを着けると楽な気がするが頼りきりで良いのか不安
・保温タイプや固定タイプの違いが分からない

膝は体重や着地の衝撃を受ける関節で、太ももやお尻の筋肉の使い方、足首の動き、歩き方などが負担に関わると考えられます。サポーターは安定感や保温を補助する道具であり、痛みの原因を治すものではありません。

膝に痛みが続くときは、整形外科で状態を確認することが大切です。診断は医療機関の役割で、当院は膝まわりの筋肉や姿勢、体の使い方を整える補完的なサポートを行います。

ご自宅では、痛みが出にくい範囲で太ももの前後をやさしく動かしてみてください。

※膝の強い腫れ・熱感、急に曲げ伸ばしができない、体重をかけられない場合は、早めに整形外科を受診してください。

岐阜県瑞穂市（穂積駅）で膝の痛みにお悩みの方は、みつむら接骨院へご相談ください。サポーターの選び方は下記の記事でも詳しく解説しています。"
yakyu-kata-naoranai-A,283,野球,A,野球肩が治らない原因と見直したいポイント｜瑞穂市,https://www.058-327-7771.net/yakyu-kata-naoranai/,2026-09-11,"岐阜県瑞穂市（穂積駅）で野球肩がなかなか改善しない方へ。休んでも投げるとまた痛むと、先が見えず焦りますよね。

こんなお悩みはありませんか？
・休むと楽になるが、投げるとぶり返す
・ストレッチやマッサージをしても変化が乏しい
・痛む場所が以前と変わってきた

野球肩が長引く背景には、痛みのある肩だけでなく、肩甲骨や胸まわり、股関節、体幹の動きの硬さが関わることがあると考えられています。また、腱や関節唇といった組織の状態、成長期であれば骨の状態が影響することもあり、原因の見極めには整形外科での検査が大切です。

診断や治療方針、投球再開の判断は医療機関の役割です。みつむら接骨院では、診断を受けたうえで、全身の動きや投球時の体の使い方を確認し、整える補完的なサポートを行います。

ご自宅では、痛みが出る動作や場面をメモして、練習量や休養との関係を振り返ってみてください。

※強い痛み、しびれ、腕が上がらない、夜間の痛みが続くときは、早めに整形外科を受診してください。

岐阜県瑞穂市（穂積駅）で野球肩の方は、みつむら接骨院へご相談ください。見直したいポイントは下記の記事でも詳しく解説しています。"
kyosaku-shujutsu-igai-A,27,脊柱管狭窄症,A,脊柱管狭窄症は手術しかない？手術以外の選択肢,https://www.058-327-7771.net/kyosaku-shujutsu-igai/,2026-07-24,"岐阜県瑞穂市（穂積駅）で、脊柱管狭窄症で手術を勧められて迷っている方へ。手術以外の選択肢はないのか、気になりますよね。

こんなお悩みはありませんか？
・手術と言われたが、まず他の方法を知りたい
・日常生活はなんとか送れるが、歩くのがつらい
・手術のタイミングをどう考えるべきか分からない

脊柱管狭窄症では、症状の程度や生活への影響に応じて、経過観察、薬物療法、リハビリ、神経ブロックなどの保存的な方法がとられることが多いと考えられています。手術が検討されるのは、症状が強い場合や、脱力・排尿排便の障害がある場合などです。どの選択が適しているかは、画像検査を踏まえた医師の判断になります。

当院は治療方針を決める立場ではなく、医療機関での方針を前提に、姿勢・筋肉・体の使い方を整える補完的なサポートを行います。

ご自宅では、疑問点を書き出して主治医に質問できるよう準備しておくのがおすすめです。

※足の脱力や排尿・排便のトラブルがある場合は、すぐに医療機関を受診してください。

岐阜県瑞穂市（穂積駅）で脊柱管狭窄症の手術以外の方法をお探しの方は、みつむら接骨院へご相談ください。選択肢は下記の記事でも詳しく解説しています。"
soccer-kokansetsu-stretch-A,195,サッカー,A,サッカーの股関節・鼠径部痛の原因｜岐阜県瑞穂市,https://www.058-327-7771.net/soccer-kokansetsu-stretch/,2026-07-31,"岐阜県瑞穂市（穂積駅）でサッカーによる股関節・鼠径部の痛みにお悩みの方へ。キックやダッシュのたびに脚の付け根がつらく、思うようにプレーできない状況は気がかりですよね。

こんなお悩みはありませんか？
・キックや方向転換で脚の付け根が痛む
・練習後に股関節まわりが張って重い
・休むと和らぐが、再開するとぶり返す

サッカーはキックや切り返しで股関節を大きく使うため、内ももや腹部の筋肉、骨盤まわりに負担が集まりやすいと考えられます。原因は筋肉の負担だけとは限らず、股関節そのものや腹部など別の要因が関わることもあるため、痛みが続く場合は整形外科での検査が大切です。

当院では診断は行わず、医療機関で状態を確認したうえで、骨盤や股関節まわりの筋肉の緊張、体の使い方を整える補完的なサポートをしています。

自宅では、痛みが出ない範囲で太ももの前や内側をゆっくり伸ばし、練習後の冷えを避けてください。

※安静にしていても痛む、脚に力が入らない、発熱を伴う、下腹部や睾丸付近の強い痛みがある場合は、早めに医療機関を受診してください。

岐阜県瑞穂市（穂積駅）で股関節・鼠径部の痛みにお悩みの方は、みつむら接骨院へご相談ください。ストレッチとセルフケアは下記の記事でも詳しく解説しています。"
zakotsu-kyuni-naotta-A,9,坐骨神経痛,A,坐骨神経痛が急に治ったのはなぜ？再発予防｜岐阜県瑞穂市,https://www.058-327-7771.net/zakotsu-kyuni-naotta/,2026-07-23,"岐阜県瑞穂市（穂積駅）で、坐骨神経痛が急に楽になって戸惑っている方へ。安心する一方で、また戻らないか心配になりますよね。

こんなお悩みはありませんか？
・痛みが突然なくなったが、理由が分からない
・以前も同じ痛みを繰り返したことがある
・いつ再発するか不安で動くのが怖い

痛みが急に軽くなる背景には、神経への圧迫が変化した、炎症が落ち着いたなど、いくつかの要因が考えられます。ただし原因となっている腰の状態そのものが変わったとは限らないため、油断は禁物です。気になる場合は整形外科で確認しておくと安心です。

当院では、診断は医療機関にお任せし、再発しにくい姿勢や体の使い方を整える補完的なサポートを行います。

自宅では、楽になった今こそ、座り方や荷物の持ち方を見直してみてください。

※足に力が入らない、排尿・排便がしにくいといった症状があるときは、すぐに整形外科を受診してください。

岐阜県瑞穂市（穂積駅）で坐骨神経痛の再発が心配な方は、みつむら接骨院へご相談ください。再発を防ぐ考え方は下記の記事でも詳しく解説しています。"
tsume-naishukketsu-A,237,スポーツ障害一般,A,爪の内出血でスパイクがつらい｜爪が黒くなる原因と考え方（瑞穂市）,https://www.058-327-7771.net/tsume-naishukketsu/,2026-08-19,"岐阜県瑞穂市（穂積駅）で、足の爪が黒くなってお悩みの方へ。サッカーの練習のあとに爪が黒ずんで痛むと、このまま続けてよいのか気になりますよね。

こんなお悩みはありませんか？
・スパイクを履くと爪の先が当たって痛い
・爪の下が黒や紫っぽく変色している
・爪が浮いてきた、または剥がれそう

つま先がスパイクの内側に繰り返し当たったり、急な停止で足が前へずれたりすることで、爪の下に出血が起こると考えられます。靴のサイズが合っていない、爪が長い、足指の使い方などが関係することもあります。爪の下に血がたまって強く痛む場合や、感染が心配な場合は、皮膚科や整形外科での処置が必要です。

爪そのものの処置は医療機関の役割です。みつむら接骨院では、足指や足首の動き、ふくらはぎの硬さなど、つま先に負担が集まりやすい体の使い方を整える補完的なサポートを行います。

ご自宅では、爪を短く整え、靴のつま先に余裕があるかを確認してみてください。

※強い痛みやズキズキする腫れ、赤み、膿、発熱がある場合は、早めに医療機関を受診してください。足の指を強く打って変形があるときは、骨折の可能性もあります。

岐阜県瑞穂市（穂積駅）で足の爪やつま先の痛みが気になる方は、みつむら接骨院へご相談ください。爪の内出血は下記の記事でも詳しく解説しています。"
volley-hiza-supporter-A,375,バレー＋一般症状,A,バレーの膝サポーター｜パッドの役割と選び方（岐阜・瑞穂）,https://www.058-327-7771.net/volley-hiza-supporter/,2026-10-27,"岐阜県瑞穂市（穂積駅）でバレーボールを続けながら膝の痛みや不安にお悩みの方へ。レシーブで膝をつく場面が多く、パッド付きのサポーターを検討している方もいらっしゃるでしょう。

こんなお悩みはありませんか？
・ジャンプの着地や踏み込みで膝が痛む
・床に膝をつくとき、ぶつけるのが怖い
・パッド付きのものが自分に必要か分からない

バレーはジャンプと着地、急な方向転換が多く、膝に負担が集まりやすい競技と考えられます。パッドは膝をつく際の衝撃を和らげ、サポーター本体は安定感や保温を補助する役割があります。ただし、痛みの原因を治すものではありません。

痛みが続く場合は、整形外科で状態を確認することが大切です。診断は医療機関の役割で、当院は着地の姿勢や下半身の筋肉、体の使い方を整える補完的なサポートを行います。

ご自宅では、着地時に膝がつま先より内側に入りすぎていないか、鏡で確認してみてください。

※膝の強い腫れ・熱感、ひっかかりや膝が抜ける感じ、体重をかけられない場合は、早めに整形外科を受診してください。

岐阜県瑞穂市（穂積駅）でバレーの膝の不調にお悩みの方は、みつむら接骨院へご相談ください。パッドの役割は下記の記事でも詳しく解説しています。"
kyokaku-deguchi-A,327,肩腱板・神経・腱鞘炎・打撲骨折,A,胸郭出口症候群のしびれ・だるさとストレッチ（岐阜・瑞穂）,https://www.058-327-7771.net/kyokaku-deguchi/,2026-10-03,"岐阜県瑞穂市（穂積駅）で、腕のしびれやだるさにお悩みの方へ。胸郭出口症候群かもしれないと言われて、ストレッチが気になる方も多いと思います。

こんなお悩みはありませんか？
・腕を上げる作業で、しびれやだるさが強まる
・肩こりがひどく、腕が重い
・重い荷物を持つと手がしびれる

胸郭出口は、首から腕へ向かう神経や血管が通る狭いすき間で、姿勢の崩れや筋肉の緊張、なで肩などによって圧迫されることがあると考えられます。ただし、首の神経や肘、手首など、他の原因との区別も必要なため、整形外科での診察が大切です。

診断と治療方針の決定は医療機関の役割です。当院（柔道整復師が施術）では、検査で状態を確認していただいたうえで、首、肩、胸まわりの筋肉と姿勢を整える補完的なサポートを行います。

ご自宅では、猫背や肩をすくめた姿勢を続けないよう、こまめに胸を開いて力を抜いてみてください。

※突然のろれつが回らない、顔や片側の手足の麻痺やしびれがある場合は、脳卒中の可能性があるため、ためらわず119番で救急要請をしてください。腕が急に腫れる、冷たく白くなる場合も、すぐに医療機関を受診してください。

岐阜県瑞穂市（穂積駅）で腕のしびれにお悩みの方は、みつむら接骨院へご相談ください。胸郭出口症候群のストレッチは下記の記事でも詳しく解説しています。"
yakyu-kata-stretch-A,285,野球,A,野球肩のストレッチ｜肩甲骨・胸郭から整えるケア 瑞穂市,https://www.058-327-7771.net/yakyu-kata-stretch/,2026-09-12,"岐阜県瑞穂市（穂積駅）で野球肩のストレッチを探している方へ。肩を強く引っ張るほど良いのか、迷いますよね。

こんなお悩みはありませんか？
・肩を伸ばすと痛みが強くなる
・肩甲骨まわりが硬く、腕が上がりにくい
・投げ終わりに背中側が張る

野球肩では、肩だけを強く伸ばすより、肩甲骨や胸郭（胸まわり）、股関節の動きを整えることが大切と考えられています。肩甲骨や胸郭の動きが小さいと、肩に負担が集まりやすくなるとされます。ただし、痛みの原因によっては、ストレッチが向かない時期もあります。

痛みの原因の確認や、動かしてよい時期の判断は整形外科の役割です。みつむら接骨院では、診断を受けたうえで、筋肉の緊張や体の使い方を確認し、無理のない範囲で整える補完的なサポートを行います。

ご自宅では、痛みが出ない範囲で、胸を開く動きや肩甲骨を寄せる動きをゆっくり行ってみてください。

※強い痛み、しびれ、腕が上がらないときは、ストレッチを中止して早めに整形外科を受診してください。

岐阜県瑞穂市（穂積駅）で野球肩の方は、みつむら接骨院へご相談ください。ストレッチは下記の記事でも詳しく解説しています。"
zutsu-katakori-A,153,頭痛,A,肩こりからくる頭痛｜悪循環を断つには｜岐阜県瑞穂市,https://www.058-327-7771.net/zutsu-katakori/,2026-07-31,"岐阜県瑞穂市（穂積駅）で、肩こりと頭痛が一緒に出る方へ。肩が張ってくると頭も重くなり、また肩が張る、という繰り返しに疲れてはいませんか。

こんなお悩みはありませんか？
・肩がこると決まって頭が重くなる
・首から後頭部にかけて張りを感じる
・マッサージを受けても、すぐ元に戻る

首肩の筋肉が緊張し続けると、血流や姿勢に影響し、頭痛につながることがあると考えられます。頭痛でさらに体がこわばり、肩こりが強まるという悪循環も起こり得ます。ただし、頭痛の原因がほかにある場合もあるため、続くときは医療機関で確認してください。

当院では診断は行わず、医療機関での確認を前提に、肩や首の筋肉の状態、肩甲骨まわりの動き、姿勢を確認し、負担を整える補完的なサポートを行っています。

自宅では、こまめに肩を回し、入浴で首肩を温めるところから始めてみてください。

※突然の激しい頭痛、ろれつが回らない、手足の麻痺やしびれ、物が二重に見える、発熱と首の硬直を伴う場合は、すぐに救急や医療機関を受診してください。

岐阜県瑞穂市（穂積駅）で肩こりからくる頭痛にお悩みの方は、みつむら接骨院へご相談ください。悪循環を断つ方法は下記の記事でも詳しく解説しています。"
soccer-kurubushi-A,197,サッカー,A,サッカーでくるぶしの下が痛い原因｜岐阜県瑞穂市,https://www.058-327-7771.net/soccer-kurubushi/,2026-07-31,"岐阜県瑞穂市（穂積駅）で、サッカー中にくるぶしの下や内くるぶしの痛みにお悩みの方へ。ダッシュや方向転換のたびに足首の内側が痛み、不安を感じている方もいらっしゃると思います。

こんなお悩みはありませんか？
・内くるぶしの下を押すと痛い
・切り返しやキックで足首の内側に響く
・練習後に足首のあたりが腫れぼったい

足首の内側には足を支える腱や靭帯が通っており、扁平足ぎみの足やスパイクの合わない状態、足首のひねりなどで負担が集まりやすいと考えられます。痛みの原因が腱の炎症なのか、骨に関わるものなのかは見た目で判断できないため、整形外科での検査が大切です。

当院では診断は行わず、医療機関で状態を確認したうえで、足首や下腿の筋肉の緊張、立ち方や走り方の体の使い方を整える補完的なサポートをしています。

自宅では、痛む時期は走る量を控え、ふくらはぎやすねをやさしくほぐして、足首を冷やしすぎないようにしてください。

※体重をかけられないほど痛い、明らかな腫れや変形がある、ひねった直後から強く痛む場合は、骨折の可能性もあるため早めに整形外科を受診してください。

岐阜県瑞穂市（穂積駅）でくるぶしの痛みにお悩みの方は、みつむら接骨院へご相談ください。原因と対処は下記の記事でも詳しく解説しています。"
gifu-yotsu-meii-A,131,腰痛×岐阜ローカル,A,岐阜で腰痛の名医を探す前に｜瑞穂市の方へ知ってほしいこと,https://www.058-327-7771.net/gifu-yotsu-meii/,2026-07-31,"岐阜県瑞穂市（穂積駅）で、腰痛の名医を探している方へ。何とかしたい気持ちから、評判のよい先生を探したくなるのは自然なことです。

こんなお悩みはありませんか？
・ネットの評判や口コミだけで病院を選んでよいか不安
・どこに行っても腰痛が変わらなかった
・先生を替えても変わらないのではと感じている

腰痛の原因は人によって異なり、どれだけ評判の高い医師や施術者でも、状態に合わない場所では力を発揮しにくいと考えられます。大切なのは、痛みの種類に合った相談先を選ぶことです。画像検査や診断が必要な場合は整形外科、筋肉や姿勢の負担が関わる場合は接骨院など、役割が異なります。

みつむら接骨院は、診断を行う立場ではなく、柔道整復師として姿勢・筋肉・体の使い方を整える補完的なサポートを行います。

自宅では、痛みの経過をメモしておくと、どの相談先でも状態が伝わりやすくなります。

※発熱を伴う腰痛、安静でも治まらない強い痛み、足の脱力、排尿・排便のトラブルがある場合は、すぐ医療機関を受診してください。

岐阜県瑞穂市（穂積駅）で腰痛の相談先に迷う方は、みつむら接骨院へご相談ください。名医探しの前に知っておきたい点は下記の記事でも詳しく解説しています。"
suberi-rehab-A,113,すべり症・分離症,A,すべり症のリハビリ・筋トレ｜体幹を支える考え方｜瑞穂市,https://www.058-327-7771.net/suberi-rehab/,2026-07-30,"岐阜県瑞穂市（穂積駅）で、すべり症のリハビリや筋トレについてお悩みの方へ。鍛えたほうがよいと聞いても、やり方を間違えて悪化しないか不安ですよね。

こんなお悩みはありませんか？
・腹筋運動で腰が痛くなる
・体幹が弱いと言われたが方法が分からない
・良くなってもまた痛くなる不安がある

すべり症では、お腹やお尻、背骨まわりの深い筋肉が背骨を支える助けになると考えられます。ただし、腰を反らす種目や勢いをつけた腹筋は負担になることがあり、強度や種目は状態によって異なります。運動を始める前に、整形外科で状態の確認と許可を得ることが大切です。

みつむら接骨院では、診断や運動の可否は医療機関の役割としたうえで、体の使い方や姿勢を整える補完的なサポートを行っています。

ご自宅では、仰向けで膝を立て、お腹に軽く力を入れて呼吸する動きから始めてみてください。

※足の脱力、排尿・排便のトラブル、脚の強いしびれが出た場合は、すぐに整形外科を受診してください。

岐阜県瑞穂市（穂積駅）ですべり症の体幹の鍛え方に迷う方は、みつむら接骨院へご相談ください。詳しくは下記の記事でも解説しています。"
ashiyubi-tsukiyubi-A,377,バレー＋一般症状,A,足の指の突き指の治し方｜歩けても油断できない理由（瑞穂市）,https://www.058-327-7771.net/ashiyubi-tsukiyubi/,2026-10-28,"岐阜県瑞穂市（穂積駅）で足の指を突いてしまい、痛みや腫れにお悩みの方へ。家具にぶつけたり、運動中に踏まれたりして、歩けるからと様子を見ている方も多いのではないでしょうか。

こんなお悩みはありませんか？
・足の指が腫れて紫色になってきた
・痛いけれど歩けるので放置している
・指がまっすぐ動かない気がする

足の指は小さいものの、体重を支える大切な部分です。歩けても骨折や靭帯の損傷が隠れている場合があると考えられます。見た目だけで判断せず、必要に応じて整形外科で画像検査を受けることが大切です。

診断や治療方針の決定は医療機関の役割で、当院は状態を確認したうえで、周囲の筋肉や歩き方など体の使い方を整える補完的なサポートを行います。

ご自宅では、痛みのある間は無理に動かさず、安静にして足を高くして休ませてください。指を引っ張るのは避けましょう。

※指が曲がらない・変形している・強い腫れや激しい痛みがある場合は、骨折や脱臼の可能性があるため、早めに整形外科を受診してください。

岐阜県瑞穂市（穂積駅）で足の指の突き指にお悩みの方は、みつむら接骨院へご相談ください。対処の考え方は下記の記事でも詳しく解説しています。"
gojukata-stretch-A,69,五十肩,A,五十肩のストレッチ｜時期に合わせた動かし方｜岐阜・瑞穂,https://www.058-327-7771.net/gojukata-stretch/,2026-07-30,"岐阜県瑞穂市（穂積駅）で、五十肩のストレッチに不安を感じている方へ。動かしたほうがよいのか、安静にすべきなのか、迷いますよね。

こんなお悩みはありませんか？
・動画を見て試したら痛みが強くなった
・ストレッチをしたいが悪化しそうで怖い
・今の自分に合う動かし方が分からない

五十肩は、時期によって適した動かし方が異なると考えられています。痛みが強い時期に無理に伸ばすと炎症を刺激する可能性があり、動きにくさが中心の時期には、痛みの出ない範囲で動かすことが大切と言われています。腱板の損傷など別の原因が隠れている場合もあるため、診断や画像検査は整形外科の役割です。

当院では、柔道整復師が肩の状態と時期を確認し、その時期に合った動かし方をお伝えしながら、筋肉や姿勢を整える補完的なサポートを行います。

ご自宅では「痛気持ちいい」を超えない範囲で、呼吸を止めずにゆっくり行ってください。

※夜間の強い痛みが続く、腕に力が入らない、しびれや胸の締めつけを伴う場合は、早めに医療機関を受診してください。

岐阜県瑞穂市（穂積駅）で五十肩のストレッチにお悩みの方は、みつむら接骨院へご相談ください。時期に合わせた動かし方は下記の記事でも詳しく解説しています。"
herunia-gekitsu-arukenai-A,49,椎間板ヘルニア,A,椎間板ヘルニアで激痛・歩けないとき｜瑞穂市の接骨院,https://www.058-327-7771.net/herunia-gekitsu-arukenai/,2026-07-25,"岐阜県瑞穂市（穂積駅）で椎間板ヘルニアの激痛に悩み、歩くのもつらい方へ。急に動けなくなると、とても不安になりますよね。

こんなお悩みはありませんか？
・腰から脚への痛みで立っているのもつらい
・数歩歩くだけで脚が痛み、休みながらでないと進めない
・寝返りや体の向きを変えるだけで激痛が走る

椎間板ヘルニアでは、飛び出した椎間板が神経を強く刺激し、強い痛みが出ると考えられています。ただし、歩けないほどの痛みは、ほかの原因が隠れている可能性もあるため、整形外科での画像検査や診察がまず大切です。診断と治療方針の決定は医療機関の役割です。

当院では、医療機関で状態を確認していただいたうえで、痛みが落ち着いてきた段階で、姿勢や筋肉の緊張を整える補完的なサポートを行っています。

自宅では、楽な姿勢で安静にし、無理に動いたり、我慢して歩いたりしないようにしてください。

※足に力が入らない、強い麻痺、排尿・排便がうまくできないといった症状がある場合は、すぐに整形外科を受診してください。

岐阜県瑞穂市（穂積駅）で椎間板ヘルニアの強い痛みにお悩みの方は、まず整形外科を受診のうえ、落ち着いた段階でみつむら接骨院へご相談ください。詳しくは下記の記事でも解説しています。"
chikotsuen-A,241,スポーツ障害一般,A,恥骨炎とは？恥骨・股関節の付け根が痛む原因｜岐阜県瑞穂市,https://www.058-327-7771.net/chikotsuen/,2026-08-21,"岐阜県瑞穂市（穂積駅）で、恥骨や股関節の付け根の痛みにお悩みの方へ。サッカーのキックやダッシュのたびに股のあたりが痛むと、思うようにプレーできずつらいですよね。

こんなお悩みはありませんか？
・キックやダッシュで恥骨のあたりが痛む
・切り返しや方向転換で股の内側が痛い
・練習後や朝に、下腹部の下のほうが重く痛い

恥骨炎は、骨盤の前側にある恥骨結合に繰り返し負荷がかかって痛みが出る状態と言われます。股関節や内ももの筋肉、腹筋まわりの使い方のバランス、骨盤の動きなどが関係すると考えられます。ただし、鼠径ヘルニア、股関節の病気、疲労骨折など別の原因でも似た痛みが出ることがあるため、整形外科での検査が大切です。

診断は医療機関の役割です。みつむら接骨院は、検査で大きな問題がないと言われたあとなどに、股関節や体幹、骨盤まわりの動きを整える補完的なサポートを行います。

ご自宅では、痛みが出る動作の量を控えめにし、股の内側を無理に伸ばさないようにしてください。

※発熱を伴う、歩くのもつらい強い痛み、下腹部や股の腫れ、排尿の異常がある場合は、早めに医療機関を受診してください。

岐阜県瑞穂市（穂積駅）で恥骨や股関節の付け根の痛みが気になる方は、みつむら接骨院へご相談ください。恥骨炎は下記の記事でも詳しく解説しています。"
sokuwan-youtsu-A,91,側弯症,A,側弯症と腰痛の関係｜岐阜県瑞穂市で負担がかかりやすい理由,https://www.058-327-7771.net/sokuwan-youtsu/,2026-07-30,"岐阜県瑞穂市（穂積駅）で側弯症に伴う腰痛にお悩みの方へ。「側弯があるから腰が痛いのだろうか」と気になりますよね。

こんなお悩みはありませんか？
・立ち仕事や座りっぱなしで腰が重くなる
・左右どちらかの腰だけが張りやすい
・湿布やマッサージでも楽になりにくい

側弯症では背骨のバランスが崩れやすく、腰や背中の筋肉の一部に負担が偏りやすいと考えられます。ただし、腰痛の原因は側弯以外にもあり、側弯があっても痛みが出るとは限りません。

痛みの背景に椎間板や神経の問題が隠れていないかは、整形外科の検査で確認することが大切です。みつむら接骨院では、背骨の曲がりそのものを治すことはできませんが、腰まわりの筋肉の緊張や姿勢、動き方を整える補完的なサポートを行っています。

自宅では、同じ姿勢を続けず、こまめに体を動かして血流を保つことを意識してみてください。

※強い背部痛、息苦しさ、手足のしびれや脱力、安静でも治まらない痛みがある場合は整形外科を受診してください。

岐阜県瑞穂市（穂積駅）で側弯症と腰痛にお悩みの方は、みつむら接骨院へご相談ください。両者の関係は下記の記事でも詳しく解説しています。"
soccer-ashiura-A,199,サッカー,A,サッカーで足の裏が痛い｜足底腱膜炎のサインと岐阜・瑞穂,https://www.058-327-7771.net/soccer-ashiura/,2026-07-31,"岐阜県瑞穂市（穂積駅）で、サッカー中に足の裏の痛みにお悩みの方へ。踏み込むたびに足裏がズキッとし、プレーに集中できない状況は不安になりますよね。

こんなお悩みはありませんか？
・朝、起きて最初の一歩で足の裏が痛い
・かかと付近や土踏まずを押すと痛い
・走り込みや練習量が増えてから痛みが出てきた

サッカーでは走る・蹴る・止まる動作で足裏の膜（足底腱膜）に繰り返し負担がかかり、足底腱膜炎と呼ばれる状態につながることがあると考えられます。ただし、足裏の痛みには骨や神経が関わる別の原因もあるため、痛みが続く場合は整形外科での検査が大切です。

当院では診断は行わず、医療機関で状態を確認したうえで、ふくらはぎや足裏の筋肉の緊張、足の使い方を整える補完的なサポートをしています。

自宅では、ふくらはぎをゆっくり伸ばし、足裏をテニスボールなどで軽く転がす程度にとどめ、痛みが出る強さは避けてください。

※足裏を強く打った後の激しい痛み、体重をかけられない、腫れや内出血がある場合は、骨折の可能性もあるため整形外科を受診してください。

岐阜県瑞穂市（穂積駅）で足の裏の痛みにお悩みの方は、みつむら接骨院へご相談ください。足底腱膜炎のサインと対処は下記の記事でも詳しく解説しています。"
dokeruban-A,329,肩腱板・神経・腱鞘炎・打撲骨折,A,ドケルバン病とは？親指側の手首が痛む腱鞘炎（岐阜・瑞穂）,https://www.058-327-7771.net/dokeruban/,2026-10-04,"岐阜県瑞穂市（穂積駅）で、親指側の手首の痛みにお悩みの方へ。ドケルバン病かもしれないと心配な方もいらっしゃると思います。

こんなお悩みはありませんか？
・親指を広げたり、物をつかんだりすると手首が痛い
・赤ちゃんの抱っこやスマホ操作で痛みが強まる
・親指側の手首が腫れぼったく感じる

ドケルバン病は、親指を動かす腱が通る手首のトンネル（腱鞘）で、腱の動きが悪くなって炎症が起こる状態と考えられます。手の使いすぎや、育児、スマホやパソコン作業の多い生活が背景になることがあります。他の疾患との区別も必要なため、整形外科での診察が大切です。

診断と治療方針の決定は医療機関の役割です。当院（柔道整復師が施術）では、検査で状態を確認していただいたうえで、前腕の筋肉や手首の使い方、姿勢などを整える補完的なサポートを行います。

ご自宅では、親指を大きく広げて握る動作や、手首を強くひねる動作を減らしてみてください。

※手首が赤く腫れて熱を持つ、発熱がある、指が急に動かなくなった場合は、早めに医療機関を受診してください。

岐阜県瑞穂市（穂積駅）で親指側の手首の痛みにお悩みの方は、みつむら接骨院へご相談ください。ドケルバン病は下記の記事でも詳しく解説しています。"
little-league-shoulder-A,287,野球,A,リトルリーグショルダーとは？成長期の投球で肩が痛む 瑞穂市,https://www.058-327-7771.net/little-league-shoulder/,2026-09-13,"岐阜県瑞穂市（穂積駅）で、お子さんの肩の痛みが気になる保護者の方へ。投げたがる子に、どこまでやらせてよいのか悩みますよね。

こんなお悩みはありませんか？
・投げた後に肩を気にしたり、腕を回したがらない
・肩の外側や上のほうを押すと痛がる
・以前より球が走らなくなった

リトルリーグショルダーは、成長期の投球で肩の成長軟骨に負担がかかった状態を指す呼び名として知られています。成長期の骨の端は大人より弱く、投球の繰り返しで負担が集まりやすいと考えられています。痛みの程度と骨の状態が一致しないこともあり、整形外科での確認が大切です。

診断や、投球の休止・再開の判断は医師の役割です。みつむら接骨院では、診断を受けたうえで、肩甲骨・胸郭・股関節・体幹など体の使い方を整える補完的なサポートを行います。

ご自宅では、痛みがあるうちは投げさせず、痛みを言い出しやすい声かけを心がけてください。

※強い痛み、腫れ、しびれ、腕が上がらないときは、早めに整形外科を受診してください。

岐阜県瑞穂市（穂積駅）で成長期の肩の痛みの方は、みつむら接骨院へご相談ください。リトルリーグショルダーは下記の記事でも詳しく解説しています。"
tsukiyubi-magaranai-A,379,バレー＋一般症状,A,突き指が曲がらない原因と受診すべきサイン｜瑞穂市の接骨院,https://www.058-327-7771.net/tsukiyubi-magaranai/,2026-10-29,"岐阜県瑞穂市（穂積駅）で突き指をして、指が曲がらず不安な方へ。ボールを受けた拍子に指を痛めると、そのうち治るだろうと様子を見てしまいがちです。

こんなお悩みはありませんか？
・突き指のあと指がしっかり曲がらない
・指の関節が腫れて太くなったまま
・痛みは引いたのに指先が伸びきらない

突き指は指の関節まわりの靭帯や腱、骨などを傷める怪我の総称で、曲がらない背景には強い腫れのほか、骨折・脱臼、腱の損傷が隠れている場合もあると考えられます。自己判断は難しく、整形外科での画像検査が大切です。

診断や治療方針の決定は医療機関の役割で、当院は状態を確認しつつ、診断後の回復期に関節まわりの動きや体の使い方を整える補完的なサポートを行います。

ご自宅では、痛む指を無理に動かさず、安静にしてください。指を引っ張ったり、揉んだりするのは避けましょう。

※指が曲がらない・変形している・強い腫れや激しい痛みがある場合は、骨折や脱臼の可能性があるため、早めに整形外科を受診してください。

岐阜県瑞穂市（穂積駅）で突き指にお悩みの方は、みつむら接骨院へご相談ください。受診のサインは下記の記事でも詳しく解説しています。"
soccer-oyayubi-A,201,サッカー,A,サッカーで足の親指の付け根が痛い原因｜瑞穂市,https://www.058-327-7771.net/soccer-oyayubi/,2026-07-31,"岐阜県瑞穂市（穂積駅）で、サッカー中に足の親指の付け根の痛みにお悩みの方へ。蹴る・踏ん張るたびに痛み、プレーに影響が出ていると気がかりですよね。

こんなお悩みはありませんか？
・キックや踏み込みで親指の付け根がズキッとする
・親指の付け根あたりが腫れて、靴が当たると痛い
・練習を重ねるうちに痛みが強くなってきた

親指の付け根は、蹴る・踏み返す動作で体重と力が集まりやすい場所で、関節や腱、骨まわりに負担がかかる状態が起こりやすいと考えられます。痛みの原因が関節なのか骨なのかは見た目で判断しにくいため、整形外科での検査が大切です。

当院では診断は行わず、医療機関で状態を確認したうえで、足の指や足裏、ふくらはぎの筋肉の緊張、踏み込み方など体の使い方を整える補完的なサポートをしています。

自宅では、痛む時期は強く蹴る動作を減らし、ふくらはぎや足裏をやさしくほぐして様子を見てください。

※強く踏まれた・打った後の激しい痛み、腫れや内出血、体重をかけられない、足の指が動かしにくい場合は、骨折の可能性もあるため整形外科を受診してください。

岐阜県瑞穂市（穂積駅）で足の親指の付け根の痛みにお悩みの方は、みつむら接骨院へご相談ください。原因と受診の目安は下記の記事でも詳しく解説しています。"
yutsusei-gaikeikotsu-A,243,スポーツ障害一般,A,有痛性外脛骨とは？足の内側の出っ張りが痛む原因｜瑞穂市,https://www.058-327-7771.net/yutsusei-gaikeikotsu/,2026-08-22,"岐阜県瑞穂市（穂積駅）で、足の内側の痛みにお悩みの方へ。土踏まずの上あたりの骨の出っ張りが、運動のあとや靴に当たるたびに痛むと、気になりますよね。

こんなお悩みはありませんか？
・足の内側の骨の出っ張りを押すと痛い
・スポーツや長く歩いたあとに足の内側が痛む
・靴が当たるとズキッとする

外脛骨は足の内側にある過剰な骨で、一部の方にみられると言われます。普段は痛みが出ないことが多い一方で、走る、跳ぶ、足首をひねるといった動作や、足のアーチが下がる動き、靴の圧迫などが重なると痛みが出る場合があると考えられます。成長期のお子さんにも多いとされています。足の内側の痛みには別の病気が隠れていることもあるため、整形外科でレントゲンなどの確認をおすすめします。

診断は医療機関の役割です。みつむら接骨院では、足のアーチや足首の動き、ふくらはぎやすねの筋肉の状態を確認し、補完的に整えるサポートを行います。成長期は医師と連携して進めます。

ご自宅では、痛む部分を強く押したりもんだりせず、靴のフィット感を確認してみてください。

※強い腫れや赤み、歩けないほどの痛み、捻挫のあとに急に痛みが出た場合は、早めに整形外科を受診してください。

岐阜県瑞穂市（穂積駅）で足の内側の痛みが気になる方は、みつむら接骨院へご相談ください。有痛性外脛骨は下記の記事でも詳しく解説しています。"
zakotsu-nenagara-stretch-A,11,坐骨神経痛,A,坐骨神経痛の寝ながらストレッチ｜岐阜県瑞穂市の安全なやり方,https://www.058-327-7771.net/zakotsu-nenagara-stretch/,2026-07-23,"岐阜県瑞穂市（穂積駅）で坐骨神経痛の痛みに悩み、立ってのストレッチがつらい方へ。寝たままなら試せそうと考える方も多いと思います。

こんなお悩みはありませんか？
・立ったままのストレッチだと腰や脚が痛む
・どのくらい伸ばせばよいのか分からない
・やりすぎて痛みが強まったことがある

寝た姿勢は腰への負担が少なく、筋肉の緊張をやわらげやすいと考えられます。ただし、痛みやしびれが強まる動きは避ける必要があります。背景に椎間板ヘルニアなどがある場合は、動かし方の注意点が異なることもあるため、整形外科での確認をおすすめします。

当院では診断は行わず、状態に合わせた無理のない動かし方や姿勢を補完的にお伝えしています。

自宅では、痛みの手前で止め、呼吸を止めずにゆっくり行うことを意識してみてください。

※足に力が入らない、排尿・排便がしにくいといった症状があるときは、すぐに整形外科を受診してください。

岐阜県瑞穂市（穂積駅）で坐骨神経痛のストレッチに不安のある方は、みつむら接骨院へご相談ください。安全なやり方は下記の記事でも詳しく解説しています。"
kyosaku-nenagara-stretch-A,29,脊柱管狭窄症,A,脊柱管狭窄症の寝ながらストレッチ｜高齢の方も無理なく,https://www.058-327-7771.net/kyosaku-nenagara-stretch/,2026-07-24,"岐阜県瑞穂市（穂積駅）で、脊柱管狭窄症で寝ながらできる体操を探している方へ。立つのがつらい日も、無理なくできる方法があればと思われるのではないでしょうか。

こんなお悩みはありませんか？
・立ったり歩いたりするのがつらい
・体力に自信がなく、激しい運動は不安
・寝る前や起床時に腰まわりがこわばる

脊柱管狭窄症は、腰を反らす姿勢で症状が出やすいと考えられています。仰向けで膝を軽く曲げる姿勢は腰が反りにくく、比較的取り組みやすい場合があります。ただし、合う・合わないには個人差があり、しびれが強まるなら中止が基本です。

診断と治療方針は医療機関の役割です。当院は、姿勢・筋肉・体の使い方を整える補完的なサポートを行い、お一人おひとりに合った動かし方をお伝えします。

ご自宅では、仰向けで膝を立て、呼吸に合わせて足をゆっくり左右に倒す程度から、痛みのない範囲でお試しください。

※足の脱力、排尿・排便の異常がある場合は、すぐに医療機関を受診してください。

岐阜県瑞穂市（穂積駅）で脊柱管狭窄症の体操にお悩みの方は、みつむら接骨院へご相談ください。寝ながらできる方法は下記の記事でも詳しく解説しています。"
zutsu-neoki-A,155,頭痛,A,寝起きの頭痛の原因｜朝だけ痛むときは｜岐阜県瑞穂市,https://www.058-327-7771.net/zutsu-neoki/,2026-07-31,"岐阜県瑞穂市（穂積駅）で、朝起きたときの頭痛にお悩みの方へ。一日の始まりから頭が痛いと、気分も沈んでしまいますよね。

こんなお悩みはありませんか？
・朝起きると頭が重い、痛い
・起きて時間がたつと少し楽になる
・首や肩がこわばった状態で目が覚める

寝起きの頭痛には、枕の高さや寝姿勢による首肩の負担、睡眠不足や寝すぎ、睡眠中の呼吸の状態などが関わる場合があると考えられます。ただし、朝の頭痛が繰り返し起こる場合は、睡眠に関する問題や、ほかの病気が背景にあることもあります。頻繁に続くときは内科や脳神経内科などの医療機関にご相談ください。

当院では診断は行わず、医療機関での確認を前提に、首肩の筋肉の状態や寝姿勢、姿勢の癖を確認し、負担を整える補完的なサポートを行っています。

自宅では、枕の高さを見直し、就寝前に首肩を温めて起床時間を一定にしてみてください。

※突然の激しい頭痛、ろれつが回らない、手足の麻痺やしびれ、物が二重に見える、発熱と首の硬直を伴う場合は、すぐに救急や医療機関を受診してください。

岐阜県瑞穂市（穂積駅）で寝起きの頭痛にお悩みの方は、みつむら接骨院へご相談ください。原因と改善のヒントは下記の記事でも詳しく解説しています。"
volley-kata-A,381,バレー＋一般症状,A,バレーで肩が痛い｜スパイクで痛む原因と対処（岐阜・瑞穂）,https://www.058-327-7771.net/volley-kata/,2026-10-30,"岐阜県瑞穂市（穂積駅）でバレーボールのスパイクやサーブで肩が痛む方へ。試合や練習を休みたくない気持ちから、痛みを抱えたままプレーを続けている方もいらっしゃるでしょう。

こんなお悩みはありませんか？
・スパイクを打つ瞬間に肩の前や奥が痛む
・腕を上げ切ると引っかかる感じがある
・練習後に肩が重だるく、夜もうずく

腕を大きく振り上げる動作を繰り返すため、肩甲骨や胸まわり、体幹の動きが硬いと肩に負担が集中しやすいと考えられます。原因が腱や関節の損傷の場合もあるため、整形外科での検査が大切です。

診断は医療機関の役割で、当院は肩甲骨や背中、体の使い方を整える補完的なサポートを行います。

ご自宅では、練習後に胸を開くようなやさしいストレッチを、痛みが出ない範囲で行ってみてください。

※夜間の強い痛み、腕が上がらない、急に力が入らない、しびれがある場合は、早めに整形外科を受診してください。

岐阜県瑞穂市（穂積駅）でバレーの肩の痛みにお悩みの方は、みつむら接骨院へご相談ください。肩のケアは下記の記事でも詳しく解説しています。"
kata-inner-muscle-A,289,野球,A,野球肩のインナーマッスル｜岐阜・瑞穂で投球障害予防,https://www.058-327-7771.net/kata-inner-muscle/,2026-09-14,"岐阜県瑞穂市（穂積駅）で野球肩のインナーマッスルケアにお悩みの方へ。投げ込みが続くと肩の奥に重だるさが出て、練習を続けてよいのか不安になりますよね。

こんなお悩みはありませんか？
・投球中や投げ終わりに肩の奥が痛む
・肩が上がりにくく、球の走りが落ちた気がする
・ウォーミングアップをしても肩が温まりにくい

肩のインナーマッスルは、腕を上げる際に肩関節を安定させる小さな筋肉群です。ここに疲労がたまると、肩の動きが乱れて負担が偏りやすくなると考えられます。痛みが続く場合は、まず整形外科での検査をおすすめします。

みつむら接骨院は診断をする場ではなく、肩甲骨まわりや体幹、股関節など体全体の使い方を整える補完的なサポートを行っています。

ご自宅では、軽いチューブなどで痛みが出ない範囲だけ動かし、投球後は肩を冷やさず休ませる意識を持ちましょう。

※強い痛み、しびれ、腕が上がらないなどの症状があるときは、早めに整形外科を受診してください。

岐阜県瑞穂市（穂積駅）で野球肩にお悩みの方は、みつむら接骨院へご相談ください。インナーマッスルの考え方は下記の記事でも詳しく解説しています。"
dokeruban-support-A,331,肩腱板・神経・腱鞘炎・打撲骨折,A,ドケルバン病のサポーターとテーピングの考え方｜瑞穂市,https://www.058-327-7771.net/dokeruban-support/,2026-10-05,"岐阜県瑞穂市（穂積駅）で、手首の親指側の痛み（ドケルバン病が気になる症状）にお悩みの方へ。スマホや家事、育児で手を使う毎日だと、サポーターやテーピングをどう使えばよいか迷いますよね。

こんなお悩みはありませんか？
・親指を動かすと手首の親指側がズキッと痛む
・物をつまむ、ペットボトルを開けるのがつらい
・手首の親指側が腫れぼったい

親指を動かす腱と、それを包む腱鞘が、使いすぎで擦れ合っている状態と考えられます。ただし手首の痛みには骨折や関節の病気が隠れていることもあるため、まずは整形外科での診察をおすすめします。

当院では診断は行わず、医療機関の診察を前提に、手や前腕の筋肉の緊張、手の使い方を確認して負担を減らすお手伝いをします。サポーターやテーピングは動きを補助するもので、治療ではありません。

自宅では、親指をひねる動作や強くつまむ動作を減らし、痛みが強い日は手首を休ませてあげてください。

※腫れや変形が強い、指が動かせない、しびれが広がる場合は、早めに医療機関を受診してください。

岐阜県瑞穂市（穂積駅）で手首の親指側の痛みでお困りの方は、みつむら接骨院へご相談ください。サポーターとテーピングの考え方は下記の記事でも詳しく解説しています。"
soccer-achilles-A,203,サッカー,A,サッカーでアキレス腱が痛い｜腱炎のサインと瑞穂市,https://www.058-327-7771.net/soccer-achilles/,2026-07-31,"岐阜県瑞穂市（穂積駅）で、サッカー中にアキレス腱の痛みにお悩みの方へ。ダッシュやジャンプのたびに違和感があり、悪化しないか心配な方も多いと思います。

こんなお悩みはありませんか？
・朝や練習の始めにアキレス腱がこわばって痛い
・ダッシュやジャンプで、かかとの上あたりが痛む
・アキレス腱を触ると硬く、腫れぼったい

アキレス腱は走る・跳ぶ・蹴る動作で大きな力がかかり、練習量の増加やふくらはぎの硬さ、スパイクや路面の影響が重なると、腱炎のような状態になると考えられます。痛みの程度や腱の状態は見た目で判断できないため、整形外科での検査が大切です。

当院では診断は行わず、医療機関で状態を確認したうえで、ふくらはぎや足首まわりの筋肉の緊張、走り方や着地の体の使い方を整える補完的なサポートをしています。

自宅では、痛みが強い時期はダッシュやジャンプを控え、ふくらはぎをやさしく伸ばす程度にしてください。強く引っ張るのは避けましょう。

※「ブチッ」という音や衝撃の後に歩けない・つま先立ちができない場合は、アキレス腱断裂の可能性があるため、すぐ整形外科を受診してください。

岐阜県瑞穂市（穂積駅）でアキレス腱の痛みにお悩みの方は、みつむら接骨院へご相談ください。腱炎のサインと受診の目安は下記の記事でも詳しく解説しています。"
sokuwan-seitai-A,93,側弯症,A,側弯症は整体で治る？できること・できないこと｜岐阜県瑞穂市,https://www.058-327-7771.net/sokuwan-seitai/,2026-07-30,"岐阜県瑞穂市（穂積駅）で側弯症と整体についてお悩みの方へ。「整体で背骨のカーブが治るなら通いたい」と考えるのは自然なことですが、期待と現実の差を知っておくことが大切です。

こんなお悩みはありませんか？
・整体で背骨の曲がりが治るのか知りたい
・肩の高さや腰のラインの左右差が気になる
・背中や腰の張りが続いている

側弯症は背骨がねじれを伴って曲がる状態で、曲がりの角度（コブ角）そのものを整体や手技で治すことはできません。程度の評価や経過観察、装具などの方針は整形外科の役割です。一方で、曲がりの周囲の筋肉は張りやすく、背中や腰の重だるさにつながることがあると考えられます。

当院は診断や治療方針の決定は行わず、整形外科での評価を前提に、姿勢や筋肉の緊張、体の使い方を整える補完的なサポートを担います。

自宅では、長時間同じ姿勢を続けず、こまめに肩や背中を動かして力を抜く習慣がおすすめです。

※強い背部痛、息苦しさ、手足のしびれ、曲がりの急な進行がある場合は、整形外科を早めに受診してください。

岐阜県瑞穂市（穂積駅）で側弯症に伴う体の張りにお悩みの方は、みつむら接骨院へご相談ください。整体でできること・できないことは下記の記事でも詳しく解説しています。"
hikotsukin-kenen-A,245,スポーツ障害一般,A,腓骨筋腱炎とは？外くるぶしの後ろが痛む原因｜岐阜・瑞穂市,https://www.058-327-7771.net/hikotsukin-kenen/,2026-08-23,"岐阜県瑞穂市（穂積駅）で、足の外側や外くるぶしの後ろの痛みにお悩みの方へ。走るたびに足首の外側が痛むと、捻挫の後遺症なのか気になりますよね。

こんなお悩みはありませんか？
・外くるぶしの後ろが歩くと痛い
・足首を外側に返す動きで痛みが出る
・捻挫のあと、外側にだるさや痛みが残っている

腓骨筋腱は外くるぶしの後ろを通り、足首の外側を支える役割をしています。足首の捻挫後の不安定さ、走り込みの増加、足の外側に体重が乗りやすいクセなどで腱に負担が重なり、炎症が起こると考えられます。一方で、腱の損傷や骨折など別の原因でも似た痛みが出ることがあるため、整形外科での検査をおすすめします。

診断は医療機関の役割です。みつむら接骨院は、足首の動きや足裏、ふくらはぎの筋肉、体重の乗せ方などを整える補完的なサポートを行います。

ご自宅では、痛みが強い日は走る量を減らし、足首の外側を強くもみ込まないようにしてください。

※足首が大きく腫れた、体重をかけられない、強い痛みとともに足首がずれる感じがある場合は、早めに整形外科を受診してください。

岐阜県瑞穂市（穂積駅）で足首の外側の痛みが気になる方は、みつむら接骨院へご相談ください。腓骨筋腱炎は下記の記事でも詳しく解説しています。"
bunri-rentgen-A,115,すべり症・分離症,A,分離症はレントゲンで分からない？岐阜県瑞穂市で検査を解説,https://www.058-327-7771.net/bunri-rentgen/,2026-07-30,"岐阜県瑞穂市（穂積駅）で、腰椎分離症の検査についてお悩みの方へ。レントゲンで異常なしと言われたのに腰が痛いと、不安が残りますよね。

こんなお悩みはありませんか？
・腰を反らすと痛みが強くなる
・運動後に腰の痛みが続く
・レントゲンで異常なしと言われたが心配

分離症は、腰の骨の一部に疲労による亀裂が入る状態で、特に成長期の初期段階ではレントゲンに写らないことがあると考えられます。その場合、MRIやCTによる検査が診断の助けになります。画像検査と診断は整形外科の役割です。

みつむら接骨院では、診断は医療機関の役割としたうえで、痛みが出る動きの確認や、姿勢・体の使い方を整える補完的なサポートを行っています。

ご自宅では、痛みが出る動作を控え、腰を反らす動きやジャンプ動作を避けて様子を見てください。

※足の脱力、排尿・排便のトラブル、脚の強いしびれが出た場合は、すぐに整形外科を受診してください。スポーツの休止や復帰は医師の指示に従ってください。

岐阜県瑞穂市（穂積駅）で分離症の検査に迷う方は、みつむら接骨院へご相談ください。検査の話は下記の記事でも詳しく解説しています。"
volley-hiza-A,383,バレー＋一般症状,A,バレーで膝が痛い原因｜ジャンプ着地の負担（岐阜県瑞穂市）,https://www.058-327-7771.net/volley-hiza/,2026-10-31,"岐阜県瑞穂市（穂積駅）でバレーボールのジャンプや着地で膝が痛む方へ。痛みがあっても大会や練習が続くと、つい我慢してしまいますよね。

こんなお悩みはありませんか？
・ジャンプの着地で膝の前が痛む
・練習後に膝が腫れぼったい、曲げると痛い
・膝の裏に違和感や張りを感じる

繰り返すジャンプと着地の衝撃に加え、着地時の膝の向き、太ももやお尻の筋力、足首の硬さなどが膝の負担に関わると考えられます。成長期は骨の付着部が痛むこともあり、原因の見極めには整形外科での検査が大切です。

診断や復帰の判断は医療機関の役割で、当院は着地の姿勢や下半身の使い方を整える補完的なサポートを行います。

ご自宅では、練習後に太ももの前後をゆっくり伸ばし、膝を冷やしすぎない範囲でいたわってください。

※膝の裏の痛みや腫れ（血栓の可能性）、膝に水がたまる、熱感を伴う腫れ（感染の可能性）、体重をかけられない場合は、早めに医療機関を受診してください。

岐阜県瑞穂市（穂積駅）でバレーの膝の痛みにお悩みの方は、みつむら接骨院へご相談ください。原因は下記の記事でも詳しく解説しています。"
gojukata-ninoude-A,71,五十肩,A,五十肩で二の腕まで痛いのはなぜ？関連痛の仕組み｜岐阜・瑞穂,https://www.058-327-7771.net/gojukata-ninoude/,2026-07-30,"岐阜県瑞穂市（穂積駅）で、肩から二の腕まで広がる痛みにお悩みの方へ。肩の不調のはずが腕まで痛むと、別の病気ではと心配になりますよね。

こんなお悩みはありませんか？
・肩だけでなく二の腕にもズキズキした痛みがある
・腕の外側から肘にかけて重だるい
・どこが悪いのか自分では判断できない

肩まわりに炎症や筋肉の緊張があると、痛みの原因とは離れた場所に痛みを感じる「関連痛」が起こることがあると言われます。肩の周囲の筋肉や関節、首からの神経の影響なども考えられます。首の神経や腱板の問題でも似た症状が出るため、原因の確認は整形外科での診察・検査の役割です。

当院では、柔道整復師が肩・首・肩甲骨まわりの状態を確認し、筋肉の緊張や姿勢を整える補完的なサポートを行います。

ご自宅では、腕をぶら下げたままにせず、クッションなどで支える時間をつくると楽になる場合があります。

※しびれや脱力を伴う、胸の締めつけ・冷や汗・息苦しさがある、夜間の強い痛みが続く場合は、早めに医療機関を受診し、症状が強いときは救急要請も検討してください。

岐阜県瑞穂市（穂積駅）で肩から腕の痛みにお悩みの方は、みつむら接骨院へご相談ください。関連痛の仕組みは下記の記事でも詳しく解説しています。"
herunia-nariyasui-A,51,椎間板ヘルニア,A,椎間板ヘルニアになりやすい人の特徴｜岐阜県瑞穂市,https://www.058-327-7771.net/herunia-nariyasui/,2026-07-25,"岐阜県瑞穂市（穂積駅）で椎間板ヘルニアになりやすい習慣が気になる方へ。仕事で座りっぱなし、重い物を運ぶなど、心当たりがある方もいるのではないでしょうか。

こんなお悩みはありませんか？
・デスクワークで長時間座り、腰が重い
・荷物の持ち運びや前かがみの作業が多い
・過去に腰痛を繰り返していて、ヘルニアが心配

椎間板ヘルニアは、年齢や体質のほか、前かがみの姿勢や長時間の座位、重い物を扱う作業、喫煙、運動不足などが関わる可能性があると考えられています。ただし、同じ生活でも発症する方としない方がおり、原因は一つに決められません。腰や脚の症状が続く場合は、整形外科での検査をおすすめします。

当院では、医療機関の診断を前提に、姿勢や動作のクセ、腰まわりの筋肉の状態を確認し、負担を減らす体の使い方をサポートしています。

自宅では、同じ姿勢を続けず、こまめに立って体を動かすことから始めてみてください。

※足に力が入らない、強い麻痺、排尿・排便がうまくできないといった症状がある場合は、すぐに整形外科を受診してください。

岐阜県瑞穂市（穂積駅）で椎間板ヘルニアの予防を考える方は、みつむら接骨院へご相談ください。なりやすい人の特徴は下記の記事でも詳しく解説しています。"
gifu-yotsu-osusume-A,133,腰痛×岐阜ローカル,A,岐阜で腰痛の施術院を選ぶ基準｜瑞穂市で後悔しない視点,https://www.058-327-7771.net/gifu-yotsu-osusume/,2026-07-31,"岐阜県瑞穂市（穂積駅）で、腰痛の施術院を選ぶ基準に迷っている方へ。通う場所を間違えたくないという思いは、当然のことだと思います。

こんなお悩みはありませんか？
・何を基準に施術院を選べばよいか分からない
・以前に通って変化を感じられなかった
・強引な勧誘や高額なコースが不安

施術院を選ぶときは、初回に痛みの経過を丁寧に聞いてくれるか、施術内容や通う頻度を説明してくれるか、必要に応じて医療機関の受診をすすめてくれるか、といった点が目安になると考えられます。「これだけで解決」と言い切る表現には、慎重になるのがよいでしょう。

みつむら接骨院は、柔道整復師が姿勢・筋肉・体の使い方を確認し、腰の負担を整える補完的なサポートを行います。診断や治療方針の決定は医療機関の役割と考えています。

自宅では、通う前に痛みの経過と気になる点をメモしておくと、説明を受けやすくなります。

※発熱を伴う腰痛、安静でも治まらない強い痛み、足の脱力、排尿・排便のトラブルがある場合は、先に医療機関を受診してください。

岐阜県瑞穂市（穂積駅）で腰痛の施術院選びに迷う方は、みつむら接骨院へご相談ください。選ぶ基準は下記の記事でも詳しく解説しています。"
soccer-oshiri-A,205,サッカー,A,サッカーでお尻・中殿筋が痛い原因｜切り返しの痛み 瑞穂市,https://www.058-327-7771.net/soccer-oshiri/,2026-07-31,"岐阜県瑞穂市（穂積駅）で、サッカー中にお尻や中殿筋の痛みにお悩みの方へ。切り返しのたびにお尻が痛み、思い切り動けないと悩んでいる方も多いと思います。

こんなお悩みはありませんか？
・切り返しや片脚で踏ん張ると、お尻の横が痛い
・練習後にお尻がこわばって重い
・長く座ったり、歩いたりしても違和感が残る

中殿筋は、片脚で体を支えたり方向転換をしたりするときに働く筋肉で、サッカーでは繰り返し負担がかかりやすいと考えられます。ただし、お尻の痛みには腰や股関節、神経が関わる場合もあり、痛みが続くときは整形外科での検査が大切です。

当院では診断は行わず、医療機関で状態を確認したうえで、お尻や骨盤まわりの筋肉の緊張、立ち方や切り返しの体の使い方を整える補完的なサポートをしています。

自宅では、痛みが出ない範囲でお尻を軽く伸ばし、長時間同じ姿勢を続けないようにしてください。

※お尻から脚にかけてのしびれ、足に力が入らない、排尿・排便に異常がある場合は、すぐ医療機関を受診してください。

岐阜県瑞穂市（穂積駅）でお尻の痛みにお悩みの方は、みつむら接骨院へご相談ください。切り返しで痛む原因とケアは下記の記事でも詳しく解説しています。"
zutsu-nanika-A,157,頭痛,A,頭痛は何科に行くべき？瑞穂市で迷う方へ｜病院と接骨院の使い分け,https://www.058-327-7771.net/zutsu-nanika/,2026-07-31,"岐阜県瑞穂市（穂積駅）で頭痛の相談先にお悩みの方へ。「どの科に行けばよいか分からず、つい我慢してしまう」という声はよく聞かれます。

こんなお悩みはありませんか？
・頭痛が続いているが、何科に行けばよいか分からない
・市販薬でしのいでいるが、回数が増えてきた
・首や肩のこりも強く、頭痛との関係が気になる

頭痛には、脳の病気などが隠れている二次性頭痛と、片頭痛や緊張型頭痛のように検査で原因が見つからない一次性頭痛があると考えられています。まずは頭痛外来・脳神経内科・脳神経外科などの医療機関で、危険な原因がないかを確認することが大切です。

診断や画像検査、治療方針の決定は医療機関の役割です。みつむら接骨院では、医療機関で問題がないと言われた後に、首や肩の筋肉の緊張、姿勢、体の使い方を整える補完的なサポートを行っています。

自宅では、同じ姿勢が続いたらこまめに首と肩を動かしてみてください。

※突然の激しい頭痛、ろれつが回らない、手足の麻痺やしびれ、物が二重に見える、発熱と首の硬直がある場合は、すぐに救急受診をしてください。

岐阜県瑞穂市（穂積駅）で頭痛の相談先に迷う方は、みつむら接骨院へご相談ください。病院と接骨院の使い分けは下記の記事でも詳しく解説しています。"
kenkokotsu-hagashi-A,291,野球,A,肩甲骨はがしの効果と注意点｜岐阜・瑞穂市の接骨院,https://www.058-327-7771.net/kenkokotsu-hagashi/,2026-09-15,"岐阜県瑞穂市（穂積駅）で肩甲骨はがしについて知りたい方へ。肩や背中の張りが取れず、試してみたいけれど本当に合うのか気になりますよね。

こんなお悩みはありませんか？
・肩や背中がいつもガチガチに張っている
・腕が上げにくく、投げる動きや振る動きが窮屈に感じる
・肩甲骨はがしを受けてよいのか分からない

肩甲骨まわりの筋肉がこわばると、肩甲骨の動きが小さくなり、肩や首への負担が増えることがあると考えられます。動きが整うと楽に感じる方もいますが、効果の出方には個人差があり、強く押せばよいというものではありません。

痛みやしびれが強い場合は、まず整形外科で原因を確認してください。当院は診断ではなく、筋肉や姿勢、体の使い方を整える補完的なサポートを行います。

ご自宅では、強く揉むより、肩をゆっくり回したり背中を広げたりする軽い運動がおすすめです。

※腕のしびれ、強い痛み、発熱、胸の痛みや息苦しさを伴う場合は、医療機関を受診してください。

岐阜県瑞穂市（穂積駅）で肩や背中の張りにお悩みの方は、みつむら接骨院へご相談ください。肩甲骨はがしの効果と注意点は下記の記事でも詳しく解説しています。"
tekubi-kenshoen-A,333,肩腱板・神経・腱鞘炎・打撲骨折,A,手首の腱鞘炎の対処とサポーター選び｜岐阜・瑞穂市,https://www.058-327-7771.net/tekubi-kenshoen/,2026-10-06,"岐阜県瑞穂市（穂積駅）で、手首の腱鞘炎かもしれない痛みにお悩みの方へ。パソコンやスマホ、家事で手を休める時間がなく、つらさが続いている方も多いのではないでしょうか。

こんなお悩みはありませんか？
・手首を動かすとズキズキ痛む
・朝、手首や指がこわばる
・サポーターを買ったものの、選び方や使い方がわからない

腱とそれを包む腱鞘が、手の使いすぎで擦れて炎症を起こしやすくなっていると考えられます。ただし手首の痛みには、骨折や関節の病気、神経の圧迫が隠れていることもあるため、まずは整形外科での検査をおすすめします。

当院では診断は行わず、医療機関の診察を前提に、手首や前腕の筋肉の硬さ、手の使い方、姿勢を確認し、負担を減らすお手伝いをします。サポーターは痛みのある動きを助ける補助であり、治療ではありません。

自宅では、こまめに手を休め、痛みを感じる動きは避けるようにしてください。サポーターは締めすぎないことが大切です。

※腫れや変形が強い、指が動かない、しびれが強い、痛みが安静でも治まらない場合は、早めに医療機関を受診してください。

岐阜県瑞穂市（穂積駅）で手首の腱鞘炎でお困りの方は、みつむら接骨院へご相談ください。サポーター選びは下記の記事でも詳しく解説しています。"
volley-kega-A,385,バレー＋一般症状,A,バレーボールに多い怪我の種類｜部位別の特徴（岐阜県瑞穂市）,https://www.058-327-7771.net/volley-kega/,2026-11-01,"岐阜県瑞穂市（穂積駅）でバレーボールを楽しむ選手や保護者の方へ。どんな怪我が起こりやすいのかを知っておくと、早めの気づきにつながります。

こんなお悩みはありませんか？
・ブロックやレシーブで指を痛めることが多い
・ジャンプの着地で足首をひねりやすい
・肩や膝、腰の痛みが繰り返し出る

バレーは指、足首、膝、肩、腰などに負担がかかりやすい競技と考えられます。突き指や捻挫は多い一方、骨折や靭帯の損傷が隠れていることもあり、見た目だけで判断するのは難しいものです。必要に応じて整形外科で検査を受けましょう。

診断や治療方針の決定は医療機関の役割で、当院は診断後の回復期やコンディション維持に、体の使い方を整える補完的なサポートを行います。

ご自宅では、練習前後に指・手首・足首・肩を軽く動かす習慣をつけてください。

※指が曲がらない・変形・強い腫れ、体重をかけられない足首の痛み、頭を打った後の頭痛や吐き気がある場合は、早めに医療機関を受診してください。

岐阜県瑞穂市（穂積駅）でバレーの怪我にお悩みの方は、みつむら接骨院へご相談ください。怪我の種類は下記の記事でも詳しく解説しています。"
danpatsuko-A,247,スポーツ障害一般,A,弾発股とは？股関節がポキポキ鳴る・引っかかる原因｜瑞穂市,https://www.058-327-7771.net/danpatsuko/,2026-08-24,"岐阜県瑞穂市（穂積駅）で、股関節の音や引っかかりにお悩みの方へ。動かすたびにポキッと鳴ったり、引っかかる感じがあったりすると、不安になりますよね。

こんなお悩みはありませんか？
・股関節を動かすと、ポキッと音がする
・歩く、立ち上がるときに股の外側や前で引っかかる感じがある
・スポーツで動かすと違和感や痛みが出る

弾発股は、股関節の外側や前側で、筋肉や腱が骨の出っ張りをまたぐときにはじかれるような感覚が出る状態と言われます。痛みがなく音だけのこともありますが、痛みや引っかかりを伴う場合は、関節の中の問題などとの区別が必要と考えられます。そのため、整形外科での確認をおすすめします。

診断は医療機関の役割です。みつむら接骨院は、股関節まわりや骨盤、お尻や太ももの筋肉の状態、体の使い方を整える補完的なサポートを行います。

ご自宅では、音を出そうとして何度も動かしたり、股関節を強くひねったりしないようにしてください。

※強い痛みや、脚に力が入らない、歩けない、転んだあとに急に症状が出た場合は、早めに整形外科を受診してください。

岐阜県瑞穂市（穂積駅）で股関節の音や引っかかりが気になる方は、みつむら接骨院へご相談ください。弾発股は下記の記事でも詳しく解説しています。"
zakotsu-suwarikata-A,13,坐骨神経痛,A,坐骨神経痛が楽になる座り方｜デスクワーク・運転の工夫｜瑞穂市,https://www.058-327-7771.net/zakotsu-suwarikata/,2026-07-23,"岐阜県瑞穂市（穂積駅）でデスクワークや運転で坐骨神経痛がつらい方へ。座っている時間が長い仕事だと、痛みが悪化しやすいですよね。

こんなお悩みはありませんか？
・座っているとお尻から脚に痛みが広がる
・運転が長くなると脚がしびれてくる
・立ち上がるときに腰や脚がつらい

座った姿勢は、腰やお尻の筋肉に負担がかかりやすく、骨盤が後ろに倒れると腰への圧が増すと考えられます。椎間板ヘルニアなどが背景にある場合もあるため、痛みが続くときは整形外科で確認しておくと安心です。

当院では診断は行わず、座り姿勢や骨盤まわりの筋肉の状態を整える補完的なサポートを行っています。

自宅や職場では、深く腰かけて背もたれに背中をつけ、30分に一度は立って体を動かしてみてください。

※足に力が入らない、排尿・排便がしにくいといった症状があるときは、すぐに整形外科を受診してください。

岐阜県瑞穂市（穂積駅）で座ると坐骨神経痛がつらい方は、みつむら接骨院へご相談ください。座り方の工夫は下記の記事でも詳しく解説しています。"
soccer-keeper-A,207,サッカー,A,サッカーのGKに多い怪我｜突き指・手首の痛み 岐阜県瑞穂市,https://www.058-327-7771.net/soccer-keeper/,2026-07-31,"岐阜県瑞穂市（穂積駅）で、サッカーのゴールキーパーに多い突き指や手首の痛みにお悩みの方へ。シュートを受けるたびに指や手首を痛め、心配している本人や保護者の方も多いと思います。

こんなお悩みはありませんか？
・シュートを止めた後に指や手首が痛む
・突き指を繰り返していて、指が腫れて曲げにくい
・飛び出しや着地で手首をついて痛めた

ゴールキーパーはボールを受ける衝撃や、倒れ込んで手をつく場面が多く、指や手首に負担が集中しやすいと考えられます。軽い突き指に見えても、骨折や靭帯の損傷が隠れていることがあり、診断や画像検査は整形外科の役割です。

当院では診断は行わず、医療機関で状態を確認したうえで、前腕や肩まわりの筋肉の緊張、体の使い方を整える補完的なサポートをしています。

自宅では、痛めた指を無理に引っ張ったりもんだりせず、冷やして安静にしてください。

※指が曲がらない・変形している、強い腫れや内出血、手首をついた後の強い痛みがある場合は、骨折や脱臼の可能性があるため整形外科を受診してください。頭を打った場合はプレーを中止し救急へ。

岐阜県瑞穂市（穂積駅）でキーパーの手指・手首の痛みにお悩みの方は、みつむら接骨院へご相談ください。突き指と手首のケアは下記の記事でも詳しく解説しています。"
kyosaku-ashi-shibire-A,31,脊柱管狭窄症,A,脊柱管狭窄症の足のしびれの原因と受診の目安｜瑞穂市,https://www.058-327-7771.net/kyosaku-ashi-shibire/,2026-07-24,"岐阜県瑞穂市（穂積駅）で、足のしびれが続いてお悩みの方へ。腰が原因なのか、別の病気なのか、不安になりますよね。

こんなお悩みはありませんか？
・歩くと太ももからふくらはぎにしびれが出る
・しびれは休むと軽くなるが、また繰り返す
・足の裏に違和感やつっぱり感がある

足のしびれの背景のひとつに、脊柱管狭窄症で神経の通り道が狭くなることが挙げられます。腰を反らしたり、歩き続けたりすると症状が強まりやすいと考えられます。ただし、椎間板ヘルニア、血管の病気、糖尿病など別の原因でも似た症状が出ることがあり、原因の見極めは医療機関の役割です。まずは整形外科での検査をおすすめします。

当院は、検査結果を踏まえて、姿勢・筋肉・体の使い方を整える補完的なサポートを行います。

ご自宅では、しびれが出る場面と楽になる姿勢を記録しておくと役立ちます。

※足の脱力、排尿・排便のトラブル、会陰部のしびれがある場合は、すぐに医療機関を受診してください。

岐阜県瑞穂市（穂積駅）で足のしびれにお悩みの方は、みつむら接骨院へご相談ください。原因と受診の目安は下記の記事でも詳しく解説しています。"
yakyu-kenkokotsu-A,293,野球,A,野球で肩甲骨が痛い｜投球後の背中側の痛み・瑞穂市,https://www.058-327-7771.net/yakyu-kenkokotsu/,2026-09-16,"岐阜県瑞穂市（穂積駅）で野球による肩甲骨の痛みにお悩みの方へ。投げ終わるたびに背中側がズキッとすると、練習を続けてよいのか不安になりますよね。

こんなお悩みはありませんか？
・投球後に肩甲骨の内側や下あたりが痛む
・腕を振ると背中の奥に引っかかる感じがある
・肩甲骨まわりが張り、疲れが抜けない

投球では肩甲骨が腕の動きを支える土台になります。肩甲骨まわりの筋肉が疲れて動きが硬くなると、背中側に負担が集中しやすいと考えられます。ただし、痛みの原因は筋肉だけとは限りません。長引く場合や強い場合は、整形外科での検査をおすすめします。

当院は診断をする場ではなく、肩甲骨や背中、体幹、股関節の動きを整える補完的なサポートを行っています。

ご自宅では、投球後に肩まわりをいたわり、痛みが出る動作は控えて休む時間をつくりましょう。

※強い痛み、腕のしびれ、腕が上がらない、安静でも続く痛みがある場合は、早めに整形外科を受診してください。

岐阜県瑞穂市（穂積駅）で野球による背中側の痛みにお悩みの方は、みつむら接骨院へご相談ください。考え方は下記の記事でも詳しく解説しています。"
volley-ude-aza-A,387,バレー＋一般症状,A,バレーで腕にあざができる｜レシーブの内出血への対処（瑞穂市）,https://www.058-327-7771.net/volley-ude-aza/,2026-11-02,"岐阜県瑞穂市（穂積駅）でバレーのレシーブで腕にあざができてお悩みの方へ。練習のたびに腕が赤く腫れたり、青あざが残ったりすると、心配になりますよね。

こんなお悩みはありませんか？
・レシーブのたびに前腕が赤く腫れる
・あざが濃くなり、なかなか消えない
・腕を押すと痛みが強い

ボールを腕で受けると、衝撃で皮下の細い血管が傷つき、内出血が起こると考えられます。構え方やボールの当て方、腕の使い方によって、当たる場所や衝撃が変わることもあります。強い痛みが続く場合は、骨や神経の損傷がないか整形外科で確認しましょう。

診断は医療機関の役割で、当院は腕まわりの筋肉や姿勢、レシーブ時の体の使い方を整える補完的なサポートを行います。

ご自宅では、受傷直後は短時間冷やし、揉んだり強く押したりするのは控えてください。

※腕の腫れや痛みが強い、指が動かしにくい、しびれがある、あざが急に広がる場合は、早めに医療機関を受診してください。

岐阜県瑞穂市（穂積駅）で腕のあざにお悩みの方は、みつむら接骨院へご相談ください。対処は下記の記事でも詳しく解説しています。"
sokuwan-dosuu-A,95,側弯症,A,側弯症の度数の目安｜コブ角と経過観察の考え方 岐阜県瑞穂市,https://www.058-327-7771.net/sokuwan-dosuu/,2026-07-30,"岐阜県瑞穂市（穂積駅）で側弯症の度数について気になっている方へ。検診や受診で「〇度」と言われても、それが何を意味するのか分かりにくく、不安になりますよね。

こんなお悩みはありませんか？
・指摘された度数がどの程度なのか知りたい
・経過観察と言われたが何をすればよいか分からない
・お子さんの背中の左右差が気になる

度数とはレントゲンで測るコブ角のことで、背骨の曲がりの大きさを示す目安です。一般に、度数に加えて年齢や成長の残り具合などをふまえ、経過観察や装具などの方針が検討されると考えられます。測定と方針の決定は整形外科の役割です。

当院は曲がりの角度を変えるものではなく、周囲の筋肉や姿勢、体の使い方を整える補完的なサポートを行います。定期的な受診の代わりにはなりません。

自宅では、医師の指示を守りながら、無理のない範囲で背中や体幹を動かし、同じ姿勢を続けすぎないようにしましょう。

※強い背部痛、息苦しさ、手足のしびれ、曲がりの急な進行がある場合は、整形外科を早めに受診してください。

岐阜県瑞穂市（穂積駅）で側弯症の経過観察中の体のケアをお考えの方は、みつむら接骨院へご相談ください。度数の考え方は下記の記事でも詳しく解説しています。"
golf-hiji-A,335,肩腱板・神経・腱鞘炎・打撲骨折,A,ゴルフ肘とは？肘の内側の痛みの原因｜岐阜・瑞穂市,https://www.058-327-7771.net/golf-hiji/,2026-10-07,"岐阜県瑞穂市（穂積駅）で、肘の内側の痛み（ゴルフ肘が気になる症状）にお悩みの方へ。ゴルフをしない方でも、仕事や家事で痛みが出ることがあり、不安に感じている方は多いです。

こんなお悩みはありませんか？
・肘の内側を押すと痛い
・物を持ち上げる、タオルを絞るとズキッとする
・手首を手のひら側に曲げると肘が痛む

手首や指を曲げる筋肉が、肘の内側の骨の付け根に引っ張られ続けて負担がたまっている状態と考えられます。肘の痛みには骨や関節、神経の問題が隠れていることもあるため、まずは整形外科での診察をおすすめします。

当院では診断は行わず、医療機関の診察を前提に、前腕や肩まわりの筋肉の緊張、体の使い方を確認して、肘への負担を減らすお手伝いをします。

自宅では、痛みが出る動作を控え、肘の内側を強く揉まないようにしてください。

※肘が腫れて熱をもつ、変形がある、小指や薬指のしびれが強い、肘が動かせない場合は、早めに医療機関を受診してください。

岐阜県瑞穂市（穂積駅）で肘の内側の痛みでお困りの方は、みつむら接骨院へご相談ください。ゴルフ肘の原因は下記の記事でも詳しく解説しています。"
soccer-ashinokou-A,209,サッカー,A,サッカーで足の甲が痛い原因｜キック・踏まれた後 瑞穂市,https://www.058-327-7771.net/soccer-ashinokou/,2026-07-31,"岐阜県瑞穂市（穂積駅）で、サッカー中に足の甲の痛みにお悩みの方へ。キックや相手に踏まれた後から痛みが続き、プレーを続けてよいか迷う方も多いと思います。

こんなお悩みはありませんか？
・インステップキックで足の甲が痛む
・相手に踏まれてから、甲が腫れて痛い
・靴ひもを締めたり、スパイクが当たったりすると痛い

足の甲には小さな骨や腱が多く、キックの衝撃や踏まれる外力、スパイクの圧迫で負担がかかると考えられます。打撲に見えても、骨折や疲労による骨の損傷が隠れることがあり、レントゲンに写りにくい場合もあるため、診断や画像検査は整形外科の役割です。

当院では診断は行わず、医療機関で状態を確認したうえで、足首やふくらはぎの筋肉の緊張、キックや着地の体の使い方を整える補完的なサポートをしています。

自宅では、痛む時期はキックを控え、冷やして安静にし、スパイクの締め付けを緩めて様子を見てください。

※踏まれた後の強い痛み、腫れや内出血、体重をかけられない場合は、骨折の可能性もあるため早めに整形外科を受診してください。

岐阜県瑞穂市（穂積駅）で足の甲の痛みにお悩みの方は、みつむら接骨院へご相談ください。痛みの見方は下記の記事でも詳しく解説しています。"
rijokin-A,249,スポーツ障害一般,A,梨状筋症候群とは？お尻の奥の痛みとしびれの原因｜岐阜県瑞穂市,https://www.058-327-7771.net/rijokin/,2026-08-25,"岐阜県瑞穂市（穂積駅）で、お尻の奥の痛みにお悩みの方へ。座っているとお尻が痛くなったり、太ももの裏までしびれたりすると、腰の病気なのか心配になりますよね。

こんなお悩みはありませんか？
・お尻の奥が痛く、座っていると強くなる
・お尻から太ももの裏にかけて痛みやしびれがある
・長い運転や座り仕事のあとに症状が出やすい

梨状筋はお尻の深いところにある筋肉で、そのすぐ近くを坐骨神経が通っています。筋肉の硬さや緊張によって神経が刺激され、痛みやしびれが出る場合があり、梨状筋症候群と呼ばれると考えられます。ただし、椎間板ヘルニアや脊柱管狭窄症など腰からくる症状とも似ているため、整形外科での確認が大切です。

診断は医療機関の役割です。みつむら接骨院は、お尻や骨盤、股関節まわりの筋肉の状態、座り方や体の使い方を整える補完的なサポートを行います。

ご自宅では、長く座り続けず、こまめに立って体を動かしてみてください。

※足に力が入らない、排尿・排便の異常、お尻や股の感覚が鈍い場合は、すぐに整形外科を受診してください。

岐阜県瑞穂市（穂積駅）でお尻の奥の痛みが気になる方は、みつむら接骨院へご相談ください。梨状筋のストレッチは下記の記事でも詳しく解説しています。"
zutsu-gansei-A,159,頭痛,A,眼精疲労からくる頭痛｜目の奥の痛みと首肩の関係（岐阜・瑞穂市）,https://www.058-327-7771.net/zutsu-gansei/,2026-07-31,"岐阜県瑞穂市（穂積駅）で、眼精疲労からくる頭痛にお悩みの方へ。画面を見る時間が長い毎日で、夕方になると目の奥から頭が重くなる方は少なくありません。

こんなお悩みはありませんか？
・パソコンやスマホを見続けると目の奥が痛くなる
・夕方になると頭が締め付けられるように重い
・目の疲れと一緒に首や肩もガチガチになる

目を酷使すると、ピントを合わせる筋肉だけでなく、首や肩、こめかみ周りの筋肉も緊張しやすく、それが頭痛につながることがあると考えられています。ただし、目の奥の痛みには眼の病気などが隠れていることもあるため、視力の変化があれば眼科での確認も大切です。

診断は医療機関の役割です。みつむら接骨院では、首・肩まわりの筋肉や姿勢、画面を見るときの体の使い方を整える補完的なサポートを行っています。

自宅では、1時間に1回は画面から目を離し、遠くを見ながら肩の力を抜いてみてください。

※突然の激しい頭痛、ろれつが回らない、手足の麻痺やしびれ、物が二重に見える、発熱と首の硬直がある場合は、すぐに救急受診をしてください。

岐阜県瑞穂市（穂積駅）で眼精疲労と頭痛にお悩みの方は、みつむら接骨院へご相談ください。目の奥が痛いときの対処と予防は下記の記事でも詳しく解説しています。"
bunri-dai5-yotsui-A,117,すべり症・分離症,A,第5腰椎に分離症が多いのはなぜ？岐阜県瑞穂市で構造を解説,https://www.058-327-7771.net/bunri-dai5-yotsui/,2026-07-30,"岐阜県瑞穂市（穂積駅）で、第5腰椎の分離症についてお悩みの方へ。なぜ自分はこの部分なのか、不思議に思う方も多いです。

こんなお悩みはありませんか？
・腰の下のほうが反ると痛む
・ジャンプやスイングの後に腰が痛む
・分離症と言われて理由を知りたい

第5腰椎は、上半身の重さを骨盤へ受け渡す位置にあり、反る動きやひねる動きで力が集まりやすい場所だと考えられています。このため、成長期に繰り返し負荷がかかると、疲労による亀裂が起こりやすいと言われています。診断は、整形外科での画像検査が必要です。

みつむら接骨院では、診断は医療機関の役割としたうえで、股関節や胸まわりの動き、姿勢を整えて腰への負担を減らす補完的なサポートを行っています。

ご自宅では、股関節や太ももの裏を無理のない範囲でゆるめ、腰だけで動く癖を減らしてみてください。

※足の脱力、排尿・排便のトラブルがある場合は、すぐに整形外科を受診してください。スポーツの休止や復帰は医師の指示に従ってください。

岐阜県瑞穂市（穂積駅）で分離症の原因が気になる方は、みつむら接骨院へご相談ください。構造の話は下記の記事でも詳しく解説しています。"
ashikubi-supporter-A,389,バレー＋一般症状,A,足首サポーターの効果とは？捻挫予防と再発防止（岐阜県瑞穂市）,https://www.058-327-7771.net/ashikubi-supporter/,2026-11-03,"岐阜県瑞穂市（穂積駅）で足首の捻挫を繰り返してお悩みの方へ。運動を再開するとき、サポーターをつけるべきか迷う方は多いと思います。

こんなお悩みはありませんか？
・足首をひねりやすく、また捻挫しないか不安
・サポーターを着けると安心だが、頼りきりで良いのか気になる
・捻挫のあと、足首がぐらつく感じが残っている

足首の捻挫は靭帯を痛める怪我で、繰り返すと不安定感が残ることがあると考えられます。サポーターは足首の動きを制限し、安心感を補助する道具であり、治療そのものではありません。着け続けるだけでは、足首まわりの筋肉の働きが十分に整わない場合もあります。

診断や復帰の判断は医療機関の役割です。当院は、診断後の回復期に足首の動きやバランス、体の使い方を整える補完的なサポートを行います。

ご自宅では、痛みのない範囲で足首をゆっくり回し、片足立ちの練習をしてみてください。

※体重をかけられない、足首が変形している、強い腫れや骨を押すと痛みがある場合は、骨折の可能性があるため、早めに整形外科を受診してください。

岐阜県瑞穂市（穂積駅）で足首の不安にお悩みの方は、みつむら接骨院へご相談ください。サポーターの考え方は下記の記事でも詳しく解説しています。"
gojukata-naoranai-A,73,五十肩,A,五十肩が治らない・長引くとき見直したいこと｜岐阜・瑞穂,https://www.058-327-7771.net/gojukata-naoranai/,2026-07-30,"岐阜県瑞穂市（穂積駅）で、五十肩がなかなか良くならず悩んでいる方へ。長引くほど「このままなのでは」と不安になりますよね。

こんなお悩みはありませんか？
・数か月たっても痛みがあまり変わらない
・腕の動く範囲が狭いまま
・良くなったり悪くなったりを繰り返す

五十肩は経過が長くなることがあると言われますが、長引く背景として、時期に合わない動かし方、痛みをかばう姿勢による首・肩甲骨・背中の緊張、そして腱板断裂など別の原因が隠れている可能性が考えられます。見直したいのは「動かし方」「日常の姿勢」「別の原因の有無」の3点です。診断や画像検査は整形外科の役割です。

当院では、柔道整復師が肩の動きや周囲の筋肉、姿勢を確認し、負担を整える補完的なサポートを行います。

ご自宅では、痛みが強まる動きを避けつつ、痛みの出ない範囲で毎日少しずつ動かすことを意識してください。

※夜間の強い痛みが続く、腕に力が入らない、しびれや胸の締めつけを伴う場合は、早めに医療機関を受診してください。

岐阜県瑞穂市（穂積駅）で五十肩が長引いている方は、みつむら接骨院へご相談ください。見直したいポイントは下記の記事でも詳しく解説しています。"
herunia-shigoto-A,53,椎間板ヘルニア,A,椎間板ヘルニアで仕事は休むべき？岐阜県瑞穂市の接骨院,https://www.058-327-7771.net/herunia-shigoto/,2026-07-25,"岐阜県瑞穂市（穂積駅）で椎間板ヘルニアを抱えながら仕事を続けている方へ。休みたくても休めず、痛みと仕事の間で悩んでいませんか。

こんなお悩みはありませんか？
・座っていると脚まで痛みやしびれが広がる
・立ち仕事や力仕事を続けて悪化しないか心配
・上司や同僚にどう相談すればよいか分からない

椎間板ヘルニアの仕事への影響は、症状の強さや仕事内容によって大きく異なると考えられています。痛みが強い時期は休養が必要な場合もあり、一方で長く動かないことが負担になることもあります。仕事を休むか続けるかは、整形外科の医師と相談して判断することが大切です。

当院では、医療機関の診断を前提に、仕事中の姿勢や動作を確認し、腰への負担を減らす体の使い方や筋肉の整え方をサポートしています。

自宅では、仕事の合間に短い休憩をはさみ、楽な姿勢に切り替える習慣をつくってみてください。

※足に力が入らない、強い麻痺、排尿・排便がうまくできないといった症状がある場合は、すぐに整形外科を受診してください。

岐阜県瑞穂市（穂積駅）で椎間板ヘルニアと仕事の両立にお悩みの方は、みつむら接骨院へご相談ください。働きながらの向き合い方は下記の記事でも詳しく解説しています。"
tfcc-sonsho-A,295,野球,A,TFCC損傷とは？手首の小指側の痛み｜岐阜・瑞穂市,https://www.058-327-7771.net/tfcc-sonsho/,2026-09-17,"岐阜県瑞穂市（穂積駅）でTFCC損傷や手首の小指側の痛みにお悩みの方へ。バットを振るたびにズキッとすると、不安になりますよね。

こんなお悩みはありませんか？
・手首の小指側が、ひねると痛む
・バットを握って振る動作や、物を握ると痛い
・手首を動かすとクリック音や引っかかりがある

TFCCは手首の小指側にある、軟骨や靱帯などからなる組織です。手首のクッションや安定に関わり、ひねる動作の繰り返しや転倒などで負担がかかると痛みが出ることがあると考えられます。ただし、痛みの原因は他にもあるため、診断は整形外科での検査が必要です。

当院は診断をする場ではなく、前腕や肘、肩、体幹の使い方を整える補完的なサポートを行っています。

ご自宅では、痛みが出る動作を控え、手首に負担をかけない使い方を意識しましょう。

※強い痛み、腫れ、変形、指のしびれ、手首が動かせない場合は、早めに整形外科を受診してください。

岐阜県瑞穂市（穂積駅）で手首の小指側の痛みにお悩みの方は、みつむら接骨院へご相談ください。TFCC損傷については下記の記事でも詳しく解説しています。"
soccer-shinsplint-A,211,サッカー,A,サッカーですねの内側が痛い｜シンスプリントの原因 瑞穂市,https://www.058-327-7771.net/soccer-shinsplint/,2026-07-31,"岐阜県瑞穂市（穂積駅）で、サッカー中にすねの内側の痛みにお悩みの方へ。走るたびに痛みが出て、練習についていけるか不安な方も多いと思います。

こんなお悩みはありませんか？
・走り始めに、すねの内側が痛む
・すねの内側を指で押すと、広い範囲で痛い
・練習量が増えてから痛みが強くなってきた

すねの内側の痛みは、シンスプリントと呼ばれる状態が知られており、走る・ジャンプする動作の繰り返しや、ふくらはぎ・足裏の筋肉の硬さ、地面からの衝撃が重なって起こると考えられます。ただし、同じ場所に疲労骨折が隠れていることもあり、痛みが続く場合は整形外科での検査が大切です。

当院では診断は行わず、医療機関で状態を確認したうえで、ふくらはぎや足首まわりの筋肉の緊張、走り方や着地の体の使い方を整える補完的なサポートをしています。成長期のお子さんは特に、無理をさせないことが大切です。

自宅では、痛む時期は走る量を減らし、ふくらはぎをやさしくほぐしてください。

※じっとしていても痛む、一点を押すと強く痛む、腫れがある場合は、疲労骨折の可能性もあるため、早めに整形外科を受診してください。

岐阜県瑞穂市（穂積駅）ですねの内側の痛みにお悩みの方は、みつむら接骨院へご相談ください。シンスプリントの対処は下記の記事でも詳しく解説しています。"
naisoku-sokufukujintai-A,251,スポーツ障害一般,A,内側側副靭帯損傷とは？膝の内側の痛みと受診の目安｜瑞穂市,https://www.058-327-7771.net/naisoku-sokufukujintai/,2026-08-26,"岐阜県瑞穂市（穂積駅）で、膝の内側の痛みにお悩みの方へ。接触やひねりのあとに膝の内側が痛むと、靭帯を傷めたのではと不安になりますよね。

こんなお悩みはありませんか？
・膝の内側を押すと痛い
・踏ん張る、方向転換するなどのひねる動作で内側が痛む
・ぶつかったあとから、膝の内側が腫れている

内側側副靭帯は、膝の内側を支える靭帯です。膝が内側へ入る外力やひねりで、伸ばされたり傷んだりすることがあると考えられます。程度の見きわめや、前十字靭帯・半月板など他の損傷を合併していないかの確認には、整形外科での診察と画像検査が必要です。治療方針の決定は医師の役割です。

みつむら接骨院は、診断を受けたあとのリハビリ期に、医師の方針のもとで膝まわりの筋肉や動かし方を整える併用サポートを担います。サポーターやテーピングは補助であり、治療の代わりにはなりません。

ご自宅では、腫れや痛みが強いうちは無理に動かさず、膝に負担をかけないようにしてください。

※膝がガクッと崩れる、体重をかけられない、強い腫れや変形がある場合は、すぐに整形外科を受診してください。

岐阜県瑞穂市（穂積駅）で膝の内側の痛みが気になる方は、みつむら接骨院へご相談ください。内側側副靭帯損傷は下記の記事でも詳しく解説しています。"
golf-hiji-stretch-A,337,肩腱板・神経・腱鞘炎・打撲骨折,A,ゴルフ肘のストレッチと自宅ケアの注意点｜瑞穂市,https://www.058-327-7771.net/golf-hiji-stretch/,2026-10-08,"岐阜県瑞穂市（穂積駅）で、ゴルフ肘のストレッチや自宅ケアを調べている方へ。良かれと思って伸ばしていたら、かえって痛みが強くなったという声もあり、迷う方は多いと思います。

こんなお悩みはありませんか？
・ストレッチをすると肘の内側が痛む
・どの程度伸ばしてよいかわからない
・痛みが長引いて、趣味や仕事に影響が出ている

痛みが強い時期に無理に伸ばすと、傷んでいる部分にさらに負担がかかる可能性があると考えられます。ストレッチは痛みの状態を見ながら行うことが大切です。また肘の痛みには他の原因が隠れていることもあるため、整形外科での診察をおすすめします。

当院では診断は行わず、医療機関の診察を前提に、前腕や肩甲骨まわりの筋肉の状態を確認し、やさしく整えるお手伝いをします。

自宅では、痛みを感じない範囲で、ゆっくり呼吸をしながら行ってください。反動をつけないことがポイントです。

※ストレッチで痛みやしびれが強まる、肘が腫れる、熱をもつ、変形がある場合は中止して、医療機関を受診してください。

岐阜県瑞穂市（穂積駅）で肘の内側の痛みでお困りの方は、みつむら接骨院へご相談ください。ストレッチの注意点は下記の記事でも詳しく解説しています。"
zakotsu-nekata-A,15,坐骨神経痛,A,坐骨神経痛が楽になる寝方｜横向き・仰向けの工夫｜岐阜県瑞穂市,https://www.058-327-7771.net/zakotsu-nekata/,2026-07-23,"岐阜県瑞穂市（穂積駅）で坐骨神経痛のため夜眠りにくい方へ。寝返りのたびに痛むと、朝から疲れが残りますよね。

こんなお悩みはありませんか？
・寝ていると脚の痛みで目が覚める
・仰向けだと腰が反って痛い
・どの向きで寝るのが楽なのか分からない

寝ているときの姿勢は、腰の反りや骨盤のねじれによって負担が変わると考えられます。仰向けなら膝の下、横向きなら膝の間にクッションを入れると、腰の緊張がやわらぐ場合があります。強い夜間痛が続くときは、整形外科で背景を確認しておくと安心です。

当院では診断は行わず、姿勢や筋肉の状態を整えながら、寝具や寝姿勢の工夫を補完的にお伝えしています。

自宅では、痛くない向きを探し、無理に同じ姿勢を続けないようにしてみてください。

※足に力が入らない、排尿・排便がしにくいといった症状があるときは、すぐに整形外科を受診してください。

岐阜県瑞穂市（穂積駅）で坐骨神経痛の寝方にお悩みの方は、みつむら接骨院へご相談ください。寝方の工夫は下記の記事でも詳しく解説しています。"
volley-ashikubi-nenza-A,391,バレー＋一般症状,A,バレーの足首捻挫｜ブロック着地で捻ったときの対処｜岐阜・瑞穂,https://www.058-327-7771.net/volley-ashikubi-nenza/,2026-11-04,"岐阜県瑞穂市（穂積駅）でバレーボールの足首捻挫にお悩みの方へ。ブロックやスパイクの着地で足首を捻ると、痛みが引いても不安が残りますよね。

こんなお悩みはありませんか？
・ブロックの着地で相手の足に乗って捻ってしまった
・捻挫を繰り返して足首がグラグラする気がする
・腫れは引いたが着地のたびに痛みが出る

ネット際では相手の足の上に着地する場面があり、足首が内側へ強く捻られやすいと考えられます。捻挫と思っていても骨折や靭帯の損傷が隠れていることがあるため、腫れや痛みが強いときは整形外科での検査が大切です。

みつむら接骨院では、診断は医療機関の役割としたうえで、検査後の補完的サポートとして、足首まわりの筋肉や着地時の体の使い方を整えるお手伝いをしています。

自宅では、受傷直後は無理に動かさず、冷やして足を高くして休ませることを意識してください。

※足に体重をかけられない、骨を押すと強く痛む、変形がある場合は、早めに整形外科を受診してください。

岐阜県瑞穂市（穂積駅）で足首捻挫の再発が心配な方は、みつむら接骨院へご相談ください。対処と予防のポイントは下記の記事でも詳しく解説しています。"
gifu-yotsu-senmon-A,135,腰痛×岐阜ローカル,A,「腰痛専門」とは？看板の意味と選び方｜岐阜・瑞穂市,https://www.058-327-7771.net/gifu-yotsu-senmon/,2026-07-31,"岐阜県瑞穂市（穂積駅）で、「腰痛専門」と書かれた看板や広告を見て迷っている方へ。専門と書かれていると、安心できそうな気がしますよね。

こんなお悩みはありませんか？
・「腰痛専門」と「腰痛に対応」の違いが分からない
・専門と書いてあれば安心なのか不安
・他の症状も一緒に相談してよいのか知りたい

「専門」という言葉そのものには、資格のように統一された基準がない場合が多いと考えられます。看板の言葉だけで判断せず、問診や説明の丁寧さ、必要な受診をすすめてくれるかなど、実際の対応を見ることが大切です。

みつむら接骨院は、柔道整復師として、姿勢・筋肉・体の使い方を確認する補完的なサポートを行います。診断や画像検査、治療方針の決定は医療機関の役割です。

自宅では、広告の言葉より、ご自身の痛みの出方や経過を整理しておくことが、相談の助けになります。

※発熱を伴う腰痛、安静でも治まらない強い痛み、足の脱力、排尿・排便のトラブルがある場合は、先に医療機関を受診してください。

岐阜県瑞穂市（穂積駅）で腰痛の相談先に迷う方は、みつむら接骨院へご相談ください。「腰痛専門」の意味は下記の記事でも詳しく解説しています。"
soccer-jinkoshiba-A,213,サッカー,A,人工芝でサッカーの怪我は増える？スパイクの注意点 瑞穂市,https://www.058-327-7771.net/soccer-jinkoshiba/,2026-07-31,"岐阜県瑞穂市（穂積駅）で、人工芝でのサッカーによる怪我やスパイク選びにお悩みの方へ。人工芝のグラウンドで練習や試合が増え、足や膝の負担を心配している方も多いと思います。

こんなお悩みはありませんか？
・人工芝で練習すると、足首や膝が痛くなる
・スパイクが引っかかる感じがして不安
・足の裏やすねが張りやすい

人工芝は土に比べてスパイクが引っかかりやすく、足が固定されてひねりや膝への負担が増える場合があると考えられます。一方、怪我が増えるかどうかは、芝の状態やスパイクの種類、練習量などが関わり、一概には言えません。痛みが続くときは整形外科での検査が大切です。

当院では診断は行わず、医療機関で状態を確認したうえで、足首や膝、ふくらはぎの筋肉の緊張、着地や切り返しの体の使い方を整える補完的なサポートをしています。

自宅では、練習後にふくらはぎや太ももをほぐし、スパイクが人工芝用か、すり減っていないかを確認してください。

※膝や足首をひねった直後の強い痛み、腫れ、体重をかけられない場合は、靭帯損傷や骨折の可能性もあるため、早めに整形外科を受診してください。

岐阜県瑞穂市（穂積駅）で人工芝での怪我にお悩みの方は、みつむら接骨院へご相談ください。環境とスパイクの注意点は下記の記事でも詳しく解説しています。"
zutsu-kubikori-A,161,頭痛,A,首こりからくる頭痛｜スマホ首と頭痛の関係（岐阜県瑞穂市）,https://www.058-327-7771.net/zutsu-kubikori/,2026-07-31,"岐阜県瑞穂市（穂積駅）で、首こりからくる頭痛にお悩みの方へ。スマホやパソコンで下を向く時間が長く、気づくと首の後ろが張っている方は多いようです。

こんなお悩みはありませんか？
・首の付け根から後頭部にかけて重だるい
・スマホを見た後に頭痛が出やすい
・首を回すと硬さやつっぱりを感じる

頭が前に出た姿勢が続くと、首の後ろや肩の筋肉が常に頭を支える状態になり、緊張が強まりやすいと考えられています。その緊張が後頭部の頭痛に関わることがあります。ただし、頭痛の原因は他にもあるため、続く場合は医療機関での確認が大切です。

診断は医療機関の役割です。みつむら接骨院では、首・肩甲骨まわりの筋肉や姿勢、スマホを使うときの体の使い方を整える補完的なサポートを行っています。

自宅では、スマホを目線の高さに近づけ、20〜30分ごとに首をゆっくり動かしてみてください。

※突然の激しい頭痛、ろれつが回らない、手足の麻痺やしびれ、物が二重に見える、発熱と首の硬直がある場合は、すぐに救急受診をしてください。

岐阜県瑞穂市（穂積駅）でスマホ首と頭痛にお悩みの方は、みつむら接骨院へご相談ください。スマホ首と頭痛の関係と対策は下記の記事でも詳しく解説しています。"
tfcc-support-A,297,野球,A,TFCC損傷のサポーターとテーピング｜選び方・瑞穂市,https://www.058-327-7771.net/tfcc-support/,2026-09-18,"岐阜県瑞穂市（穂積駅）でTFCC損傷のサポーターやテーピングにお悩みの方へ。手首の小指側が痛むと、何を選べばよいのか迷いますよね。

こんなお悩みはありませんか？
・手首の小指側が痛く、固定すべきか分からない
・サポーターとテーピングの違いが分からない
・付けたまま練習や仕事をしてよいのか不安

サポーターやテーピングは、手首の動きを補助して負担を和らげるためのもので、治療ではありません。付ければ改善するとは言えず、きつく巻くと血行を妨げることもあると考えられます。痛みの原因を確認するため、まず整形外科での検査をおすすめします。

当院は診断をする場ではなく、手首に負担をかけにくい使い方や、前腕、肩、体幹の動きを整える補完的なサポートを行っています。

ご自宅では、締めつけすぎない、長時間付けっぱなしにしない、という点に気をつけましょう。

※指先のしびれ、色の変化、強い腫れ、痛みの悪化がある場合は外して、早めに医療機関を受診してください。

岐阜県瑞穂市（穂積駅）で手首の痛みにお悩みの方は、みつむら接骨院へご相談ください。選び方の考え方は下記の記事でも詳しく解説しています。"
sokuwan-otona-A,97,側弯症,A,側弯症は大人になっても進行する？加齢との関係｜岐阜県瑞穂市,https://www.058-327-7771.net/sokuwan-otona/,2026-07-30,"岐阜県瑞穂市（穂積駅）で、大人の側弯症についてお悩みの方へ。子どもの頃に指摘されたまま受診していない方や、年齢を重ねてから背骨の曲がりに気づいた方も少なくありません。

こんなお悩みはありませんか？
・昔、側弯を指摘されたがその後は受診していない
・年齢とともに背中や腰の痛みが増えた気がする
・背が縮んだ、姿勢の傾きが強くなったと感じる

大人の側弯症は、成長期から続くものと、加齢による背骨や椎間板の変化で生じるものがあると考えられます。後者では腰痛や足のしびれを伴うこともあります。進行の有無や程度の評価は、レントゲンなどの検査ができる整形外科の役割です。

当院は診断は行わず、整形外科での評価を前提に、背中や腰まわりの筋肉の緊張や姿勢を整える補完的なサポートを担います。

自宅では、軽いウォーキングなど無理のない運動で体を動かす習慣を持ち、重い荷物を片側だけで持つ癖を見直してみてください。

※強い背部痛、息苦しさ、手足のしびれや脱力、曲がりの急な進行がある場合は、整形外科を受診してください。

岐阜県瑞穂市（穂積駅）で大人の側弯症による背中や腰のつらさにお悩みの方は、みつむら接骨院へご相談ください。加齢との関係は下記の記事でも詳しく解説しています。"
volley-koshi-A,393,バレー＋一般症状,A,バレーで腰が痛い｜スパイク・サーブの反り腰と分離症｜岐阜・瑞穂,https://www.058-327-7771.net/volley-koshi/,2026-11-05,"岐阜県瑞穂市（穂積駅）でバレーボールによる腰痛にお悩みの方へ。スパイクやサーブを打つたびに腰が痛むと、思い切りプレーしにくいですよね。

こんなお悩みはありませんか？
・スパイクやサーブで体を反らすと腰が痛い
・練習後に腰が重く、翌日まで残る
・成長期の子が腰を反らすと痛がる

打つ動作では体を大きく反らすため、腰の骨や周囲の筋肉に負担が集まりやすいと考えられます。成長期には腰椎分離症という疲労骨折の可能性もあり、初期はレントゲンに写らずMRIやCTが必要なことがあります。診断や競技の休止、復帰の判断は整形外科医の役割です。

みつむら接骨院では、医療機関での検査を前提に、股関節や背中の動き、反り腰につながる姿勢を整える補完的なサポートを行っています。

自宅では、痛みが出る動きを一時的に控え、腰を反らし続けない姿勢を意識してみてください。

※脚に力が入らない、排尿や排便に異常がある、安静でも強い痛みが続く場合は、すぐ整形外科を受診してください。

岐阜県瑞穂市（穂積駅）でバレーの腰痛にお悩みの方は、みつむら接骨院へご相談ください。原因の考え方は下記の記事でも詳しく解説しています。"
kotantansho-A,253,スポーツ障害一般,A,骨端症とは？成長期の子どもの膝・かかとの痛み｜岐阜・瑞穂市,https://www.058-327-7771.net/kotantansho/,2026-08-27,"岐阜県瑞穂市（穂積駅）で、お子さんの膝やかかとの痛み（骨端症）にお悩みの方へ。部活やクラブ活動を頑張るお子さんが痛みを訴えると、休ませるべきか続けさせるべきか迷いますよね。

こんなお悩みはありませんか？
・運動後に膝の下やかかとを痛がる
・走ったりジャンプしたりすると痛みが強くなる
・患部を押すと痛がり、腫れや熱っぽさがある

骨端症は、成長期の骨の端にある骨端線（成長軟骨）に、運動による牽引や衝撃が繰り返し加わることで起こると考えられています。骨の成長に筋肉の柔軟性が追いつきにくい時期に起こりやすいとされます。原因の判断や運動を休むかどうかは整形外科の医師の役割ですので、まずは受診をおすすめします。

当院では、医師の診断を前提に、太ももやふくらはぎの硬さ、体の使い方の癖を確認し、負担を減らすための補完的なサポートを行います。

自宅では、運動後に太ももの前やふくらはぎを軽く伸ばし、痛みが強い日は無理をさせないでください。

※強い痛みで歩けない、腫れや変形がある、夜間にも痛む、発熱を伴う場合は、早めに整形外科を受診してください。

岐阜県瑞穂市（穂積駅）で成長期のお子さんの痛みでお困りの方は、みつむら接骨院へご相談ください。骨端症は下記の記事でも詳しく解説しています。"
kyosaku-arukenai-A,33,脊柱管狭窄症,A,脊柱管狭窄症で歩くのがつらいときの対処法｜瑞穂市,https://www.058-327-7771.net/kyosaku-arukenai/,2026-07-24,"岐阜県瑞穂市（穂積駅）で、歩くのがつらくなってきた方へ。少し歩いては休む、を繰り返すうちに、外出が億劫になっていませんか。

こんなお悩みはありませんか？
・数分歩くと足が重くなり、立ち止まってしまう
・買い物の途中で、ベンチやカートに頼っている
・前かがみだと歩きやすいが、姿勢を戻すとつらい

歩くと症状が出て、休むと軽くなる「間欠性跛行」は、脊柱管狭窄症でみられることがあると考えられています。前かがみで楽になるのは、腰の反りが減り、神経への負担が和らぐためとされます。一方、足の血管の問題でも似た症状が出るため、見分けは医師が行います。

診断と治療方針は医療機関の役割です。当院は、姿勢・筋肉・体の使い方を整える補完的なサポートを行います。

ご自宅では、つらくなる前に休みを挟みながら、短い距離を複数回に分けて歩く方法をお試しください。

※足の脱力、排尿・排便のトラブルがある場合や、突然歩けなくなった場合は、すぐに医療機関を受診してください。

岐阜県瑞穂市（穂積駅）で歩行のつらさにお悩みの方は、みつむら接骨院へご相談ください。対処法は下記の記事でも詳しく解説しています。"
daboku-hayaku-A,339,肩腱板・神経・腱鞘炎・打撲骨折,A,打撲を早く治すには？内出血と湿布の対処｜岐阜・瑞穂市,https://www.058-327-7771.net/daboku-hayaku/,2026-10-09,"岐阜県瑞穂市（穂積駅）で、打撲による痛みや内出血にお悩みの方へ。転んだりぶつけたりした後、どう対処すればよいか迷うことも多いですよね。

こんなお悩みはありませんか？
・ぶつけた場所が腫れて、青黒くなってきた
・湿布を貼るのが良いのか、冷やすのが良いのかわからない
・数日たっても痛みが引かない

打撲では、皮膚の下で小さな血管が傷つき、内出血や腫れが起こると考えられます。受傷直後は冷やして安静にし、患部を圧迫しすぎないことが基本です。ただし骨折が隠れていることもあり、見た目だけでは判断できないため、腫れや痛みが強い場合は整形外科での検査をおすすめします。

当院では診断は行わず、医療機関の診察を前提に、痛みをかばうことで硬くなった周囲の筋肉や体の使い方を整えるお手伝いをします。

自宅では、患部を高くして休ませ、強く揉まないようにしてください。

※強い腫れや変形、体重をかけられない、動かせない場合は骨折の疑いがあります。頭や胸、お腹を強く打って吐き気や息苦しさがある場合は、すぐに救急を受診してください。

岐阜県瑞穂市（穂積駅）で打撲後の痛みでお困りの方は、みつむら接骨院へご相談ください。内出血や湿布の対処は下記の記事でも詳しく解説しています。"
soccer-mental-A,215,サッカー,A,サッカーの怪我とメンタル｜復帰が怖い・痛みを言えない方へ（岐阜・瑞穂）,https://www.058-327-7771.net/soccer-mental/,2026-07-31,"岐阜県瑞穂市（穂積駅）で、サッカーの怪我後の不安や、痛みを言い出せない悩みをお持ちの方へ。復帰が近づくほど「また痛めたらどうしよう」と怖くなるのは、自然な気持ちです。

こんなお悩みはありませんか？
・復帰したいのに、もう一度痛めるのが怖い
・試合に出られなくなるのが嫌で、痛みを言い出せない
・痛みをかばってプレーし、動きがぎこちなくなった

痛みを我慢してプレーを続けると、かばう動きが増えて別の部位に負担がかかることがあると考えられます。また、不安が強いと体がこわばり、動きが硬くなる場合もあります。

みつむら接骨院では、痛みの状態の確認、姿勢や体の使い方の整え、周囲の筋肉のケアを通じて、安心して動ける体づくりを補完的にサポートします。診断や復帰の許可は、整形外科など医療機関の役割です。

ご自宅では、痛みの有無や練習後の状態を短くメモしておくと、周りの大人や指導者に伝えやすくなります。

※骨折が疑われる強い痛みや腫れ、頭を打った後の頭痛・吐き気・ぼんやりする様子があるときは、プレーを中止して整形外科や救急を受診してください。

岐阜県瑞穂市（穂積駅）でサッカーの怪我や復帰の不安にお悩みの方は、みつむら接骨院へご相談ください。メンタル面との付き合い方は下記の記事でも詳しく解説しています。"
bunri-gikkuri-chigai-A,119,すべり症・分離症,A,腰椎分離症とぎっくり腰の違い｜岐阜県瑞穂市で見分けの目安,https://www.058-327-7771.net/bunri-gikkuri-chigai/,2026-07-30,"岐阜県瑞穂市（穂積駅）で、腰椎分離症とぎっくり腰の違いが気になる方へ。急な腰痛で、どちらか分からず戸惑う方も多いです。

こんなお悩みはありませんか？
・腰の痛みが数日たっても続いている
・腰を反らす動きで特に痛む
・成長期のお子さんが運動後に腰を痛がる

ぎっくり腰は急な動作をきっかけに起こる腰の痛みの総称で、数日〜数週間で軽くなることが多いと考えられます。一方、分離症は反らす動きで痛みが出やすく、運動を続けると長引くことがあります。ただし見た目だけで区別はできず、画像検査を含む診断は整形外科の役割です。

みつむら接骨院では、診断は医療機関の役割としたうえで、痛みが出る動きや姿勢の確認、体の使い方を整える補完的なサポートを行っています。

ご自宅では、痛みが強い間は無理に動かず、楽な姿勢で休んでください。

※発熱を伴う腰痛、足の脱力、排尿・排便のトラブルがある場合は、すぐに医療機関を受診してください。

岐阜県瑞穂市（穂積駅）で腰の痛みの違いに迷う方は、みつむら接骨院へご相談ください。見分けの目安は下記の記事でも解説しています。"
volley-tsukiyubi-yobo-A,395,バレー＋一般症状,A,バレーの突き指予防｜ブロックで突き指しないために｜岐阜・瑞穂,https://www.058-327-7771.net/volley-tsukiyubi-yobo/,2026-11-06,"岐阜県瑞穂市（穂積駅）でバレーボールの突き指にお悩みの方へ。ブロックのたびにボールが指に当たると、また痛めないか気になりますよね。

こんなお悩みはありませんか？
・ブロックで指先にボールが当たり、突き指を繰り返す
・突き指のあと指が腫れて曲げにくい
・指のつけ根や関節が太く見えてきた

ブロックでは指先にボールの勢いが直接かかるため、関節や靭帯に負担が集まりやすいと考えられます。突き指と思っていても、骨折や脱臼が隠れていることがあり、診断は整形外科など医療機関の役割です。

みつむら接骨院では、医療機関での確認を前提に、手や指まわり、肩や腕の使い方を整え、指に力が入りすぎない体の使い方をサポートしています。

自宅では、突き指をしたら指を引っ張らず、冷やして安静にしてください。引っ張る対処は状態を悪化させるおそれがあります。

※指が曲がらない、変形している、強く腫れている場合は、骨折や脱臼が疑われるため、すぐ整形外科を受診してください。

岐阜県瑞穂市（穂積駅）で突き指の予防にお悩みの方は、みつむら接骨院へご相談ください。予防のポイントは下記の記事でも詳しく解説しています。"
gojukata-atatameru-A,75,五十肩,A,五十肩は温める？冷やす？時期別の使い分け｜岐阜・瑞穂,https://www.058-327-7771.net/gojukata-atatameru/,2026-07-30,"岐阜県瑞穂市（穂積駅）で、五十肩を温めるか冷やすかで迷っている方へ。どちらが正しいのか分からないと、不安になりますよね。

こんなお悩みはありませんか？
・温めたほうがよいのか冷やすべきか分からない
・お風呂で楽な日と痛む日がある
・湿布や保冷剤を使ってよいか迷う

一般に、痛みが急に強くなった時期や、ズキズキした痛み・熱っぽさがあるときは、冷やすと楽になる場合があると言われます。一方、動きにくさが中心の時期は、温めて筋肉のこわばりをゆるめると楽になる場合があります。ただし個人差が大きく、原因によって適した対処は異なると考えられます。診断は整形外科の役割です。

当院では、柔道整復師が肩の状態や時期を確認し、その方に合ったケアの考え方をお伝えする補完的なサポートを行います。

ご自宅では、温冷どちらも「心地よい」が目安です。痛みが増す方法は中止し、冷やしすぎや低温やけどにご注意ください。

※赤み・腫れ・熱感が強い、発熱がある、夜間の強い痛みが続く場合は、早めに医療機関を受診してください。

岐阜県瑞穂市（穂積駅）で五十肩のケアにお悩みの方は、みつむら接骨院へご相談ください。温冷の使い分けは下記の記事でも詳しく解説しています。"
herunia-nekata-A,55,椎間板ヘルニア,A,椎間板ヘルニアの楽な寝方｜岐阜県瑞穂市の接骨院,https://www.058-327-7771.net/herunia-nekata/,2026-07-25,"岐阜県瑞穂市（穂積駅）で椎間板ヘルニアの痛みで眠れない方へ。夜中に痛みで目が覚める、朝起きるときがつらいなど、睡眠の悩みは大きな負担になりますよね。

こんなお悩みはありませんか？
・寝返りのたびに腰や脚が痛む
・朝、布団から起き上がる瞬間が特につらい
・どの姿勢で寝ればよいか分からない

椎間板ヘルニアでは、寝ているときの姿勢や寝具が合わないと、腰や神経への負担が増えると考えられています。楽な姿勢は症状の出方で人により異なるため、自分に合った姿勢を探すことが大切です。痛みの原因や治療方針は、整形外科での診察で確認してください。

当院では、医療機関の診断を前提に、寝姿勢や寝具の使い方、腰まわりの筋肉の状態を確認し、休みやすい体づくりをサポートしています。

自宅では、仰向けなら膝の下に、横向きなら膝の間にクッションを入れてみてください。

※足に力が入らない、強い麻痺、排尿・排便がうまくできないといった症状がある場合は、すぐに整形外科を受診してください。

岐阜県瑞穂市（穂積駅）で椎間板ヘルニアの寝方にお悩みの方は、みつむら接骨院へご相談ください。楽な寝方は下記の記事でも詳しく解説しています。"
gaisoku-joka-en-A,299,野球,A,テニス肘とは？肘の外側が痛む原因｜岐阜・瑞穂市,https://www.058-327-7771.net/gaisoku-joka-en/,2026-09-19,"岐阜県瑞穂市（穂積駅）で上腕骨外側上顆炎（テニス肘）にお悩みの方へ。物を持つたびに肘の外側が痛むと、日常生活でも気になりますよね。

こんなお悩みはありませんか？
・肘の外側が、物をつかむと痛む
・タオルを絞る、ドアノブを回すときにズキッとする
・バットやラケットを握ると肘が痛む

肘の外側には、手首を反らす筋肉が付いています。この筋肉の付け根に、使いすぎによる負担がたまると痛みが出ることがあり、テニス肘と呼ばれると考えられます。野球や仕事、家事でも起こります。肘の痛みには他の原因もあるため、診断は整形外科での検査が必要です。

当院は診断をする場ではなく、前腕や肩、肩甲骨、体幹の使い方を整える補完的なサポートを行っています。

ご自宅では、痛みが出る動作を減らし、手首を反らして強く握る使い方を控えましょう。

※強い痛み、腫れ、腕のしびれ、肘が動かせない場合は、早めに整形外科を受診してください。

岐阜県瑞穂市（穂積駅）で肘の外側の痛みにお悩みの方は、みつむら接骨院へご相談ください。原因は下記の記事でも詳しく解説しています。"
soccer-osgood-A,217,サッカー,A,サッカーで中学生の膝が痛い｜オスグッドの対処と受診目安（岐阜・瑞穂）,https://www.058-327-7771.net/soccer-osgood/,2026-07-31,"岐阜県瑞穂市（穂積駅）で、サッカーをする中学生の膝の痛みにお悩みの方へ。走ったりキックしたりするたびに膝をかばう姿を見ると、心配になりますよね。

こんなお悩みはありませんか？
・膝のお皿の下が出っ張って、押すと痛い
・練習後や階段で膝の痛みが強くなる
・正座やしゃがむ動きがつらい

成長期は骨の成長に筋肉の伸びが追いつきにくく、太ももの前の筋肉が膝下の骨を強く引っ張ることで痛みが出る場合があると考えられます。オスグッド病と呼ばれる状態が疑われますが、診断は整形外科での検査が必要です。

みつむら接骨院では、太ももやお尻まわりの筋肉の状態、姿勢、体の使い方を確認し、負担を減らす補完的なサポートを行います。練習を休むかどうかの判断は医師の役割です。

ご自宅では、練習後に太ももの前を軽くのばし、痛みが強い日は無理をしないことを意識してください。

※膝が腫れて熱を持つ、夜も痛みが続く、急に強い痛みで動かせないときは、整形外科を受診してください。

岐阜県瑞穂市（穂積駅）で膝の痛みにお悩みの成長期のサッカー選手は、みつむら接骨院へご相談ください。オスグッドについては下記の記事でも詳しく解説しています。"
kinnikutsu-naoshikata-A,255,スポーツ障害一般,A,筋肉痛の治し方｜運動後の痛みの原因と考え方｜岐阜・瑞穂市,https://www.058-327-7771.net/kinnikutsu-naoshikata/,2026-08-28,"岐阜県瑞穂市（穂積駅）で、運動後の筋肉痛が長引いてお悩みの方へ。久しぶりに体を動かした翌日や翌々日に階段もつらいと、不安になりますよね。

こんなお悩みはありませんか？
・運動の翌日から数日、筋肉痛が続いている
・痛みで普段どおりの動きがしづらい
・筋肉痛なのか、痛めたのか区別がつかない

筋肉痛は、普段と違う負荷や慣れない動きで筋肉に細かな負担がかかることが関係していると考えられています。多くは数日で和らぎますが、痛みの質が違う場合は肉離れなど別の原因が隠れていることもあり、その判断は医療機関の役割です。

当院では、痛みの場所や動かしたときの様子を確認し、筋肉の張りや体の使い方を整える補完的なサポートを行います。

自宅では、軽い散歩や入浴で体を温め、水分と睡眠をしっかりとってください。強く揉みすぎないことも大切です。

※運動後に濃い茶色の尿が出る、筋肉の強い腫れ、力が入らない、発熱を伴う場合は横紋筋融解などの可能性もあるため、すぐに医療機関を受診してください。

岐阜県瑞穂市（穂積駅）で筋肉痛や運動後の痛みの方は、みつむら接骨院へご相談ください。筋肉痛への対処は下記の記事でも詳しく解説しています。"
zutsu-ninshin-A,163,頭痛,A,妊娠中・産後の頭痛｜薬に頼りにくい時期の付き合い方（瑞穂市）,https://www.058-327-7771.net/zutsu-ninshin/,2026-07-31,"岐阜県瑞穂市（穂積駅）で、妊娠中・産後の頭痛にお悩みの方へ。薬を使いにくい時期の頭痛はつらく、睡眠不足や育児の疲れも重なりやすいですよね。

こんなお悩みはありませんか？
・妊娠中で、頭痛に薬を使ってよいか分からない
・産後の授乳や抱っこの姿勢で首肩が張り、頭が重い
・睡眠が細切れで、頭痛が続きやすい

妊娠中や産後は、ホルモンバランスの変化、姿勢の変化、睡眠不足、育児による首肩の負担などが重なり、頭痛が出やすいと考えられています。薬の使用は自己判断せず、産婦人科の主治医や薬剤師に相談することが大切です。

診断は医療機関の役割です。みつむら接骨院では、主治医の指示を大切にしたうえで、首や肩の緊張、姿勢、育児中の体の使い方を整える補完的なサポートを行っています。

自宅では、授乳や抱っこの合間に肩の力を抜き、首をゆっくり動かしてみてください。

※妊娠中や産後の突然の激しい頭痛、視界のかすみやチカチカ、顔や手足のむくみ、ろれつが回らない、手足の麻痺やしびれ、発熱と首の硬直がある場合は、すぐに産婦人科や救急を受診してください。

岐阜県瑞穂市（穂積駅）で妊娠中・産後の頭痛にお悩みの方は、みつむら接骨院へご相談ください。付き合い方は下記の記事でも詳しく解説しています。"
zakotsu-atatameru-hiyasu-A,17,坐骨神経痛,A,坐骨神経痛は温める？冷やす？判断の目安｜岐阜県瑞穂市,https://www.058-327-7771.net/zakotsu-atatameru-hiyasu/,2026-07-23,"岐阜県瑞穂市（穂積駅）で坐骨神経痛のとき、温めるか冷やすか迷っている方へ。間違えると悪化しそうで、不安になりますよね。

こんなお悩みはありませんか？
・湿布や入浴で楽になる日とならない日がある
・温めたら痛みが強くなった気がする
・冷やしてよいのか温めてよいのか分からない

一般的に、急に痛みが出た直後で熱感や強い炎症が疑われるときは冷やし、慢性的な筋肉のこわばりが中心のときは温めると楽に感じる場合があると考えられます。ただし人によって反応は異なるため、心地よく感じる方を目安にしてください。背景の確認には整形外科での検査が役立ちます。

当院では診断は行わず、状態に合わせた過ごし方を補完的にお伝えしています。

自宅では、温冷どちらも短時間から試し、痛みが増すときはすぐにやめてみてください。

※足に力が入らない、排尿・排便がしにくいといった症状があるときは、すぐに整形外科を受診してください。

岐阜県瑞穂市（穂積駅）で坐骨神経痛のケアに迷う方は、みつむら接骨院へご相談ください。温冷の判断は下記の記事でも詳しく解説しています。"
hakuri-ashikubi-A,341,肩腱板・神経・腱鞘炎・打撲骨折,A,足首の剥離骨折と捻挫の違い｜疑うべきサイン｜瑞穂市,https://www.058-327-7771.net/hakuri-ashikubi/,2026-10-10,"岐阜県瑞穂市（穂積駅）で、足首をひねった後の痛みが長引いてお悩みの方へ。ただの捻挫だと思っていたのに、なかなか良くならず不安な方もいらっしゃるでしょう。

こんなお悩みはありませんか？
・足首をひねってから、腫れや痛みが引かない
・くるぶしの周りを押すと骨に痛みがある
・体重をかけると強く痛み、歩きづらい

足首をひねった際、靭帯に引っ張られて骨の一部がはがれる剥離骨折が起こることがあり、捻挫と似た症状になると考えられます。見た目だけでは区別がつきにくく、レントゲンなどの画像検査が必要なため、まずは整形外科での診察をおすすめします。

当院では診断は行わず、医療機関で状態が確認された後の段階で、足首まわりの筋肉や体の使い方を整える補完的なサポートをします。

自宅では、無理に歩いたり、強く揉んだりせず、冷やして安静にしてください。

※強い腫れ、変形、体重をかけられない、足先のしびれや冷たさがある場合は、早めに整形外科を受診してください。

岐阜県瑞穂市（穂積駅）で足首の痛みでお困りの方は、みつむら接骨院へご相談ください。剥離骨折と捻挫の違いは下記の記事でも詳しく解説しています。"
volley-overhand-A,397,バレー＋一般症状,A,オーバーハンドパスで手首・指が痛いときの考え方｜岐阜・瑞穂,https://www.058-327-7771.net/volley-overhand/,2026-11-07,"岐阜県瑞穂市（穂積駅）でオーバーハンドパスによる手首や指の痛みにお悩みの方へ。トスを上げるたびに痛むと、不安になりますよね。

こんなお悩みはありませんか？
・オーバーハンドパスで手首や指のつけ根が痛い
・練習後に指が腫れぼったく、握りにくい
・ボールを触る感覚が鈍くなってきた

オーバーハンドパスでは、指や手首でボールの勢いを受け止めるため、腕や肩の力み、手首の使いすぎが痛みにつながることがあると考えられます。腱や関節、骨の状態は外から判断しにくいため、痛みが続く場合は整形外科での検査が大切です。

みつむら接骨院では、診断は医療機関の役割としたうえで、手首や前腕、肩まわりの筋肉の緊張や、パスの際の体の使い方を整える補完的なサポートを行っています。

自宅では、痛みがあるうちは練習量を減らし、前腕を軽くさするようにほぐして休ませてください。

※強い腫れ、指の変形、動かせないほどの痛み、しびれがある場合は、骨折や神経の問題も考えられるため、早めに整形外科を受診してください。

岐阜県瑞穂市（穂積駅）でパスのときの手首や指の痛みにお悩みの方は、みつむら接骨院へご相談ください。考え方は下記の記事でも詳しく解説しています。"
soccer-noshinto-A,239,サッカー,A,サッカーの脳震盪の症状と対応｜ヘディング・接触後の注意点（岐阜）,https://www.058-327-7771.net/soccer-noshinto/,2026-08-20,"岐阜県瑞穂市（穂積駅）で、サッカー中に頭を打った、ヘディングや接触の後の様子が気になるという保護者・指導者・選手の方へ。

こんなお悩みはありませんか？
・接触プレーの後、頭痛やふらつきが出ている
・ぼんやりして、直前のことを覚えていない
・「大丈夫」と言うので、そのまま続けさせてよいか迷う

頭部への衝撃で脳が揺さぶられると、脳震盪が起こる場合があります。症状は軽く見えても後から変化することがあるため、見た目だけでの判断は難しいと考えられます。

脳震盪は接骨院の施術の対象ではありません。診断や復帰の判断は、脳神経外科など医療機関の役割です。当院では、受診の目安のお伝えや、受診後に首や肩まわりの張りが気になる場合のケアにとどめています。

頭を打った疑いがあれば、その場でプレーをやめ、一人にせず様子を見守ってください。当日の復帰は控えましょう。

※意識がもうろうとする、嘔吐を繰り返す、けいれん、手足の麻痺、激しい頭痛があるときは、すぐに救急車（119番）を呼び、救急を受診してください。

岐阜県瑞穂市（穂積駅）でサッカーの怪我についてお悩みの方は、みつむら接骨院へご相談ください。脳震盪の対応は下記の記事でも詳しく解説しています。"
sokuwan-kodomo-A,99,側弯症,A,子供の側弯症｜学校検診で指摘されたらどうする？岐阜県瑞穂市,https://www.058-327-7771.net/sokuwan-kodomo/,2026-07-30,"岐阜県瑞穂市（穂積駅）で、お子さんの側弯症をご心配の保護者の方へ。学校検診で「背骨が曲がっているかも」と言われると、驚いて不安になるのは当然です。まずは落ち着いて、お子さんの気持ちにも配慮してあげてください。

こんなお悩みはありませんか？
・学校検診で再検査や受診をすすめられた
・肩や肩甲骨、腰の高さの左右差が気になる
・前かがみになると背中の片側が盛り上がる

検診での指摘は「疑い」の段階で、実際に側弯症かどうか、程度はどのくらいかは、整形外科でのレントゲン検査で確認する必要があります。成長期は変化が起こりやすいため、早めの受診が大切と考えられます。曲がりの評価、装具、経過観察などの方針は医師が決めます。

当院は診断や治療方針の決定は行わず、受診後に周囲の筋肉や姿勢、体の使い方を整える補完的なサポートを担います。

ご家庭では、見た目を責めず、日々の姿勢をやさしく見守りましょう。

※強い背部痛、息苦しさ、手足のしびれ、曲がりの急な進行がある場合は、整形外科を早めに受診してください。

岐阜県瑞穂市（穂積駅）で、お子さんの側弯症でご不安な保護者の方は、みつむら接骨院へご相談ください。検診後の考え方は下記の記事でも詳しく解説しています。"
yakyu-koshi-A,301,野球,A,野球で腰が痛い｜スイング・投球と分離症｜瑞穂市,https://www.058-327-7771.net/yakyu-koshi/,2026-09-20,"岐阜県瑞穂市（穂積駅）で野球による腰の痛みにお悩みの方へ。スイングや投球のたびに腰が痛むと、続けてよいのか不安になりますよね。

こんなお悩みはありませんか？
・スイングや投球で腰が痛む
・腰を反らすと痛みが強くなる
・練習後に腰が重く、休んでも痛みが残る

野球は体をひねったり反らしたりする動作が多く、腰に負担がかかりやすいと考えられます。特に成長期のお子さんでは、腰の骨に疲労が起こる分離症の可能性があります。初期はレントゲンに写らないことがあり、MRIやCTなどの検査が必要なため、整形外科の受診が大切です。診断や練習の再開は医師の判断に従ってください。

当院は診断をする場ではなく、股関節や背中の動きなど体の使い方を整える補完的なサポートを行っています。

ご自宅では、腰を反らす動きは控えめにしましょう。

※足の脱力、しびれ、排尿排便のトラブルがあるときは、すぐ医療機関を受診してください。

岐阜県瑞穂市（穂積駅）で野球による腰痛にお悩みの方は、みつむら接骨院へご相談ください。分離症の注意点は下記の記事でも詳しく解説しています。"
tsukiyubi-A,257,スポーツ障害一般,A,突き指の治し方｜引っ張るのはNG？考え方と注意点｜岐阜・瑞穂市,https://www.058-327-7771.net/tsukiyubi/,2026-08-29,"岐阜県瑞穂市（穂積駅）で、突き指の痛みにお悩みの方へ。ボールが指先に当たった後、腫れや痛みが引かないと心配になりますよね。

こんなお悩みはありませんか？
・指が腫れて、曲げ伸ばしがしづらい
・「引っ張れば戻る」と聞いて、どうすべきか迷っている
・数日たっても痛みや違和感が続いている

突き指は、指先に強い力が加わり、靭帯や腱、関節まわりを痛める状態の総称と考えられています。見た目が軽くても、骨折や脱臼が隠れていることがあるため、指を引っ張る行為は避けてください。診断や画像検査は整形外科の役割です。

当院では、医療機関で骨折などが否定された後の回復期に、指や手首まわりの動き、使い方を確認し、補完的なサポートを行います。

自宅では、まず安静にして患部を冷やし、痛みが落ち着くまで無理に動かさないようにしましょう。

※指が曲がらない、変形している、強い腫れや内出血、しびれがある場合は、骨折や脱臼の可能性があるため、早めに整形外科を受診してください。

岐阜県瑞穂市（穂積駅）で突き指の方は、みつむら接骨院へご相談ください。突き指の対処は下記の記事でも詳しく解説しています。"
gifu-yotsu-onsen-A,137,腰痛×岐阜ローカル,A,腰痛に温泉は良い？岐阜・瑞穂市で温めるケアの考え方,https://www.058-327-7771.net/gifu-yotsu-onsen/,2026-07-31,"岐阜県瑞穂市（穂積駅）で、腰痛に温泉や入浴が良いのか気になっている方へ。お風呂で温まると腰が楽になる感覚がある一方で、合わない場合もあるのか不安になりますよね。

こんなお悩みはありませんか？
・温めると楽になるが、また痛みが戻る
・痛めた直後に温めてよいか分からない
・長湯をすると腰がだるくなる

慢性的な腰のこわばりでは、温めて血行を促すことで筋肉の緊張がやわらぎ、楽に感じやすいと考えられます。一方、ぎっくり腰のように急に痛めた直後で熱感や強い痛みがあるときは、温めることで痛みが増す場合もあるため、注意が必要です。

みつむら接骨院では、痛みの出方や経過を確認し、温めてよい状態かどうか、姿勢や筋肉の面から見てお伝えします。診断は医療機関の役割です。

自宅では、ぬるめのお湯で無理のない時間にとどめ、入浴後は体を冷やさないようにしてください。

※発熱を伴う腰痛、安静でも治まらない強い痛み、足の脱力、排尿・排便のトラブルがある場合は、温めずに医療機関を受診してください。

岐阜県瑞穂市（穂積駅）で腰痛の温めるケアに迷う方は、みつむら接骨院へご相談ください。温泉や入浴の考え方は下記の記事でも詳しく解説しています。"
volley-kata-stretch-A,399,バレー＋一般症状,A,バレーの肩ストレッチ｜スパイクを打ち続けるためのケア｜岐阜・瑞穂,https://www.058-327-7771.net/volley-kata-stretch/,2026-11-08,"岐阜県瑞穂市（穂積駅）でスパイクによる肩の違和感にお悩みの方へ。打ち続けるうちに肩が重くなると、思い切って振れませんよね。

こんなお悩みはありませんか？
・スパイクを打つと肩の前や奥が痛む
・腕を上げたときに引っかかる感じがある
・練習後に肩が張って、夜も気になる

スパイクは腕を大きく振り上げる動作のため、肩まわりの筋肉や腱に負担が集まりやすいと考えられます。肩甲骨や胸まわりの硬さがあると、さらに肩へ負担が偏ることもあります。腱板の損傷などとの見分けは整形外科での検査が大切です。

みつむら接骨院では、診断は医療機関の役割としたうえで、肩甲骨、胸、背中の動きや姿勢を整え、肩の負担を減らすための補完的サポートを行っています。

自宅では、痛みが出ない範囲で肩甲骨をゆっくり動かし、肩をすくめ続けない姿勢を意識してみてください。

※夜間に強く痛む、腕が上がらない、痛みが長引く、しびれがある場合は、早めに整形外科を受診してください。

岐阜県瑞穂市（穂積駅）で肩のケアにお悩みの方は、みつむら接骨院へご相談ください。ストレッチの考え方は下記の記事でも詳しく解説しています。"
soccer-momo-daboku-A,411,サッカー,A,サッカーの太もも打撲（もも被り）｜ぶつかった後の対処（岐阜・瑞穂）,https://www.058-327-7771.net/soccer-momo-daboku/,2026-11-14,"岐阜県瑞穂市（穂積駅）で、サッカーで太ももをぶつけて痛みが続いている方へ。接触の後、その場は動けても、あとから痛みが強くなって心配になることがあります。

こんなお悩みはありませんか？
・ぶつけた太ももが腫れて、硬く張っている
・膝を曲げたり、走ったりすると痛い
・青あざが広がってきた

太ももの打撲は筋肉の中で内出血が起こり、動かしにくさが出ると考えられます。痛いところを強く揉んだり、無理に動かしたりすると、状態が長引く場合があります。骨折や重い筋損傷との区別は、整形外科での検査が必要です。

みつむら接骨院では、受傷後の状態を確認し、痛みが落ち着いてから、周囲の筋肉の張りや動かし方を整える補完的なサポートを行います。診断は医療機関の役割です。

直後は無理に動かさず、冷やして安静にし、様子を見てください。

※腫れが急に大きくなる、強い痛みで足を動かせない、足先のしびれや色の変化があるときは、すぐに整形外科や救急を受診してください。

岐阜県瑞穂市（穂積駅）でスポーツ中の打撲にお悩みの方は、みつむら接骨院へご相談ください。もも被りは下記の記事でも詳しく解説しています。"
hakuri-yubi-A,343,肩腱板・神経・腱鞘炎・打撲骨折,A,指の剥離骨折と突き指の見分け方｜瑞穂市の接骨院,https://www.058-327-7771.net/hakuri-yubi/,2026-10-11,"岐阜県瑞穂市（穂積駅）で、突き指の後に指の痛みが続いてお悩みの方へ。ただの突き指だと思って様子を見ていたら、なかなか治まらず心配になることもあるでしょう。

こんなお悩みはありませんか？
・突き指のあと、指の関節が腫れたまま引かない
・指が完全に曲がらない、または伸びない
・テーピングで固定していいのか迷っている

突き指の際に、関節の近くで骨の一部がはがれる剥離骨折が起こることがあり、症状が似ていると考えられます。見た目では区別しにくく、画像検査が必要なため、まずは整形外科での診察をおすすめします。

当院では診断は行わず、医療機関で状態が確認された後の段階で、手や前腕の筋肉、手の使い方を整える補完的なサポートをします。テーピングは補助であり、治療ではありません。

自宅では、指を引っ張って元に戻そうとしないでください。冷やして安静にしましょう。

※指が曲がらない、変形している、強い腫れがある場合は骨折や脱臼が疑われるため、早めに整形外科を受診してください。

岐阜県瑞穂市（穂積駅）で指の痛みでお困りの方は、みつむら接骨院へご相談ください。見分け方やテーピングの注意は下記の記事でも詳しく解説しています。"
kyosaku-walking-A,35,脊柱管狭窄症,A,脊柱管狭窄症にウォーキングは良い？歩き方のポイント,https://www.058-327-7771.net/kyosaku-walking/,2026-07-24,"岐阜県瑞穂市（穂積駅）で、脊柱管狭窄症でもウォーキングをしてよいのか迷っている方へ。動かないと衰えそうで、歩くと症状が出る。悩ましいところです。

こんなお悩みはありませんか？
・運動のために歩きたいが、しびれが心配
・歩き方で症状が変わるのか知りたい
・どのくらい歩いてよいか分からない

脊柱管狭窄症では、歩くことで筋力や体力を保つことが役立つ場合もあると考えられます。一方で、腰が反った姿勢で歩くと症状が出やすくなります。歩幅を小さくし、背すじを伸ばしすぎないことがポイントです。症状に合った運動量は個人差があるため、医師に確認することをおすすめします。

診断と治療方針は医療機関の役割で、当院は姿勢・筋肉・体の使い方を整える補完的なサポートを行います。

ご自宅では、症状が出る前に休みを入れる「小分け歩き」をお試しください。

※足の脱力、排尿・排便のトラブルがある場合は、すぐに医療機関を受診してください。

岐阜県瑞穂市（穂積駅）で脊柱管狭窄症の歩き方にお悩みの方は、みつむら接骨院へご相談ください。歩き方のポイントは下記の記事でも詳しく解説しています。"
zutsu-mainichi-A,165,頭痛,A,毎日頭痛が続くのは大丈夫？慢性頭痛の見直しポイント（岐阜・瑞穂）,https://www.058-327-7771.net/zutsu-mainichi/,2026-07-31,"岐阜県瑞穂市（穂積駅）で、毎日のように続く頭痛にお悩みの方へ。「またか」と思いながら薬でやり過ごす日々は、心も体も疲れてしまいます。

こんなお悩みはありませんか？
・ほぼ毎日、頭が重い、または痛い
・鎮痛薬を飲む日が増えてきた
・首や肩のこり、睡眠不足も気になる

頭痛が慢性的に続く背景には、緊張型頭痛や片頭痛のほか、首肩の筋肉の緊張、睡眠や姿勢の乱れ、ストレスなどが重なっていると考えられています。また、鎮痛薬を頻繁に使うことで、かえって頭痛が続く薬の使いすぎによる頭痛の可能性もあるため、医療機関への相談が大切です。

診断や治療方針の決定は医療機関の役割です。みつむら接骨院では、医療機関での確認を前提に、首や肩の筋肉、姿勢、日常の体の使い方を整える補完的なサポートを行っています。

自宅では、頭痛の日と薬を飲んだ日を記録して、傾向を見つけてみてください。

※突然の激しい頭痛、ろれつが回らない、手足の麻痺やしびれ、物が二重に見える、発熱と首の硬直がある場合は、すぐに救急受診をしてください。

岐阜県瑞穂市（穂積駅）で毎日の頭痛にお悩みの方は、みつむら接骨院へご相談ください。慢性頭痛の見直しポイントは下記の記事でも詳しく解説しています。"
yakyu-slide-dead-A,303,野球,A,ヘッドスライディング・死球の怪我と対応｜瑞穂市,https://www.058-327-7771.net/yakyu-slide-dead/,2026-09-21,"岐阜県瑞穂市（穂積駅）でヘッドスライディングやデッドボールの怪我にお悩みの方へ。試合中の突然の怪我に、どう動けばよいか迷いますよね。

こんなお悩みはありませんか？
・ヘッドスライディングで指や手首、肩を痛めた
・デッドボールが当たった場所が腫れて痛む
・試合後も痛みが引かず、プレーを続けてよいか不安

ヘッドスライディングでは、指、手首、肩、鎖骨などに大きな力が加わることがあります。デッドボールでは、当たった場所に打撲や骨折が起こることがあると考えられます。骨折の有無は外見だけでは分からず、診断は整形外科での画像検査が必要です。

当院は診断をする場ではなく、落ち着いた時期に周囲の筋肉や体の使い方を整える補完的なサポートを行っています。

応急対応としては、まずプレーを止めて安静にし、患部を冷やして動かさないようにしましょう。

※強い痛み、変形、腫れ、動かせない、しびれ、頭部への当たりや意識の変化がある場合は、すぐ救急や医療機関を受診してください。

岐阜県瑞穂市（穂積駅）で野球の怪我にお悩みの方は、みつむら接骨院へご相談ください。現場での対応は下記の記事でも詳しく解説しています。"
ashikubi-taping-A,259,スポーツ障害一般,A,足首テーピングの巻き方の基本｜捻挫予防の考え方｜岐阜・瑞穂市,https://www.058-327-7771.net/ashikubi-taping/,2026-08-30,"岐阜県瑞穂市（穂積駅）で、足首の捻挫を繰り返してお悩みの方へ。テーピングを巻けば安心できるのか、巻き方は合っているのか、迷うこともありますよね。

こんなお悩みはありませんか？
・スポーツのたびに足首をひねりそうで不安になる
・自己流でテーピングをしているが、きついと感じる
・捻挫が癖になっている気がする

テーピングは、足首の動きを補助的に制限して負担を和らげるものであり、治療そのものではないと考えられています。強く巻きすぎると血行を妨げることもあります。捻挫の程度の判断や、靭帯損傷・骨折の有無の確認は整形外科の医師の役割です。

当院では、痛みが落ち着いた後のふくらはぎや足首の動き、バランス、体の使い方を確認し、再発しにくい体づくりを補完的にサポートします。

自宅では、足首を回したり、片足立ちでバランスをとったりして、安定性を意識してみてください。

※足に体重をかけられない、強い腫れや変形、しびれ、指先の色が悪くなる場合は、すぐに整形外科を受診してください。

岐阜県瑞穂市（穂積駅）で足首の不安がある方は、みつむら接骨院へご相談ください。テーピングの考え方は下記の記事でも詳しく解説しています。"
bunri-corset-A,121,すべり症・分離症,A,分離症のコルセット｜期間と付き合い方｜岐阜県瑞穂市,https://www.058-327-7771.net/bunri-corset/,2026-07-30,"岐阜県瑞穂市（穂積駅）で、分離症のコルセットについてお悩みの方へ。いつまでつけるのか、外すと悪化しないか、心配になりますよね。

こんなお悩みはありませんか？
・コルセットをいつまで着けるのか分からない
・着けていると筋力が落ちないか不安
・部活を休むのがつらく、早く戻りたい

コルセットは、腰を反らす動きやひねる動きを抑え、骨への負担を減らす目的で使われることがあると考えられます。着用の必要性や期間は、骨の状態や年齢によって異なり、医師が画像検査を踏まえて判断します。自己判断で外したり、期間を延ばしたりしないことが大切です。

みつむら接骨院では、診断・着用期間・復帰許可は医療機関の役割としたうえで、股関節や体幹の使い方、姿勢を整える補完的なサポートを行っています。

ご自宅では、コルセット着用中も、医師の許可の範囲で股関節まわりの柔軟性を保つ意識を持ってください。

※足の脱力、排尿・排便のトラブル、脚の強いしびれが出た場合は、すぐに整形外科を受診してください。

岐阜県瑞穂市（穂積駅）で分離症のコルセットに迷う方は、みつむら接骨院へご相談ください。詳しくは下記の記事でも解説しています。"
volley-chakuchi-A,401,バレー＋一般症状,A,ジャンプの着地で膝が痛い｜着地の衝撃と膝のケア｜岐阜・瑞穂,https://www.058-327-7771.net/volley-chakuchi/,2026-11-09,"岐阜県瑞穂市（穂積駅）でジャンプの着地による膝の痛みにお悩みの方へ。バレーは跳ぶ回数が多く、膝の痛みが続くと心配ですよね。

こんなお悩みはありませんか？
・着地するたびに膝の前や下が痛む
・階段の上り下りや正座で膝が気になる
・練習後に膝が重く、腫れぼったい

ジャンプの着地では、体重の何倍もの衝撃が脚にかかると考えられ、膝のお皿まわりの腱や筋肉に負担が集まりやすくなります。太ももやお尻の筋肉の使い方、足首や股関節の硬さも関係することがあります。膝の状態の診断は整形外科の役割です。

みつむら接骨院では、医療機関での確認を前提に、太もも、股関節、足首の動きや着地の姿勢を整える補完的なサポートを行っています。

自宅では、痛みが強い日は跳ぶ回数を控え、太ももの前や裏をやさしくほぐしてください。

※膝の裏の痛みや腫れは血栓の可能性があります。膝に水がたまり熱感を伴う場合は感染の可能性もあります。いずれも早めに医療機関を受診してください。

岐阜県瑞穂市（穂積駅）で着地の膝の痛みにお悩みの方は、みつむら接骨院へご相談ください。着地と膝のケアは下記の記事でも詳しく解説しています。"
gojukata-check-A,77,五十肩,A,五十肩の症状セルフチェック｜似た病気との見分け方｜岐阜・瑞穂,https://www.058-327-7771.net/gojukata-check/,2026-07-30,"岐阜県瑞穂市（穂積駅）で、肩の痛みが五十肩なのか気になっている方へ。似た症状の病気もあると聞くと、余計に心配になりますよね。

こんなお悩みはありませんか？
・腕を上げようとすると肩が痛む
・背中や後ろに手が回らない
・五十肩ではない病気が隠れていないか心配

五十肩は、腕を上げる・後ろに回す動作が制限され、他の人が動かしても同じ範囲で止まる傾向があると言われます。一方、腱板断裂では腕を上げる力が入りにくい、首の神経の影響では首を動かすと腕にしびれが出るなど、似た症状の病気もあると考えられます。セルフチェックは目安にとどまり、区別には整形外科での診察や画像検査が必要です。

当院では、柔道整復師が肩の動きや周囲の筋肉、姿勢を確認し、負担を整える補完的なサポートを行います。診断が必要と考えられる場合は、医療機関の受診をおすすめします。

ご自宅では、痛みが強まる動きを避け、痛みの出ない範囲で過ごしてください。

※夜間の強い痛みが続く、腕に力が入らない、しびれや胸の締めつけを伴う場合は、早めに医療機関を受診してください。

岐阜県瑞穂市（穂積駅）で肩の痛みにお悩みの方は、みつむら接骨院へご相談ください。セルフチェックの目安は下記の記事でも詳しく解説しています。"
herunia-naoru-kikan-A,57,椎間板ヘルニア,A,椎間板ヘルニアは自然に治る？期間の目安｜岐阜県瑞穂市,https://www.058-327-7771.net/herunia-naoru-kikan/,2026-07-25,"岐阜県瑞穂市（穂積駅）で椎間板ヘルニアがどのくらいで落ち着くのか気になる方へ。いつまで続くのか分からない不安は、とても大きいものです。

こんなお悩みはありませんか？
・ヘルニアは自然に小さくなると聞いたが本当か気になる
・痛みが続いて、いつ良くなるのか見通しが立たない
・放っておいてよいのか、治療が必要なのか迷っている

飛び出した椎間板は、時間の経過の中で体に吸収され、小さくなる場合があると考えられています。ただし、その経過や期間には個人差が大きく、症状の強さによって対応も変わります。期間の目安や治療方針は、整形外科で画像を確認したうえで医師に相談してください。

当院では、医療機関の診断を前提に、経過の中で負担を減らすための姿勢や筋肉の状態を整える補完的なサポートを行っています。

自宅では、痛みが強まる動作を避けつつ、動ける範囲で日常生活を続けることを意識してみてください。

※足に力が入らない、強い麻痺、排尿・排便がうまくできないといった症状がある場合は、すぐに整形外科を受診してください。

岐阜県瑞穂市（穂積駅）で椎間板ヘルニアの経過が気になる方は、みつむら接骨院へご相談ください。吸収の話や期間の目安は下記の記事でも詳しく解説しています。"
soccer-sliding-A,413,サッカー,A,サッカーのスライディングの怪我｜する側・される側の安全（岐阜・瑞穂）,https://www.058-327-7771.net/soccer-sliding/,2026-11-15,"岐阜県瑞穂市（穂積駅）で、サッカーのスライディングによる怪我にお悩みの方へ。ぶつかられた、足を取られた、擦りむいたなど、体験するたびに不安が残りますよね。

こんなお悩みはありませんか？
・スライディングを受けて足首や膝をひねった
・擦り傷や青あざがなかなか落ち着かない
・ケガが怖くて、思い切りプレーできない

スライディングでは、足首、膝、すねなどに急な力が加わり、捻挫や打撲、擦過傷が起こることがあると考えられます。人工芝や硬い地面では、傷が深くなる場合もあります。骨や靭帯の状態の確認は、整形外科の役割です。

みつむら接骨院では、痛みが落ち着いてから、姿勢、足首や股関節の動き、体の使い方を確認し、再発しにくい体づくりを補完的にサポートします。

擦り傷はまず流水でよく洗い、汚れを落としてください。

※足が変形している、体重をかけられない、腫れが強い、傷が深いときは、整形外科や救急を受診してください。

岐阜県瑞穂市（穂積駅）でサッカーの怪我にお悩みの方は、みつむら接骨院へご相談ください。スライディングの安全については下記の記事でも詳しく解説しています。"
zakotsu-arukenai-A,19,坐骨神経痛,A,坐骨神経痛で歩けないほど痛いとき｜岐阜県瑞穂市の対処と受診,https://www.058-327-7771.net/zakotsu-arukenai/,2026-07-23,"岐阜県瑞穂市（穂積駅）で坐骨神経痛が強く、歩くのもつらい方へ。動けない不安の中で、どうすればよいか焦りますよね。

こんなお悩みはありませんか？
・脚の痛みで一歩踏み出すのもつらい
・立っているだけで脚に痛みが走る
・痛みでトイレや家事もままならない

強い痛みの背景には、椎間板ヘルニアなどで神経が強く刺激されている状態が考えられます。このようなときは、無理に動いたりマッサージしたりせず、まず整形外科で診察と画像検査を受けることが大切です。診断と治療方針の決定は医療機関の役割です。

当院は、受診後の回復期に、姿勢や筋肉の状態を整える補完的なサポートを行います。

自宅では、楽な姿勢で安静にし、無理に歩かず、動くときは支えを使ってください。

※足に力が入らない、排尿・排便がしにくいといった症状があるときは、すぐに整形外科を受診してください。

岐阜県瑞穂市（穂積駅）で坐骨神経痛の痛みが強い方は、まず医療機関を受診し、その後の回復期にみつむら接骨院へご相談ください。歩けないほどの痛みの対処は下記の記事でも解説しています。"
sokuwan-kintore-A,101,側弯症,A,側弯症で腹筋ができない？筋トレとの付き合い方｜岐阜県瑞穂市,https://www.058-327-7771.net/sokuwan-kintore/,2026-07-30,"岐阜県瑞穂市（穂積駅）で、側弯症と筋トレについてお悩みの方へ。「腹筋をすると背中が痛い」「体幹を鍛えたいがやり方が合っているか不安」という声はよく伺います。

こんなお悩みはありませんか？
・腹筋運動で背中や腰が痛くなる
・左右で力の入り方や動かしやすさに差がある
・筋トレで悪化しないか心配

側弯症では背骨がねじれて曲がっているため、左右の筋肉の使われ方に差が出やすく、一般的な腹筋運動が合わないことがあると考えられます。筋トレで曲がりそのものが治るわけではありませんが、体を支える筋肉を保つことは、日常の過ごしやすさに役立つ可能性があります。運動の可否や程度は整形外科で確認しましょう。

当院は診断は行わず、整形外科での評価を前提に、姿勢や筋肉の左右差、体の使い方を確認する補完的なサポートを担います。

自宅では、痛みが出ない範囲で、仰向けで膝を立て、呼吸に合わせてお腹を軽く締める程度から始めてみてください。

※強い背部痛、息苦しさ、手足のしびれ、曲がりの急な進行がある場合は、整形外科を早めに受診してください。

岐阜県瑞穂市（穂積駅）で側弯症と運動についてお悩みの方は、みつむら接骨院へご相談ください。筋トレとの付き合い方は下記の記事でも詳しく解説しています。"
rokkotsu-hiro-A,345,肩腱板・神経・腱鞘炎・打撲骨折,A,肋骨の疲労骨折の症状｜スイングや咳で痛むとき｜瑞穂市,https://www.058-327-7771.net/rokkotsu-hiro/,2026-10-12,"岐阜県瑞穂市（穂積駅）で、スイングや咳をしたときの肋骨の痛みにお悩みの方へ。ぶつけた覚えがないのに痛むと、何が起きているのか不安になりますよね。

こんなお悩みはありませんか？
・ゴルフや野球などのスイングで脇腹や背中が痛む
・咳やくしゃみ、深呼吸で肋骨にズキッと響く
・肋骨の一部を押すと、ピンポイントで痛い

繰り返しの動作で肋骨に小さな負荷が積み重なり、疲労骨折が起こることがあると考えられます。ただし胸や肋骨の痛みには、肺や心臓など内臓が関わるものもあるため、まずは医療機関での診察をおすすめします。

当院では診断は行わず、医療機関で状態が確認された後の段階で、体幹や肩甲骨まわりの筋肉、スイングなどの体の使い方を整える補完的なサポートをします。

自宅では、痛みが出る動作や強い体のひねりを控え、安静にしてください。

※息苦しさ、胸の締めつけ、冷や汗、血の混じった痰、発熱を伴う痛みがある場合は、すぐに救急を受診するか119番に連絡してください。

岐阜県瑞穂市（穂積駅）で肋骨の痛みでお困りの方は、みつむら接骨院へご相談ください。肋骨の疲労骨折は下記の記事でも詳しく解説しています。"
volley-flying-A,403,バレー＋一般症状,A,バレーのフライングレシーブ｜打撲・擦り傷の対処法｜岐阜・瑞穂,https://www.058-327-7771.net/volley-flying/,2026-11-10,"岐阜県瑞穂市（穂積駅）でフライングレシーブによる打撲や擦り傷にお悩みの方へ。ボールに飛び込むたびに体をぶつけると、ケガが気になりますよね。

こんなお悩みはありませんか？
・床にぶつけた胸や肘、膝が痛む
・擦り傷が広く、どう手当てすればよいか迷う
・打った場所が腫れて、動かすと痛い

フライングレシーブでは、体を床に投げ出すため、胸、腹、肘、膝などに強い衝撃がかかることがあります。ただの打撲と思っても、骨にひびが入っていたり、内臓に影響が出ていたりする場合があるため、痛みが強いときは医療機関での確認が大切です。

みつむら接骨院では、診断は医療機関の役割としたうえで、確認後の打撲による筋肉の緊張や、飛び込む際の体の使い方を整える補完的なサポートを行っています。

自宅では、擦り傷はまず流水で汚れを洗い流し、打撲した部位は冷やして安静にしてください。

※強い腹痛や胸の痛み、息苦しさ、深い傷、骨折が疑われる変形や強い腫れがある場合は、すぐ医療機関を受診してください。

岐阜県瑞穂市（穂積駅）で打撲や擦り傷にお悩みの方は、みつむら接骨院へご相談ください。対処法は下記の記事でも詳しく解説しています。"
kokoyakyu-kega-A,305,野球,A,高校野球に多い怪我とは？部位別の特徴｜岐阜・瑞穂,https://www.058-327-7771.net/kokoyakyu-kega/,2026-09-22,"岐阜県瑞穂市（穂積駅）で高校野球の怪我にお悩みの方へ。練習量が増える時期は、痛みを我慢してしまいがちで、保護者の方も心配になりますよね。

こんなお悩みはありませんか？
・投げると肩や肘が痛む
・スイングや守備で腰や膝、手首に痛みが出る
・痛みがあっても、試合や練習を休みにくい

高校野球では、肩、肘、腰、手首、膝などに痛みが出やすいと考えられます。練習量の増加、疲労の蓄積、体の柔軟性の不足、フォームの癖などが重なることが背景にあります。骨や関節の状態は外から分からないため、痛みが続く場合は整形外科での検査が大切です。

当院は診断をする場ではなく、体の動きや姿勢を整える補完的なサポートを行っています。

ご自宅では、練習後のストレッチと十分な睡眠を心がけ、痛みを我慢しない習慣をつけましょう。

※強い痛み、しびれ、可動域の制限、腫れ、夜も続く痛みがある場合は、早めに整形外科を受診してください。

岐阜県瑞穂市（穂積駅）で高校野球の怪我にお悩みの方は、みつむら接骨院へご相談ください。部位別の特徴は下記の記事でも詳しく解説しています。"
soccer-kossetsu-A,415,サッカー,A,サッカーで骨折したら｜復帰までの流れと骨折中の過ごし方（岐阜・瑞穂）,https://www.058-327-7771.net/soccer-kossetsu/,2026-11-16,"岐阜県瑞穂市（穂積駅）で、サッカー中の骨折で、復帰までの道のりが不安な方へ。試合や練習に出られない悔しさや、ブランクへの心配も大きいと思います。

こんなお悩みはありませんか？
・骨折と言われたが、いつ復帰できるのか分からない
・固定中に体力や筋力が落ちるのが不安
・固定が外れた後、どう動かせばよいか分からない

骨折後は、診断、固定、経過の確認、リハビリという流れで進むのが一般的と考えられます。復帰の時期は骨折の部位や程度で大きく異なり、治療方針や復帰の許可は整形外科医の役割です。

みつむら接骨院では、医師の診断後、固定が外れた時期などに、関節の動き、筋肉の状態、体の使い方を確認し、併用サポートとしてお手伝いします。骨折そのものの判断や治療は行いません。

ご自宅では、医師の許可の範囲で、動かしてよい部位を保ち、無理はしないでください。

※骨折が疑われる強い痛みや腫れ、変形、体重をかけられない状態のときは、すぐに整形外科や救急を受診してください。

岐阜県瑞穂市（穂積駅）でサッカーの怪我後のリハビリにお悩みの方は、みつむら接骨院へご相談ください。骨折後の流れは下記の記事でも詳しく解説しています。"
osgood-support-A,261,スポーツ障害一般,A,オスグッドのサポーターとストレッチ｜使い方と注意点｜岐阜・瑞穂市,https://www.058-327-7771.net/osgood-support/,2026-08-31,"岐阜県瑞穂市（穂積駅）で、オスグッドによる膝の痛みにお悩みの方へ。成長期のお子さんが膝の下を痛がると、サポーターを着けて続けていいのか迷いますよね。

こんなお悩みはありませんか？
・膝のお皿の下が出っ張って痛む
・ジャンプやダッシュ、正座で痛みが強くなる
・サポーターを着けていれば大丈夫か不安

オスグッドは、成長期の脛骨の出っ張り部分に、太ももの前の筋肉による牽引が繰り返し加わることで起こると考えられています。サポーターは膝の負担を和らげる補助にはなりますが、治療そのものではありません。診断や運動を休むかどうかは整形外科の医師の役割です。

当院では、医師の診断を前提に、太ももの前やお尻、ふくらはぎの硬さ、走り方や着地の癖を確認し、補完的にサポートします。

自宅では、痛みが強くない範囲で太ももの前を軽く伸ばし、痛みが出る日は無理をさせないようにしましょう。

※強い痛みで歩けない、膝が大きく腫れる、熱を持つ、夜間や安静時にも痛む場合は、早めに整形外科を受診してください。

岐阜県瑞穂市（穂積駅）で膝の下の痛みの方は、みつむら接骨院へご相談ください。オスグッドは下記の記事でも詳しく解説しています。"
zutsu-seitai-A,167,頭痛,A,頭痛は整体で良くなる？できること・できないこと（岐阜県瑞穂市）,https://www.058-327-7771.net/zutsu-seitai/,2026-07-31,"岐阜県瑞穂市（穂積駅）で、頭痛に整体や接骨院を考えている方へ。「通えば頭痛が良くなるのか」は、誰もが気になるところだと思います。

こんなお悩みはありませんか？
・病院では異常なしと言われたが、頭痛が続いている
・首や肩のこりと頭痛が一緒に出ている
・整体で何ができるのか、正直に知りたい

頭痛のすべてが整体の対象になるわけではありません。首や肩の筋肉の緊張が関わる緊張型頭痛のようなタイプは、体の使い方や姿勢を整えることが助けになる場合があると考えられます。一方で、脳の病気などが隠れた頭痛は、施術ではなく医療機関の対応が必要です。

診断や画像検査、治療方針の決定は医療機関の役割です。みつむら接骨院は、医療機関で危険な原因が見つからなかった場合の、姿勢や筋肉を整える補完的なサポートの位置づけです。

自宅では、首や肩を温め、同じ姿勢を長く続けないようにしてみてください。

※突然の激しい頭痛、ろれつが回らない、手足の麻痺やしびれ、物が二重に見える、発熱と首の硬直がある場合は、すぐに救急受診をしてください。

岐阜県瑞穂市（穂積駅）で頭痛と整体について知りたい方は、みつむら接骨院へご相談ください。できること・できないことは下記の記事でも正直に解説しています。"
volley-kodomo-A,405,バレー＋一般症状,A,小学生・中学生のバレーの怪我｜保護者が知っておきたいこと｜瑞穂,https://www.058-327-7771.net/volley-kodomo/,2026-11-11,"岐阜県瑞穂市（穂積駅）でお子さまのバレーボールの怪我が心配な保護者の方へ。頑張っている子ほど痛みを言い出せないことがあり、気になりますよね。

こんなお悩みはありませんか？
・練習のあとに膝やかかと、腰を痛がる
・痛いのに「大丈夫」と言って練習を続けている
・突き指や捻挫を何度も繰り返している

成長期は骨が急に伸びる時期で、骨の端にある成長部分が弱く、負担がかかりやすいと考えられます。膝やかかと、腰の痛みは、骨端症や腰椎分離症などが隠れていることもあり、診断や練習を休むかどうかの判断は整形外科医の役割です。

みつむら接骨院では、医療機関での確認を前提に、姿勢、筋肉の柔軟性、体の使い方を整える補完的なサポートを行っています。

ご家庭では、痛みを我慢させず、いつから、どの動きで痛むかを聞いて、練習量を見直してください。

※強い痛み、腫れ、変形、しびれ、脚の力が入らない、夜も痛むときは、早めに整形外科を受診してください。

岐阜県瑞穂市（穂積駅）でお子さまのバレーの怪我が心配な方は、みつむら接骨院へご相談ください。保護者の方に知っておいていただきたい点は下記の記事でも詳しく解説しています。"
soccer-hiro-kossetsu-A,417,サッカー,A,サッカーの疲労骨折まとめ｜部位別のサインと予防（岐阜・瑞穂）,https://www.058-327-7771.net/soccer-hiro-kossetsu/,2026-11-17,"岐阜県瑞穂市（穂積駅）で、サッカーで続く痛みが疲労骨折ではと心配な方へ。強い衝撃がなくても、練習の積み重ねで骨に負担がたまることがあります。

こんなお悩みはありませんか？
・すねや足の甲の一か所を押すと、ピンポイントで痛い
・練習中に痛み、休むと楽になる、を繰り返している
・腰を反らすと痛みが出て、練習後もつらい

疲労骨折は、同じ場所への小さな負担が繰り返されて起こると考えられます。すね、足の甲、腰など、部位はさまざまです。初期はレントゲンに写りにくく、MRIやCTなどが必要になる場合もあり、診断は整形外科の医師の役割です。

みつむら接骨院では、医師の確認を前提に、姿勢、股関節や足首の動き、体の使い方を確認し、負担がかかりにくい体づくりを補完的にサポートします。

痛みを感じたら、我慢せず早めに周りへ伝えることが大切です。

※歩くだけで痛い、夜も痛む、腫れや変形があるときは、早めに整形外科を受診してください。

岐阜県瑞穂市（穂積駅）でサッカーの痛みにお悩みの方は、みつむら接骨院へご相談ください。疲労骨折は下記の記事でも詳しく解説しています。"
yukotsu-kossetsu-A,347,肩腱板・神経・腱鞘炎・打撲骨折,A,有鉤骨骨折とは？バッティングで手のひらが痛いとき,https://www.058-327-7771.net/yukotsu-kossetsu/,2026-10-13,"岐阜県瑞穂市（穂積駅）で、バッティングやゴルフのあとに手のひらの小指側が痛む方へ。ただの使いすぎと思って我慢していると、長引くことがあり心配ですよね。

こんなお悩みはありませんか？
・バットやクラブを握ると手のひらの小指側が痛む
・手のひらの付け根あたりを押すと痛みが響く
・握力が落ちた気がする

手のひらにある有鉤骨という小さな骨に、スイングの衝撃が繰り返し加わって骨折を起こすことがあると考えられます。この骨折はレントゲンに写りにくいことがあり、CTなどの画像診断が必要になる場合もあるため、早めに整形外科を受診することをおすすめします。

当院では診断は行わず、医療機関で状態が確認された後の段階で、前腕や肩まわりの筋肉、スイングなど体の使い方を整える補完的なサポートをします。

自宅では、バットやクラブを握る動作を控え、手のひらに強い衝撃を与えないようにしてください。

※手のひらの強い腫れや変形、指が動かせない、指先のしびれが強い場合は、早めに整形外科を受診してください。

岐阜県瑞穂市（穂積駅）で手のひらの痛みでお困りの方は、みつむら接骨院へご相談ください。有鉤骨骨折は下記の記事でも詳しく解説しています。"
baneyubi-yakyu-A,307,野球,A,ばね指と野球｜バットを握ると指が痛い・引っかかる,https://www.058-327-7771.net/baneyubi-yakyu/,2026-09-23,"岐阜県瑞穂市（穂積駅）でばね指と野球の指の痛みにお悩みの方へ。バットを握るたびに指が引っかかると、プレーにも影響して不安になりますよね。

こんなお悩みはありませんか？
・バットを握ると指の付け根が痛む
・指を曲げ伸ばしするとき、カクッと引っかかる
・朝、指がこわばって動かしにくい

ばね指は、指を曲げる腱と、それを通す腱鞘の間で摩擦が起こり、動きが引っかかる状態と考えられます。バットを強く握り続ける、手を使う作業が多いなどの負担が背景にあることがあります。似た症状が出る別の疾患もあるため、診断は整形外科での検査が必要です。

当院は診断をする場ではなく、握り方のクセや前腕、肩、体幹の使い方を整える補完的なサポートを行っています。

ご自宅では、強く握りすぎない意識を持ち、手のひらを温めて指を軽く動かしましょう。

※指が伸びたまま曲がらない、強い腫れや熱感、しびれがある場合は、早めに医療機関を受診してください。

岐阜県瑞穂市（穂積駅）で指の痛みにお悩みの方は、みつむら接骨院へご相談ください。ばね指は下記の記事でも詳しく解説しています。"
shinsplint-care-A,263,スポーツ障害一般,A,シンスプリントのテーピングとインソール｜考え方｜岐阜・瑞穂市,https://www.058-327-7771.net/shinsplint-care/,2026-09-01,"岐阜県瑞穂市（穂積駅）で、すねの内側の痛みにお悩みの方へ。走ると痛むのに、テーピングやインソールで続けられるのか迷いますよね。

こんなお悩みはありませんか？
・走ったりジャンプしたりするとすねの内側が痛む
・練習を増やした時期から痛みが出てきた
・テーピングやインソールが合っているか分からない

シンスプリントは、すねの内側の骨まわりに、ふくらはぎの筋肉などによる牽引や衝撃の負担が繰り返し加わることで起こると考えられています。テーピングやインソールは負担を和らげる補助であり、治療そのものではありません。疲労骨折との区別は、画像検査を行う整形外科の役割です。

当院では、医師の確認を前提に、足首や股関節の動き、足のアーチ、着地の癖、ふくらはぎの硬さを確認し、補完的にサポートします。

自宅では、ふくらはぎを軽く伸ばし、痛みが出る日は走る量を控えてください。

※すねの骨の一点が強く痛む、安静時や夜間にも痛む、腫れがある、歩くだけで痛い場合は、疲労骨折の可能性もあるため、整形外科を受診してください。

岐阜県瑞穂市（穂積駅）ですねの痛みの方は、みつむら接骨院へご相談ください。シンスプリントは下記の記事でも詳しく解説しています。"
mizuho-yotsu-A,139,腰痛×岐阜ローカル,A,瑞穂市で腰痛の相談先を探す｜病院と接骨院の使い分け,https://www.058-327-7771.net/mizuho-yotsu/,2026-07-31,"岐阜県瑞穂市（穂積駅）で、腰痛の相談先を探している方へ。病院と接骨院のどちらに行けばよいのか、迷う方は多いと思います。

こんなお悩みはありませんか？
・病院と接骨院の違いが分からない
・検査を受けても痛みが続いている
・まず何をすればよいか決められない

病院（整形外科）では、問診や画像検査などで腰痛の原因を調べ、診断や治療方針が決まります。一方、接骨院では、柔道整復師が姿勢・筋肉・体の使い方を確認し、腰への負担を整えるサポートを行います。腰痛の背景には椎間板や神経の問題が隠れていることもあると考えられるため、初めての強い痛みや長引く痛みは、まず整形外科をおすすめします。

みつむら接骨院は、医療機関を補う立場で、検査後の過ごし方や日常動作の負担についても一緒に考えます。

自宅では、痛みが強い間は無理をせず、楽な姿勢を見つけて過ごしてください。

※発熱を伴う腰痛、安静でも治まらない強い痛み、足の脱力、排尿・排便のトラブルがある場合は、すぐ医療機関を受診してください。

岐阜県瑞穂市（穂積駅）で腰痛の相談先に迷う方は、みつむら接骨院へご相談ください。病院と接骨院の使い分けは下記の記事でも詳しく解説しています。"
kyosaku-undo-A,37,脊柱管狭窄症,A,脊柱管狭窄症の運動療法｜自宅でできる体操と筋トレ,https://www.058-327-7771.net/kyosaku-undo/,2026-07-24,"岐阜県瑞穂市（穂積駅）で、脊柱管狭窄症の運動療法についてお悩みの方へ。何をどこまでやってよいのか、迷いますよね。

こんなお悩みはありませんか？
・自宅でできる体操や筋トレを知りたい
・運動で悪化しないか心配
・腰まわりの筋力が落ちてきた気がする

脊柱管狭窄症では、腹筋や背筋、お尻・股関節まわりの筋肉を無理なく使うことが、腰への負担を減らす助けになる場合があると考えられます。ただし、腰を反らす運動や強い負荷は症状を強めることがあります。どの運動が合うかは症状や状態で異なるため、医療機関で相談のうえ進めることが大切です。

診断と治療方針は医療機関の役割です。当院は、姿勢・筋肉・体の使い方を整える補完的なサポートを行います。

ご自宅では、仰向けで膝を立て、お腹に軽く力を入れる程度から始めてみてください。

※足の脱力、排尿・排便のトラブルがある場合は、すぐに医療機関を受診してください。

岐阜県瑞穂市（穂積駅）で脊柱管狭窄症の運動にお悩みの方は、みつむら接骨院へご相談ください。自宅でできる体操は下記の記事でも詳しく解説しています。"
bunri-otona-A,123,すべり症・分離症,A,大人の分離症はどうなる？偽関節との付き合い方｜瑞穂市,https://www.058-327-7771.net/bunri-otona/,2026-07-30,"岐阜県瑞穂市（穂積駅）で、大人の分離症についてお悩みの方へ。子どもの頃の分離症が今も残っているのでは、と不安な方もいるようです。

こんなお悩みはありませんか？
・長く立つと腰が重くだるい
・腰を反らすと痛みが出る
・昔スポーツで分離症と言われたことがある

成長期に起きた分離症は、骨が癒合しないまま大人になり、偽関節と呼ばれる状態で残ることがあると考えられます。症状が出ない方も多い一方、腰への負担が続くと痛みが出たり、すべり症を伴ったりすることもあるとされます。診断や経過の評価は、整形外科での画像検査が必要です。

みつむら接骨院では、診断は医療機関の役割としたうえで、股関節や体幹、姿勢を整えて腰への負担を減らす補完的なサポートを行っています。

ご自宅では、長時間同じ姿勢を避け、腰を反らしすぎない立ち方を意識してみてください。

※足の脱力、排尿・排便のトラブル、脚の強いしびれが出た場合は、すぐに整形外科を受診してください。

岐阜県瑞穂市（穂積駅）で大人の分離症でお悩みの方は、みつむら接骨院へご相談ください。詳しくは下記の記事でも解説しています。"
volley-fukurahagi-A,407,バレー＋一般症状,A,バレーでふくらはぎが痛い・つる｜試合終盤の脚のケア｜岐阜・瑞穂,https://www.058-327-7771.net/volley-fukurahagi/,2026-11-12,"岐阜県瑞穂市（穂積駅）でバレーボール中のふくらはぎの痛みやこむら返りにお悩みの方へ。試合の終盤に脚がつると、プレーに集中できませんよね。

こんなお悩みはありませんか？
・試合の終盤にふくらはぎがつりやすい
・ジャンプの着地でふくらはぎが張って痛む
・練習後もふくらはぎの重さが残る

ジャンプやステップの繰り返しでふくらはぎに疲労がたまり、水分やミネラルの不足、冷えなども重なると、つりやすくなると考えられます。痛みや腫れが続くときは、肉離れなど別の原因も考えられるため、医療機関での確認が大切です。

みつむら接骨院では、診断は医療機関の役割としたうえで、ふくらはぎや足首の柔軟性、脚全体の使い方を整える補完的なサポートを行っています。

自宅では、こまめに水分をとり、ふくらはぎをゆっくり伸ばして温めることを意識してみてください。

※ふくらはぎの片側だけが腫れて熱を持つ、強く痛むときは血栓の可能性があるため受診してください。運動後に濃い茶色の尿が出る場合も、すぐ医療機関へ。

岐阜県瑞穂市（穂積駅）でふくらはぎの痛みにお悩みの方は、みつむら接骨院へご相談ください。終盤の脚のケアは下記の記事でも詳しく解説しています。"
gojukata-massage-A,79,五十肩,A,五十肩にマッサージは良い？強く揉むリスク｜岐阜・瑞穂,https://www.058-327-7771.net/gojukata-massage/,2026-07-30,"岐阜県瑞穂市（穂積駅）で、五十肩の肩を強く揉むことに不安がある方へ。揉むと楽な気がするのに、翌日つらくなることもありますよね。

こんなお悩みはありませんか？
・強く揉むとその時は楽だが、翌日に痛みが増す
・どんなマッサージなら安心か分からない
・揉んでも肩の動きが変わらない

五十肩の痛みが強い時期は、肩関節まわりに炎症が関わると考えられており、強い刺激で痛みが増したり、筋肉が防御的に硬くなる「揉み返し」が起こったりする場合があると言われます。腱板の損傷など別の原因が隠れている場合もあるため、診断や画像検査は整形外科の役割です。

当院では、柔道整復師が肩の状態や時期を確認し、強く揉むのではなく、首・肩甲骨・背中の筋肉や姿勢を状態に合わせて穏やかに整える補完的なサポートを行います。

ご自宅では、強さは「心地よい」程度にとどめ、痛みが増すなら控えてください。

※夜間の強い痛みが続く、腕に力が入らない、しびれや胸の締めつけを伴う場合は、早めに医療機関を受診してください。

岐阜県瑞穂市（穂積駅）で五十肩のマッサージにお悩みの方は、みつむら接骨院へご相談ください。強く揉むリスクと選び方は下記の記事でも詳しく解説しています。"
herunia-chigai-A,59,椎間板ヘルニア,A,椎間板ヘルニアと坐骨神経痛・脊柱管狭窄症の違い｜瑞穂市,https://www.058-327-7771.net/herunia-chigai/,2026-07-25,"岐阜県瑞穂市（穂積駅）で腰や脚の痛みの原因が分からず悩んでいる方へ。椎間板ヘルニア、坐骨神経痛、脊柱管狭窄症と、似た名前が多くて混乱しやすいですよね。

こんなお悩みはありませんか？
・腰から脚への痛みやしびれがあるが、病名が分からない
・病院で言われた病名の違いが理解できていない
・自分の症状がどれに当てはまるのか知りたい

坐骨神経痛は病名ではなく、お尻から脚にかけて痛みやしびれが出る症状の総称で、背景に椎間板ヘルニアや脊柱管狭窄症などがあると考えられています。椎間板ヘルニアは椎間板が神経を刺激する状態、脊柱管狭窄症は神経の通り道が狭くなる状態です。どれに当たるかは、整形外科での画像検査で確認する必要があります。

当院では、医療機関の診断を前提に、姿勢や筋肉の状態を整える補完的なサポートを行っています。

自宅では、痛みが出る姿勢や動作をメモしておくと、受診の際に役立ちます。

※足に力が入らない、強い麻痺、排尿・排便がうまくできないといった症状がある場合は、すぐに整形外科を受診してください。

岐阜県瑞穂市（穂積駅）で腰や脚の痛みにお悩みの方は、みつむら接骨院へご相談ください。違いは下記の記事でも詳しく解説しています。"
soccer-seichotsu-A,419,サッカー,A,サッカー少年の成長痛とは？病気との見分け方（岐阜・瑞穂）,https://www.058-327-7771.net/soccer-seichotsu/,2026-11-18,"岐阜県瑞穂市（穂積駅）で、サッカーをするお子さんの足の痛みが成長痛なのか気になる保護者の方へ。夜に痛がる姿を見ると、心配になりますよね。

こんなお悩みはありませんか？
・夕方から夜にかけて、膝やかかとを痛がる
・朝や日中は元気に動けている
・練習量が増えると痛みが出やすい

成長期は骨の成長が早く、筋肉の柔軟性が追いつきにくいため、足に負担がかかりやすいと考えられます。一方で、膝やかかとの痛みには、オスグッド病やシーバー病、腰の疲労骨折などが隠れている場合もあります。成長痛と決めつけず、診断は整形外科で確認しましょう。

みつむら接骨院では、姿勢、足首や股関節の動き、筋肉の張りを確認し、負担を減らす補完的なサポートを行います。

ご自宅では、お風呂上がりに足を優しくさすり、痛がる日は無理をさせないようにしてください。

※発熱を伴う、関節が腫れて熱を持つ、片側だけ強く痛む、夜も痛みで眠れない、歩けないほど痛いときは、整形外科を受診してください。

岐阜県瑞穂市（穂積駅）でお子さんの足の痛みにお悩みの方は、みつむら接骨院へご相談ください。成長痛は下記の記事でも詳しく解説しています。"
zakotsu-kyosaku-chigai-A,39,坐骨神経痛,A,坐骨神経痛と脊柱管狭窄症の違い｜岐阜県瑞穂市で見分け方を解説,https://www.058-327-7771.net/zakotsu-kyosaku-chigai/,2026-07-24,"岐阜県瑞穂市（穂積駅）で、坐骨神経痛と脊柱管狭窄症の違いが分からず悩んでいる方へ。似た症状で混乱しやすいですよね。

こんなお悩みはありませんか？
・脚の痛みやしびれが、どちらの病気なのか知りたい
・歩くと脚がつらくなり、休むと楽になる
・病院で病名を言われたが違いが分からない

坐骨神経痛は症状の総称で、脊柱管狭窄症はその原因の一つと考えられます。歩くと脚が重くなり、前かがみで休むと楽になる間欠性跛行がみられる場合は、脊柱管狭窄症が疑われることがあります。ただし診断は整形外科での画像検査と診察による判断が必要です。

当院では診断は行わず、医療機関での確認を前提に、姿勢や筋肉の状態を整える補完的なサポートを行います。

自宅では、痛みが強まる動作を記録し、受診時に伝えてみてください。

※足に力が入らない、排尿・排便がしにくいといった症状があるときは、すぐに整形外科を受診してください。

岐阜県瑞穂市（穂積駅）で脚の痛みやしびれにお悩みの方は、みつむら接骨院へご相談ください。違いと対処法は下記の記事でも詳しく解説しています。"
sokuwan-shibire-A,103,側弯症,A,側弯症で足のしびれ・胸の痛みが出る理由｜岐阜県瑞穂市,https://www.058-327-7771.net/sokuwan-shibire/,2026-07-30,"岐阜県瑞穂市（穂積駅）で、側弯症に伴う足のしびれや胸の痛みでお悩みの方へ。背骨の曲がりと関係があるのか、別の病気なのか判断がつかず、不安な方も多いと思います。

こんなお悩みはありませんか？
・足や太ももにしびれが出る
・胸や背中の痛みが続く
・深呼吸で苦しい感じがある

側弯症では背骨の変形により、神経の通り道が狭くなったり、筋肉や肋骨まわりに負担がかかったりして、しびれや痛みにつながることがあると考えられます。ただし、原因が別にある場合も少なくありません。胸の痛みや息苦しさは、内科的な病気が隠れていることもあるため、まず医療機関での確認が必要です。

当院は診断は行わず、医療機関での評価を前提に、背中や胸まわりの筋肉の緊張や姿勢を整える補完的なサポートを担います。

自宅では、痛みやしびれが出る姿勢を避け、こまめに姿勢を変えて負担を分散させましょう。

※強い背部痛、息苦しさ、手足のしびれや脱力、排尿・排便の異常、曲がりの急な進行がある場合は、すぐに医療機関を受診してください。強い胸の痛みや息苦しさは救急要請も検討してください。

岐阜県瑞穂市（穂積駅）で側弯症に伴う体の不調にお悩みの方は、みつむら接骨院へご相談ください。しびれや胸の痛みの考え方は下記の記事でも詳しく解説しています。"
zutsu-genin-fumei-A,169,頭痛,A,原因不明の頭痛と言われたら｜検査で異常なしの次の一手（岐阜・瑞穂）,https://www.058-327-7771.net/zutsu-genin-fumei/,2026-07-31,"岐阜県瑞穂市（穂積駅）で、検査で異常なしと言われても頭痛が続く方へ。「原因が分からない」と言われると、不安だけが残ってしまいますよね。

こんなお悩みはありませんか？
・病院で検査を受けたが、異常なしと言われた
・それでも頭痛が繰り返し起こる
・首や肩のこり、睡眠不足、ストレスも気になる

検査で異常が見つからない頭痛は、緊張型頭痛や片頭痛など、脳の病気ではない一次性頭痛の場合があると考えられています。画像に写らない筋肉の緊張、姿勢、睡眠、ストレスなどが重なっていることもあります。症状が変わったときは、あらためて医療機関で相談することが大切です。

診断や治療方針の決定は医療機関の役割です。みつむら接骨院では、異常なしと言われた後の補完的なサポートとして、首や肩の筋肉、姿勢、体の使い方を整えるお手伝いをしています。

自宅では、頭痛の記録をつけ、睡眠や姿勢との関係を見てみてください。

※突然の激しい頭痛、ろれつが回らない、手足の麻痺やしびれ、物が二重に見える、発熱と首の硬直がある場合は、すぐに救急受診をしてください。

岐阜県瑞穂市（穂積駅）で原因不明の頭痛にお悩みの方は、みつむら接骨院へご相談ください。検査で異常なしの次の一手は下記の記事でも詳しく解説しています。"
yakyu-me-ball-A,349,肩腱板・神経・腱鞘炎・打撲骨折,A,野球でボールが目に当たったときの対処と受診の目安,https://www.058-327-7771.net/yakyu-me-ball/,2026-10-14,"岐阜県瑞穂市（穂積駅）で、野球でボールが目に当たってしまい、不安を感じている方、保護者の方へ。痛みが落ち着くと「大丈夫かな」と様子を見てしまいがちですが、注意が必要です。

こんなお悩みはありませんか？
・ボールが目の周りに当たって腫れている
・物が二重に見える、見えにくい感じがある
・痛みは引いたが、病院に行くべきか迷っている

目にボールが当たると、眼球の奥の骨が折れる眼窩底骨折や、網膜の損傷が起こることがあり、症状が数日たってから出る場合もあると考えられます。これは接骨院での施術の対象ではなく、眼科での診察が必要です。

当院では目のけがの診断や施術はできません。まず眼科を受診し、その後に体の痛みなどがあればご相談ください。

応急の対応としては、目をこすらず、強く押さえないようにしてください。

※視力の低下、物が二重に見える、視野が欠ける、光が走って見える、強い痛み、出血、吐き気がある場合は、すぐに眼科か救急を受診してください。

岐阜県瑞穂市（穂積駅）で野球のけがでお困りの方は、みつむら接骨院へご相談ください。ボールが目に当たった時の対処は下記の記事でも詳しく解説しています。"
catcher-hiza-A,309,野球,A,キャッチャーの膝の痛み｜しゃがむ姿勢の負担と対策,https://www.058-327-7771.net/catcher-hiza/,2026-09-24,"岐阜県瑞穂市（穂積駅）でキャッチャーの膝の痛みにお悩みの方へ。しゃがむたびに膝が痛むと、ポジションを続けられるのか不安になりますよね。

こんなお悩みはありませんか？
・しゃがむと膝の前や内側、裏側が痛む
・立ち上がるときに膝が引っかかる、重く感じる
・練習後に膝が腫れたり、熱っぽくなったりする

キャッチャーは深く膝を曲げた姿勢を長く続けるため、膝まわりの関節や筋肉に負担がかかりやすいと考えられます。股関節や足首が硬いと、膝に負担が偏ることもあります。痛みの原因を確認するため、続く場合は整形外科での検査をおすすめします。

当院は診断をする場ではなく、股関節や足首、太ももなど下半身全体の使い方を整える補完的なサポートを行っています。

ご自宅では、練習後に太ももやふくらはぎを軽く伸ばし、膝を休ませましょう。

※膝の裏の強い痛みや腫れ、ふくらはぎの張り、膝が動かせない、熱感がある場合は、早めに医療機関を受診してください。

岐阜県瑞穂市（穂積駅）で膝の痛みにお悩みの方は、みつむら接骨院へご相談ください。しゃがむ姿勢の負担は下記の記事でも詳しく解説しています。"
sever-care-A,265,スポーツ障害一般,A,シーバー病のストレッチとインソール｜かかとの痛み｜岐阜・瑞穂市,https://www.058-327-7771.net/sever-care/,2026-09-02,"岐阜県瑞穂市（穂積駅）で、お子さんのかかとの痛み（シーバー病）にお悩みの方へ。運動のたびにかかとを痛がる姿を見ると、心配になりますよね。

こんなお悩みはありませんか？
・走ったりジャンプしたりするとかかとが痛む
・かかとの後ろや横をつまむと痛がる
・つま先立ちで歩く、足を引きずる様子がある

シーバー病は、成長期のかかとの骨にある骨端線に、アキレス腱やふくらはぎの筋肉の牽引と着地の衝撃が繰り返し加わることで起こると考えられています。インソールやストレッチは負担を和らげる補助であり、治療そのものではありません。診断や運動を休むかどうかは整形外科の医師の役割です。

当院では、医師の診断を前提に、ふくらはぎの硬さ、足首の動き、走り方や着地の癖を確認し、補完的にサポートします。

自宅では、ふくらはぎを痛みの出ない範囲で軽く伸ばし、痛い日は無理をさせないようにしましょう。

※強い痛みで歩けない、かかとが腫れる、熱を持つ、夜間や安静時にも痛む場合は、早めに整形外科を受診してください。

岐阜県瑞穂市（穂積駅）でかかとの痛みの方は、みつむら接骨院へご相談ください。シーバー病は下記の記事でも詳しく解説しています。"
volley-shisei-A,409,バレー＋一般症状,A,レシーブの中腰姿勢で膝や腰が痛い原因と対策｜岐阜・瑞穂,https://www.058-327-7771.net/volley-shisei/,2026-11-13,"岐阜県瑞穂市（穂積駅）でレシーブの中腰姿勢による膝や腰の痛みにお悩みの方へ。低い姿勢を続けると、練習後に体が重く感じますよね。

こんなお悩みはありませんか？
・レシーブの構えで膝や腰が痛くなる
・中腰を続けると太ももや腰が張る
・練習後に腰が伸びにくい

中腰の姿勢は、太ももや腰の筋肉が長く緊張し続けるため、疲れがたまりやすいと考えられます。股関節が硬いと膝や腰で低い姿勢を作ろうとして、負担が偏ることもあります。痛みが続くときは、整形外科での検査が大切です。

みつむら接骨院では、診断は医療機関の役割としたうえで、股関節、太もも、背中の動きや構えの姿勢を整える補完的なサポートを行っています。

自宅では、練習後に太ももの前や裏、お尻をゆっくり伸ばし、腰を丸めすぎない構えを意識してみてください。

※脚に力が入らない、排尿や排便に異常がある、安静でも強い痛みが続く場合は、すぐ整形外科を受診してください。膝が腫れて熱を持つときも、早めに受診を。

岐阜県瑞穂市（穂積駅）でレシーブ姿勢の痛みにお悩みの方は、みつむら接骨院へご相談ください。原因と対策は下記の記事でも詳しく解説しています。"
joshi-soccer-kega-A,421,サッカー,A,女子サッカー選手に多い怪我｜膝の前十字靭帯に注意（岐阜・瑞穂）,https://www.058-327-7771.net/joshi-soccer-kega/,2026-11-19,"岐阜県瑞穂市（穂積駅）で、女子サッカーの怪我、とくに膝の不安にお悩みの選手や保護者の方へ。切り返しや着地の場面で、膝に不安を感じる方も多いと思います。

こんなお悩みはありませんか？
・切り返しや着地で、膝が内側に入る感じがある
・接触がないのに、膝がガクッと崩れたことがある
・膝の怪我が心配で、プレーに集中できない

女子選手は、膝の前十字靭帯を痛めやすい傾向があると指摘されています。体の構造や筋力のバランス、着地の姿勢などが関わると考えられます。診断や治療方針、手術の判断は、整形外科医の役割です。

みつむら接骨院では、診断後や術後のリハビリ期に、股関節やお尻、体幹の使い方、姿勢を確認し、併用サポートとしてお手伝いします。

ご自宅では、着地のときに膝とつま先の向きをそろえることを意識してみてください。

※接触なく膝がガクッと崩れた、ポンと音がした、すぐ腫れて体重をかけられないときは、プレーを中止して整形外科を受診してください。

岐阜県瑞穂市（穂積駅）で女子サッカーの膝の不安にお悩みの方は、みつむら接骨院へご相談ください。前十字靭帯は下記の記事でも詳しく解説しています。"
soccer-kega-guide-B,172,サッカー,B,サッカーの怪我を防ぐ習慣｜岐阜県瑞穂市のセルフケア,https://www.058-327-7771.net/soccer-kega-guide/,2026-07-31,"岐阜県瑞穂市（穂積駅）で、サッカーの怪我の予防や対処について自分でできることを探している方へ。

サッカーは走る・止まる・蹴る・ぶつかるが繰り返されるため、疲れがたまると体のどこかに負担が出やすくなります。

続けながら意識したい予防と対処
・練習前は足首・股関節・太ももを動かして体を温める
・練習後はふくらはぎや太ももをゆっくり伸ばす
・痛みが出た動作と場面をメモしておく
・違和感の段階で強度を下げ、無理に出場を続けない
・睡眠と食事で疲れをためすぎない

セルフケアを続けても変化が乏しい場合は、早めにご相談ください。当院では、痛む部位の動き、筋肉の硬さ、姿勢や体の使い方を確認します。

※強い痛みで動かせない、変形や大きな腫れがある、頭を打った後の様子がおかしい場合は、プレーを中止して医療機関・救急へ。骨折や靭帯損傷の判断は整形外科の役割です。

岐阜県瑞穂市（穂積駅）でサッカーの怪我が気になる方は、みつむら接骨院へご相談ください。詳しくは下記の記事もご覧ください。"
gangurion-B,352,バレー＋一般症状,B,手首のしこりで悩む方へ｜岐阜・瑞穂で今日からできる負担軽減,https://www.058-327-7771.net/gangurion/,2026-10-15,"岐阜県瑞穂市（穂積駅）で、手首のしこりについて自分でできることを探している方へ。

しこりそのものは医療機関で確認してもらうことが前提ですが、手首への負担を減らす工夫は日常の中でも意識できます。

今日からできる手首のいたわり方
・パソコンやスマホの操作中は、手首を反らせすぎない
・重い荷物は片手ではなく両手で持つ
・作業の合間に手首をゆっくり回して緊張をゆるめる
・しこりを叩く、針で刺す、強く揉むといった自己流の処置は避ける
・大きさや痛みの変化をメモしておくと受診時に役立つ

こうした工夫をしても違和感が続く、しこりが変化してきたという場合は、無理をせずご相談ください。当院では手首や前腕の動き、肩や首からの負担の有無などを確認し、生活動作のアドバイスを行います。しこりの正体の判断は整形外科の役割です。

※急な腫れ、強い痛み、指のしびれや力の入りにくさ、赤みや熱感がある場合は、早めに医療機関を受診してください。

岐阜県瑞穂市（穂積駅）で手首のしこりが気になる方は、みつむら接骨院へご相談ください。詳しくは下記の記事もご覧ください。"
gasokuen-B,220,スポーツ障害一般,B,鵞足炎の膝の内側の痛み｜自分でできるケア・岐阜県瑞穂市,https://www.058-327-7771.net/gasokuen/,2026-08-10,"岐阜県瑞穂市（穂積駅）で、鵞足炎による膝の内側の痛みについて自分でできることを探している方へ。

膝の内側の下は、太ももの筋肉の腱が集まり、動くたびに摩擦や引っ張られる力がかかりやすい場所です。まずは負担を減らす工夫から始めてみましょう。

今日からできるセルフケア
・痛みが強い間は、ダッシュやジャンプなどを控えめにする
・運動後は太ももの前・裏・内側を痛みのない範囲で伸ばす
・膝が内に入りやすい動きを意識して、つま先と膝を同じ向きにそろえる
・靴底のすり減りを確認し、足に合った靴を選ぶ
・入浴で太もも周りを温めて、こわばりをやわらげる

セルフケアを続けても変化が乏しい場合は、一度ご相談ください。みつむら接骨院では、太ももやお尻の筋肉の使い方、足の着き方、動作のクセを確認し、運動を続けるための工夫をお伝えします。

※膝の腫れ、熱っぽさ、安静でも治まらない強い痛み、膝が引っかかって動かない場合は、整形外科を受診してください。

岐阜県瑞穂市（穂積駅）で膝の内側の痛みが気になる方は、みつむら接骨院へご相談ください。詳しくは下記の記事もご覧ください。"
yakyu-hiji-B,268,野球,B,野球肘の予防とセルフケア｜投球後の確認ポイント 瑞穂市,https://www.058-327-7771.net/yakyu-hiji/,2026-09-03,"岐阜県瑞穂市（穂積駅）で、野球肘の予防や日ごろのケアについて自分でできることを探している方へ。

野球肘は、投球の積み重ねに加えて、下半身や体幹、肩甲骨の動きが硬いと肘に負担が集まりやすいと考えられています。

今日からできる予防とセルフケア
・投球後は肘や肩の張り、痛みの有無を確認する
・股関節や太ももの前後のストレッチを入浴後に行う
・胸を開いて肩甲骨を動かす体操を取り入れる
・痛みを我慢して投げ続けない
・疲れが強い日は投球を控えて休養日をつくる

これらを続けても肘の痛みが変わらない場合は、一度ご相談ください。当院では肘だけでなく、肩甲骨・股関節・体幹の動きや投球時の体の使い方を確認します。診断や投球再開の判断は整形外科の役割ですので、必要に応じて受診をおすすめします。

※強い痛み、しびれ、肘の曲げ伸ばしがしにくいときは、早めに整形外科を受診してください。

岐阜県瑞穂市（穂積駅）で野球肘の方は、みつむら接骨院へご相談ください。詳しくは下記の記事もご覧ください。"
kenban-sonsho-B,312,肩腱板・神経・腱鞘炎・打撲骨折,B,肩の痛みを悪化させない過ごし方｜腱板損傷の目安（瑞穂市）,https://www.058-327-7771.net/kenban-sonsho/,2026-09-25,"岐阜県瑞穂市（穂積駅）で、腱板損傷かもしれない肩の痛みについて自分でできることを探している方へ。

肩の痛みは、腱板の傷みだけでなく、四十肩・五十肩や首の影響など、いくつかの背景が重なることもあると考えられます。まずは肩に負担をかけすぎない過ごし方を意識することが大切です。

今日からできる肩へのいたわり方
・高い所の物を取る、重い荷物を持つ動作を控える
・痛い側の腕を下げたとき、ひじの下にクッションを入れて休ませる
・寝るときは抱き枕やタオルで腕を支える
・痛みの出ない範囲で、肩甲骨を軽く動かす
・肩をすくめたまま作業を続けず、こまめに力を抜く

こうしたケアでも変化が乏しい場合や、腕が上がりにくい状態が続く場合は、一度ご相談ください。当院では、肩の動き方、姿勢、首や背中の筋肉の状態を確認し、必要に応じて整形外科の受診をおすすめします。

※突然強い痛みが出た、転倒後に腕が上がらない、手のしびれや脱力がある場合は、早めに整形外科を受診してください。

岐阜県瑞穂市（穂積駅）で肩の痛みの過ごし方に迷う方は、みつむら接骨院へご相談ください。詳しくは下記の記事もご覧ください。"
zutsu-basho-B,142,頭痛,B,頭痛のタイプ別セルフケアと受診の目安｜岐阜県瑞穂市,https://www.058-327-7771.net/zutsu-basho/,2026-07-31,"岐阜県瑞穂市（穂積駅）で、頭痛について自分でできることを探している方へ。

頭痛には、首肩の緊張が関わるもの、脈打つように痛むものなど、いくつかのタイプがあると考えられます。タイプによって楽な過ごし方は変わります。

今日からできるセルフケア
・首肩が重い頭痛は、蒸しタオルなどで首の後ろをやさしく温める
・脈打つ痛みのときは、暗く静かな場所で休み、こめかみを冷やす
・長時間の同じ姿勢を避け、1時間に1回は立って肩を回す
・水分と睡眠をしっかりとり、空腹を避ける
・痛む場所と時間、きっかけを記録しておく

セルフケアを続けても変化が乏しい場合や、頭痛が繰り返す場合は、一度ご相談ください。当院では首や肩の動き、姿勢、筋肉の張りを確認し、体の使い方の面から負担を整えるお手伝いをします。頭痛の原因の確認は医療機関の役割です。

市販の痛み止めを頻繁に飲まないと過ごせない場合は、薬の使いすぎによる頭痛の可能性もあるため、医療機関にご相談ください。

※突然の激しい頭痛、ろれつが回らない、手足の麻痺やしびれ、物が二重に見える、発熱と首の硬直を伴う場合は、すぐに救急や医療機関を受診してください。

岐阜県瑞穂市（穂積駅）で頭痛のセルフケアにお悩みの方は、みつむら接骨院へご相談ください。詳しくは下記の記事もご覧ください。"
sokuwan-yattewaikenai-B,82,側弯症,B,側弯症の暮らし方｜岐阜・瑞穂で家庭でできる見守りのコツ,https://www.058-327-7771.net/sokuwan-yattewaikenai/,2026-07-30,"岐阜県瑞穂市（穂積駅）で、側弯症との過ごし方について自分でできることを探している方へ。

側弯症は日常の工夫で「治す」ものではなく、経過を見守りながら過ごしやすくしていく考え方が大切です。背骨の曲がりの程度は整形外科での評価が基本になります。

家庭で意識したいこと
・長時間の同じ姿勢を避け、こまめに動く
・片側だけに荷物を持ち続けない
・入浴や軽い体操で背中や腰の緊張をゆるめる
・お子さんの場合は、姿勢を責めず穏やかに声をかける
・定期的な受診日を家族で共有しておく

思春期のお子さんは見た目を気にしやすい時期です。「まっすぐにしなさい」と繰り返すより、安心して相談できる雰囲気づくりが助けになると考えられます。

背中の張りやだるさが続く場合は、みつむら接骨院で姿勢や筋肉の状態を確認します。背骨の曲がりそのものを変えるものではなく、あくまで周囲の筋肉のケアという立場です。

※強い背部痛、息苦しさ、手足のしびれ、急な進行がみられる場合は、整形外科を受診してください。

岐阜県瑞穂市（穂積駅）で側弯症の過ごし方にお困りの方は、みつむら接骨院へご相談ください。詳しくは下記の記事もご覧ください。"
zakotsu-yattewaikenai-B,2,坐骨神経痛,B,坐骨神経痛を悪化させない過ごし方｜瑞穂市で今日からできること,https://www.058-327-7771.net/zakotsu-yattewaikenai/,2026-07-24,"岐阜県瑞穂市（穂積駅）で、坐骨神経痛を悪化させない過ごし方について自分でできることを探している方へ。

痛みの背景には腰の状態が関わっていることが多く、日常の動作の積み重ねが影響すると考えられます。

今日からできる悪化予防のポイント
・同じ姿勢を30分以上続けず、こまめに立ち上がる
・痛む側を下にした無理な姿勢で長く過ごさない
・前かがみで重い物を持たず、膝を曲げて体に近づけて持つ
・痛みが強い日は無理に運動せず、楽な姿勢で休む
・入浴などで体を冷やしすぎない

数日続けても変化が乏しい場合は、一度ご相談ください。当院では姿勢や動き、筋肉の緊張の状態を確認し、日常での工夫をお伝えします。

※足に力が入らない、排尿・排便がしにくいといった症状があるときは、すぐに整形外科を受診してください。

岐阜県瑞穂市（穂積駅）で坐骨神経痛の過ごし方に迷う方は、みつむら接骨院へご相談ください。詳しくは下記の記事もご覧ください。"
soccer-kokansetsu-B,174,サッカー,B,サッカーの股関節・鼠径部痛を続けながらケアする方法,https://www.058-327-7771.net/soccer-kokansetsu/,2026-07-31,"岐阜県瑞穂市（穂積駅）で、サッカーの股関節・鼠径部の痛みについて自分でできることを探している方へ。

痛みを抱えたままプレーを続けると、かばう動きで別の部位に負担が出ることもあります。まずは負担を減らす工夫から始めましょう。

今日からできるセルフケアと予防
・痛みが強く出るキックや切り返しの本数を減らす
・練習前に股関節をゆっくり大きく動かして温める
・お尻や太ももの裏、内ももを痛みのない範囲で伸ばす
・お腹まわりと骨盤を安定させる軽い体幹運動を取り入れる
・練習後は冷やしすぎず、入浴で体をゆるめる

数日続けても変化が乏しい場合は、ご相談ください。当院では、股関節の動き、骨盤の傾き、筋肉の硬さ、体の使い方を確認します。

※歩行で強く痛む、脚に力が入らない、発熱がある場合は、医療機関を受診してください。診断や復帰の判断は医師の役割です。

岐阜県瑞穂市（穂積駅）で股関節・鼠径部の痛みが気になる方は、みつむら接骨院へご相談ください。詳しくは下記の記事もご覧ください。"
suberi-yattewaikenai-B,106,すべり症・分離症,B,すべり症でやってはいけないこと｜今日からの対処と受診の目安,https://www.058-327-7771.net/suberi-yattewaikenai/,2026-07-30,"岐阜県瑞穂市（穂積駅）で、すべり症の悪化を防ぐために自分でできることを探している方へ。

日常の何気ない動作が、腰への負担になっていることがあります。ご自身の動き方を見直すことが第一歩と考えられます。

日常で意識したい対処
・腰を強く反らす動きや、深い反り腰の姿勢を避ける
・重い物は膝を曲げ、体に近づけて持ち上げる
・勢いをつけて体をひねる動作を控える
・長時間の同じ姿勢を避け、こまめに動く
・痛みを我慢して運動や作業を続けない

数週間続けても変化が乏しい場合や、脚のしびれが増す場合は、整形外科での検査をおすすめします。当院では、姿勢や動作のクセ、股関節・体幹の状態を確認し、医療機関の診断を前提にサポートします。

※足の脱力、排尿・排便のトラブルがある場合は、すぐに整形外科を受診してください。

岐阜県瑞穂市（穂積駅）ですべり症の日常の注意点でお悩みの方は、みつむら接骨院へご相談ください。詳しくは下記の記事もご覧ください。"
gikkuri-senaka-B,354,バレー＋一般症状,B,ぎっくり背中を繰り返さない｜瑞穂市でできる予防とセルフケア,https://www.058-327-7771.net/gikkuri-senaka/,2026-10-16,"岐阜県瑞穂市（穂積駅）で、ぎっくり背中について自分でできることを探している方へ。

急な痛みは落ち着いても、背中の使い方が変わらないと再びつらくなることがあります。日常の小さな習慣が予防につながると考えられます。

今日からできるセルフケア
・同じ姿勢が続くときは、30分に一度は立って肩を回す
・物を持つときは、体をひねらず足の向きごと変える
・入浴などで体を冷やさず、背中まわりをゆるめる
・痛みが強い時期は無理なストレッチをしない
・睡眠不足や疲れをためすぎない

セルフケアで変化が乏しい、繰り返し痛むという場合はご相談ください。当院では、背中や肩甲骨、首、腰の動き、日頃の姿勢や作業姿勢を確認し、負担がかかりにくい体の使い方をご提案します。

※安静にしても和らがない強い痛み、胸の痛み、息苦しさ、冷や汗、発熱、手足のしびれがある場合は、内臓の病気の可能性もあるため内科などの医療機関を受診し、症状が強いときは救急要請をしてください。

岐阜県瑞穂市（穂積駅）でぎっくり背中の再発が気になる方は、みつむら接骨院へご相談ください。詳しくは下記の記事もご覧ください。"
gojukata-kikan-B,62,五十肩,B,五十肩の時期別の過ごし方｜岐阜県瑞穂市で今日からできること,https://www.058-327-7771.net/gojukata-kikan/,2026-07-30,"岐阜県瑞穂市（穂積駅）で、五十肩の期間や時期ごとの過ごし方について自分でできることを探している方へ。

五十肩は時期によって肩の状態が変わると考えられており、今の時期に合った過ごし方を選ぶことが大切です。

【時期別の過ごし方の目安】
・痛みが強い時期は、無理に伸ばさず安静寄りで、重い物を持つ動作を控える
・夜は痛い側を上にした横向きで、クッションに腕をのせて休む
・動きにくさが中心の時期は、入浴後に痛みの出ない範囲で腕を小さく動かす
・動きが戻ってきたら、肩甲骨を意識しながら少しずつ動く範囲を広げる
・反動をつけず、痛みが強まる動きはその日は中止する

セルフケアを続けても変化が乏しいとき、痛みが強まっていくときは、一度ご相談ください。当院では、肩の動き方、首や肩甲骨まわりの筋肉の緊張、日常の姿勢や腕の使い方を確認します。

※夜間の強い痛みが長引く、腕に力が入らない、しびれや胸の締めつけを伴う場合は、整形外科などの医療機関を受診してください。

岐阜県瑞穂市（穂積駅）で五十肩の時期別ケアにお悩みの方は、みつむら接骨院へご相談ください。詳しくは下記の記事もご覧ください。"
herunia-yattewaikenai-B,42,椎間板ヘルニア,B,椎間板ヘルニアを悪化させない生活動作｜岐阜県瑞穂市,https://www.058-327-7771.net/herunia-yattewaikenai/,2026-07-25,"岐阜県瑞穂市（穂積駅）で、椎間板ヘルニアを悪化させない過ごし方を探している方へ。

日常の何気ない動作が腰への負担になることがあり、毎日の積み重ねが痛みの出方に関わると考えられています。

今日から意識したい生活動作
・物を持ち上げるときは、腰を曲げず膝を曲げて体に近づけて持つ
・同じ姿勢を続けず、30分に一度は立って体を動かす
・床の物を拾うときは片膝をつくなど、前かがみを避ける
・くしゃみや咳の前は、近くのものに手をついて体を支える
・痛みを我慢して、普段どおりに動き続けない

こうした工夫を続けても変化が乏しい場合は、ご相談ください。当院では、姿勢や動作のクセ、腰まわり・股関節まわりの筋肉の状態を確認し、負担がかかりにくい体の使い方を一緒に考えます。

※足に力が入らない、強い麻痺、排尿・排便がうまくできないといった症状がある場合は、すぐに整形外科を受診してください。

岐阜県瑞穂市（穂積駅）で椎間板ヘルニアの生活上の注意点を知りたい方は、みつむら接骨院へご相談ください。詳しくは下記の記事もご覧ください。"
kyosaku-yattewaikenai-stretch-B,22,脊柱管狭窄症,B,脊柱管狭窄症でも安全に動かすコツ｜瑞穂市の接骨院,https://www.058-327-7771.net/kyosaku-yattewaikenai-stretch/,2026-07-24,"岐阜県瑞穂市（穂積駅）で、脊柱管狭窄症のストレッチについて自分でできることを探している方へ。

腰を反らす動きで症状が強まりやすい一方、体をまったく動かさないと筋力が落ちて負担が増えることもあると考えられます。大切なのは「無理のない範囲」を知ることです。

今日から意識したい安全な動かし方
・痛みやしびれが強まる動きはすぐに中止する
・腰を軽く丸める姿勢で楽になるか確かめる
・反動をつけず、ゆっくり呼吸しながら行う
・1回の量は少なめにし、翌日の様子を見て調整する
・歩く前後は、椅子に座って膝を抱えるなど楽な姿勢で整える

こうした工夫を続けても変化が乏しい、または動かすとしびれが増す場合は、ご相談ください。当院では、痛みの出る姿勢や動作、股関節まわりの硬さ、歩き方の癖などを確認します。

※足の脱力、排尿・排便のトラブルがある場合は、すぐに整形外科など医療機関を受診してください。

岐阜県瑞穂市（穂積駅）で脊柱管狭窄症のケアにお悩みの方は、みつむら接骨院へご相談ください。詳しくは下記の記事もご覧ください。"
gifu-yotsu-seitai-B,126,腰痛×岐阜ローカル,B,腰痛の整体を選ぶ前に｜岐阜・瑞穂市で確認したい判断の目安,https://www.058-327-7771.net/gifu-yotsu-seitai/,2026-07-31,"岐阜県瑞穂市（穂積駅）で、腰痛の相談先を選ぶ前に自分でできることを探している方へ。

腰痛は原因が一つとは限らず、合わない施術を続けると遠回りになることもあると考えられます。まずは次の点を整理してみましょう。

相談先を選ぶ前の確認ポイント
・いつから、どんな動作で痛むかをメモしておく
・足のしびれや力の入りにくさがないか確認する
・安静にして楽になるか、じっとしていても痛むかを見る
・施術の内容や頻度について説明があるかを確認する
・「これだけで解決」と言い切る案内には慎重になる

数日から1週間ほど様子を見ても変化が乏しければ、ご相談ください。みつむら接骨院では、痛む場面や姿勢、動き方を確認し、接骨院で対応できる範囲かどうか、医療機関の受診が望ましいかをお伝えします。

※発熱を伴う腰痛、安静でも治まらない強い痛み、足の脱力、排尿・排便のトラブルがある場合は、整体や接骨院より先に医療機関を受診してください。

岐阜県瑞穂市（穂積駅）で腰痛の相談先に迷う方は、みつむら接骨院へご相談ください。詳しくは下記の記事もご覧ください。"
gasokuen-stretch-B,222,スポーツ障害一般,B,鵞足炎のストレッチとセルフケア｜注意点と受診の目安,https://www.058-327-7771.net/gasokuen-stretch/,2026-08-11,"岐阜県瑞穂市（穂積駅）で、鵞足炎のストレッチなど自分でできることを探している方へ。

鵞足炎は使いすぎで起こりやすいと考えられていて、まずは痛い部分そのものより、周りの筋肉の柔軟性を整える視点が役立ちます。

今日からできるセルフケア
・太ももの裏側をゆっくり20秒ほど伸ばす（痛みのない範囲で）
・太ももの前側と内側も、反動をつけずに伸ばす
・お尻の筋肉をやさしく伸ばして、股関節の動きを保つ
・伸ばしていて膝の内側に鋭い痛みが出たら、そこで中止する
・運動後は、痛い場所を揉みすぎず軽く休ませる

数日続けても変化が乏しい場合は、ご相談ください。みつむら接骨院では、筋肉の硬さ、足の着き方、フォームのクセを確認し、続けやすいケアをご提案します。

※膝が腫れる、熱を持つ、夜も痛む、膝が引っかかる、体重をかけると痛みが強い場合は、整形外科を受診してください。

岐阜県瑞穂市（穂積駅）で膝の内側の痛みが気になる方は、みつむら接骨院へご相談ください。詳しくは下記の記事もご覧ください。"
hiji-naisoku-B,270,野球,B,肘の内側が痛いときのセルフケアと受診目安｜瑞穂市,https://www.058-327-7771.net/hiji-naisoku/,2026-09-04,"岐阜県瑞穂市（穂積駅）で、肘の内側の痛みについて自分でできることを探している方へ。

内側の痛みは、投球の回数に加えて、体の開きが早い、肩甲骨が動きにくいといった体の使い方が負担を増やすと考えられています。

痛みがあるときの過ごし方
・痛む間は全力投球や投げ込みを控える
・投球後は肘を冷やすより先に、まず休ませて様子を見る
・前腕の内側をやさしくほぐし、手首を軽く動かす
・肩甲骨まわりと股関節のストレッチを続ける
・痛みの出た日と状況をメモしておく

数日休んでも痛みが変わらない、繰り返す場合は、ご相談ください。当院では肘まわりの状態と投球時の体の使い方を確認します。診断や投球再開の判断は整形外科の役割ですので、必要に応じて受診をおすすめします。

※強い痛み、しびれ、肘が伸びない・曲がらない場合は、早めに整形外科を受診してください。

岐阜県瑞穂市（穂積駅）で肘の内側の痛みの方は、みつむら接骨院へご相談ください。詳しくは下記の記事もご覧ください。"
kenban-dansetsu-B,314,肩腱板・神経・腱鞘炎・打撲骨折,B,肩が上がらないときの対処と受診目安｜腱板断裂（瑞穂市）,https://www.058-327-7771.net/kenban-dansetsu/,2026-09-26,"岐阜県瑞穂市（穂積駅）で、肩が上がらないときに自分でできることを探している方へ。

腱板断裂が疑われる場合、無理に動かすことで痛みが強まることもあります。まずは肩を守りながら、受診の目安を知っておくことが大切です。

家庭で意識したいこと
・痛みが出る動作（高い所へ手を伸ばす、重い物を持つ）を控える
・座っているときは、ひじの下にクッションを置いて腕の重さを預ける
・着替えは痛くない側の腕から通す
・夜は抱き枕やタオルで腕を支える姿勢を試す
・痛みがなければ、ひじや手首、指はこまめに動かす

数日〜数週間たっても腕が上げにくい状態が続く場合は、整形外科での検査をおすすめします。当院では、肩の動きや姿勢、筋肉の状態を確認し、医療機関への受診が望ましいかどうかの目安もお伝えします。

※転倒後に突然腕が上がらない、強い痛みが続く、腕のしびれや脱力がある場合は、早めに整形外科を受診してください。手術を行うかどうかは、整形外科医が判断します。

岐阜県瑞穂市（穂積駅）で肩の動かしにくさにお悩みの方は、みつむら接骨院へご相談ください。詳しくは下記の記事もご覧ください。"
soccer-nenza-B,176,サッカー,B,サッカーの捻挫からの復帰へ｜岐阜・瑞穂市のセルフケア,https://www.058-327-7771.net/soccer-nenza/,2026-07-31,"岐阜県瑞穂市（穂積駅）で、サッカーの捻挫からの復帰に向けて自分でできることを探している方へ。

捻挫は痛みが引いたあとも、足首の安定性やバランスが戻りきらず、再発しやすいことがあります。段階を踏んで確認することが大切です。

復帰に向けて意識したいこと
・腫れと痛みが落ち着くまでは無理に走らない
・足首をゆっくり動かして、動く範囲を確認する
・片足立ちでぐらつきがないか、左右で比べる
・歩行が痛みなくできてから、軽いジョグへ進める
・ふくらはぎや股関節の硬さも一緒に整える

痛みや腫れが長引く、不安定感が残る場合はご相談ください。当院では、足首の動き、ふくらはぎ・股関節の状態、体重のかけ方を確認します。

※体重をかけられない、強い腫れや変形がある場合は、すぐ整形外科を受診してください。競技への復帰許可は医師の判断です。

岐阜県瑞穂市（穂積駅）で捻挫からの復帰を目指す方は、みつむら接骨院へご相談ください。詳しくは下記の記事もご覧ください。"
gikkuri-senaka-naoshikata-B,356,バレー＋一般症状,B,ぎっくり背中の日常の工夫｜瑞穂市で早く楽になる過ごし方,https://www.058-327-7771.net/gikkuri-senaka-naoshikata/,2026-10-17,"岐阜県瑞穂市（穂積駅）で、ぎっくり背中を少しでも楽に過ごす方法を探している方へ。

痛みが強い時期は、無理をしないことと、動ける範囲で動くことのバランスが大切と考えられます。

家庭で意識したいこと
・痛みが出にくい姿勢を見つけて休む
・起き上がるときは横向きになり、腕の力を借りてゆっくり動く
・浅い呼吸になりやすいので、痛みの出ない範囲で深呼吸する
・入浴やカイロなどで、背中まわりを冷やさないようにする
・重い物を持つ、ひねる動作は控える

こうした工夫で変化が乏しい場合や、痛みが長引く場合は、無理せずご相談ください。当院では背中・肩甲骨・腰の動きや姿勢を確認し、負担をかけにくい動き方をお伝えします。原因の特定や診断は医療機関の役割となります。

※安静にしても治まらない強い痛み、胸の痛み、息苦しさ、冷や汗、発熱がある場合は、内臓の病気の可能性もあるため内科など医療機関を受診し、症状が強いときは救急要請をしてください。

岐阜県瑞穂市（穂積駅）でぎっくり背中の痛みが続く方は、みつむら接骨院へご相談ください。詳しくは下記の記事もご覧ください。"
zutsu-kiatsu-B,144,頭痛,B,天気痛の頭痛を和らげる対策と受診の目安｜岐阜県瑞穂市,https://www.058-327-7771.net/zutsu-kiatsu/,2026-07-31,"岐阜県瑞穂市（穂積駅）で、低気圧の日の頭痛について自分でできることを探している方へ。

気圧の変化に体が対応しようとして、自律神経のバランスが乱れやすくなる場合があると考えられます。あらかじめ整えておくことで、過ごしやすさが変わることもあります。

天気が崩れる前からできる対策
・首や肩を温めて、こわばりをためない
・入浴や軽いストレッチで自律神経を休ませる
・睡眠時間を一定にし、寝不足を避ける
・水分をこまめにとり、食事を抜かない
・頭痛日記に天気と症状を書いておく

対策を続けても変化が乏しい場合や、頭痛が日常生活に支障を出す場合は、ご相談ください。当院では首肩の筋肉の状態や姿勢、動き方を確認します。頭痛そのものの原因の確認は医療機関の役割です。

市販薬を月に何度も使う状態が続くときは、薬の使いすぎによる頭痛の可能性もあるため、医療機関にご相談ください。

※突然の激しい頭痛、ろれつが回らない、手足の麻痺やしびれ、物が二重に見える、発熱と首の硬直を伴う場合は、すぐに救急や医療機関を受診してください。

岐阜県瑞穂市（穂積駅）で天気痛による頭痛にお悩みの方は、みつむら接骨院へご相談ください。詳しくは下記の記事もご覧ください。"
jumper-hiza-B,224,スポーツ障害一般,B,ジャンパー膝からの復帰｜負担を減らす考え方と受診の目安,https://www.058-327-7771.net/jumper-hiza/,2026-08-12,"岐阜県瑞穂市（穂積駅）で、ジャンパー膝と付き合いながら復帰を目指し、自分でできることを探している方へ。

ジャンパー膝は、痛みが軽くなった時に練習量を急に戻すと、再び痛みが出やすいと考えられています。復帰は段階的に、という視点が大切です。

今日からできるセルフケア・復帰の工夫
・痛みが強い間は、ジャンプや全力ダッシュを減らす
・練習後は太ももの前側を痛みのない範囲で伸ばす
・着地で膝が内に入らないよう、つま先と膝の向きをそろえる
・練習量は少しずつ戻し、翌日に痛みが残らないか確認する
・硬い床での連続ジャンプを避け、靴の状態も見直す

セルフケアで変化が乏しい場合は、ご相談ください。みつむら接骨院では、太ももやお尻の筋肉、着地のクセを確認し、復帰までの動き方の工夫をお伝えします。

※膝が大きく腫れる、膝が伸ばせない、安静でも痛む、夜間にうずく場合は、整形外科を受診してください。復帰の可否は医師の判断を優先してください。

岐阜県瑞穂市（穂積駅）で膝の痛みが気になる方は、みつむら接骨院へご相談ください。詳しくは下記の記事もご覧ください。"
soccer-nenza-yobo-B,178,サッカー,B,サッカーの捻挫予防セルフケア｜サポーターとの付き合い方,https://www.058-327-7771.net/soccer-nenza-yobo/,2026-07-31,"岐阜県瑞穂市（穂積駅）で、サッカーの捻挫予防について自分でできることを探している方へ。

テーピングやサポーターは補助であり、治療ではありません。使う場合も、足首まわりの機能を整える習慣とあわせて考えることが大切です。

続けながらできる予防の工夫
・練習前に足首を回し、ふくらはぎをほぐして温める
・片足立ちでバランスを取る練習を毎日少しずつ行う
・スパイクの紐を締め直し、足に合った状態で履く
・着地やターンで膝とつま先の向きをそろえる意識を持つ
・疲れがたまった日は無理に強度を上げない

セルフケアを続けても不安定感が残る場合はご相談ください。当院では、足首の動き、ふくらはぎ・股関節の柔軟性、バランスの取り方を確認します。

※捻ったあとに強い痛みや腫れがあり体重をかけられない場合は、骨折の可能性があるため整形外科を受診してください。

岐阜県瑞穂市（穂積駅）で捻挫予防に取り組む方は、みつむら接骨院へご相談ください。詳しくは下記の記事もご覧ください。"
yakyu-hiji-gaisoku-B,272,野球,B,野球肘外側型の見守り方｜早期発見と受診の目安 瑞穂市,https://www.058-327-7771.net/yakyu-hiji-gaisoku/,2026-09-05,"岐阜県瑞穂市（穂積駅）で、野球肘の外側型について自分でできることを探している保護者・選手の方へ。

外側型は初期に痛みが出にくいとされ、本人が気づかないうちに進むことがあります。だからこそ、日ごろの観察と早めの受診が大切と考えられています。

家庭で意識したいこと
・肘が伸びきるか、左右で比べてみる
・投球後に外側の違和感がないか声をかける
・痛みが軽くても違和感が続くときは投球を控える
・学校や地域の検診の機会があれば活用する
・股関節や肩甲骨のストレッチで投球を支える体を保つ

違和感が続くときは、早めに整形外科で画像検査を受けることをおすすめします。当院では、診断後のサポートとして、肘に負担をかけにくい体の使い方や全身の動きを確認します。投球の再開時期は医師の判断が優先です。

※強い痛み、肘のロッキング（引っかかって動かない）、しびれがあるときは、すぐに整形外科を受診してください。

岐阜県瑞穂市（穂積駅）で野球肘外側型が気になる方は、みつむら接骨院へご相談ください。詳しくは下記の記事もご覧ください。"
nechigae-B,358,バレー＋一般症状,B,寝違えの朝にやること・やらないこと｜瑞穂市のセルフケア,https://www.058-327-7771.net/nechigae/,2026-10-18,"岐阜県瑞穂市（穂積駅）で、寝違えについて自分でできることを探している方へ。

痛みが強い朝は、やることよりも「やらないこと」を意識するだけで楽に過ごせる場合があります。

今日からできるセルフケア
・痛い側の首を無理に回したり、引っ張ったりしない
・痛みの出にくい姿勢で肩の力を抜き、ゆっくり呼吸する
・起き抜けの強いストレッチや、強く揉む動作は控える
・首まわりを冷やさないようにし、入浴でゆるめる
・枕の高さが合っているかを見直す

セルフケアで変化が乏しい、何日も痛みが続くときは、ご相談ください。当院では首・肩・背中の動きや寝るときの姿勢を確認し、生活の中での工夫をお伝えします。原因の判断や診断は医療機関の役割です。

※手足のしびれ、力が入りにくい、ろれつが回らない、突然の激しい頭痛、発熱と首の硬直がある場合は、すぐに救急要請や医療機関を受診してください。

岐阜県瑞穂市（穂積駅）で寝違えが続く方は、みつむら接骨院へご相談ください。詳しくは下記の記事もご覧ください。"
sokuwan-genin-B,84,側弯症,B,側弯症の不安を整理する｜岐阜・瑞穂で今日から意識したいこと,https://www.058-327-7771.net/sokuwan-genin/,2026-07-30,"岐阜県瑞穂市（穂積駅）で、側弯症の原因が分からず不安で、自分でできることを探している方へ。

原因が分からない側弯症でも、家庭で気を配れる点はあります。ただし、生活習慣の工夫で背骨の曲がりを治せるわけではなく、整形外科での経過観察が土台になります。

見守りで意識したいこと
・入浴や睡眠で体を休め、背中の緊張をためない
・背中の左右差や肩の高さを、月に一度ほど写真で記録する
・座りっぱなしの時間を減らし、軽く体を動かす
・食事や睡眠を整え、体調を崩さない
・定期受診の予定を把握しておく

原因探しに気持ちが向きすぎると、心の負担が大きくなります。責める材料を探すより、これからの過ごしやすさを考えることが大切と考えられます。

背中の張りやだるさが続くときは、みつむら接骨院で姿勢や筋肉の状態を確認し、負担のかかりやすい部分のケアをご提案します。

※強い背部痛、息苦しさ、手足のしびれ、急な進行がある場合は整形外科を受診してください。

岐阜県瑞穂市（穂積駅）で側弯症の不安がある方は、みつむら接骨院へご相談ください。詳しくは下記の記事もご覧ください。"
kenban-rehab-B,316,肩腱板・神経・腱鞘炎・打撲骨折,B,腱板断裂後の無理のないセルフケアと復帰の目安（瑞穂市）,https://www.058-327-7771.net/kenban-rehab/,2026-09-27,"岐阜県瑞穂市（穂積駅）で、腱板断裂後のリハビリやセルフケアについて自分でできることを探している方へ。

腱板が傷んだ肩は、早く動かそうとして焦るほど負担がかかることがあります。医師の方針を確認したうえで、少しずつ進めることが大切です。

今日からできるセルフケア
・医師から許可された範囲の動きだけを行う
・痛みが強まる動作は、その日は中止する
・肩甲骨を寄せる、ゆるめる動きをゆっくり行う
・首や肩の力を抜いた呼吸で、胸まわりをゆるめる
・重い物を持つ、高く上げる動作は段階的に戻す

セルフケアで変化が乏しいときや、どこまで動かしてよいか迷うときはご相談ください。当院では、肩の動き、肩甲骨や背中の柔らかさ、姿勢を確認し、日常生活での工夫をお伝えします。復帰の時期は、担当医の判断を優先します。

※夜間の強い痛み、腕の脱力、しびれ、急な腫れが出た場合は、早めに整形外科を受診してください。

岐阜県瑞穂市（穂積駅）で腱板断裂後の過ごし方に迷う方は、みつむら接骨院へご相談ください。詳しくは下記の記事もご覧ください。"
zakotsu-nanika-B,4,坐骨神経痛,B,坐骨神経痛の受診前にできること｜岐阜県瑞穂市の相談の進め方,https://www.058-327-7771.net/zakotsu-nanika/,2026-07-23,"岐阜県瑞穂市（穂積駅）で、坐骨神経痛の受診前に自分でできることを探している方へ。

受診先に迷って我慢を続けるより、状況を整理しておくと相談がスムーズになると考えられます。

受診・相談の前に整えておきたいこと
・痛みの場所（お尻、太もも、ふくらはぎ、足先）を記録する
・痛みが強まる動作や姿勢をメモする
・しびれや力の入りにくさの有無を確認する
・痛みが出始めた時期ときっかけを思い出す
・痛みを我慢して無理に動き続けない

まず整形外科で検査を受け、その上で姿勢や体の使い方を見直したいときは当院へご相談ください。当院では動きの癖や筋肉の緊張を確認し、日常での工夫をお伝えします。ご自身の生活や仕事の状況に合わせてお話をうかがいます。

※足に力が入らない、排尿・排便がしにくいといった症状があるときは、すぐに整形外科を受診してください。

岐阜県瑞穂市（穂積駅）で坐骨神経痛の受診先に迷う方は、みつむら接骨院へご相談ください。詳しくは下記の記事もご覧ください。"
soccer-nikubanare-B,180,サッカー,B,サッカーの肉離れを防ぎ悪化させないための対処と予防,https://www.058-327-7771.net/soccer-nikubanare/,2026-07-31,"岐阜県瑞穂市（穂積駅）で、サッカーの肉離れについて自分でできることを探している方へ。

肉離れは、疲労や準備不足、筋力バランスの偏りなどが重なると起こりやすいと考えられます。痛めた直後の対応と、日ごろの予防を分けて考えましょう。

直後の対応と予防のポイント
・痛めた直後はプレーを中止し、冷却と安静を優先する
・痛みが強い間は、無理に伸ばしたり揉んだりしない
・練習前に太ももやお尻を動かして十分に温める
・太ももの前と裏、お尻の筋肉バランスを意識する
・疲労がたまる時期は走る量や強度を調整する

痛みが引かない、繰り返す場合はご相談ください。当院では、痛めた筋肉の状態、周囲の硬さ、フォームや体の使い方を確認します。

※強い腫れや内出血、筋肉のへこみ、歩けないほどの痛みがある場合は、整形外科を受診してください。程度の判断や復帰の許可は医師の役割です。

岐阜県瑞穂市（穂積駅）で肉離れが気になる方は、みつむら接骨院へご相談ください。詳しくは下記の記事もご覧ください。"
suberi-chigai-B,108,すべり症・分離症,B,すべり症と脊柱管狭窄症の違い｜自分でできることと受診の目安,https://www.058-327-7771.net/suberi-chigai/,2026-07-30,"岐阜県瑞穂市（穂積駅）で、すべり症や脊柱管狭窄症の症状について、自分でできることを探している方へ。

どちらも腰を反らすと症状が強まりやすい点が共通しており、日常の姿勢で負担が変わることがあると考えられます。

今日から意識したいこと
・立つときは反り腰を避け、楽な姿勢を探す
・長時間の立ち仕事では、足台などを使って腰を少し丸めて休む
・歩いて脚がつらくなったら、前かがみで休憩する
・症状が出る場面と楽になる姿勢を記録しておく
・痛みを我慢して長く歩き続けない

数週間続けても変化が乏しい場合や、脚のしびれが強まる場合は、整形外科で画像検査を受けることをおすすめします。当院では、姿勢・股関節の動き・お尻や体幹の筋肉の状態を確認し、医療機関での診断を前提にサポートします。

※足の脱力、排尿・排便のトラブルがある場合は、すぐに整形外科を受診してください。

岐阜県瑞穂市（穂積駅）ですべり症や脊柱管狭窄症でお悩みの方は、みつむら接骨院へご相談ください。詳しくは下記の記事もご覧ください。"
nechigae-stretch-B,360,バレー＋一般症状,B,寝違えの再発予防セルフケア｜瑞穂市でできる首肩ストレッチ,https://www.058-327-7771.net/nechigae-stretch/,2026-10-19,"岐阜県瑞穂市（穂積駅）で、寝違えの予防について自分でできることを探している方へ。

寝違えは、日中の首肩の緊張や寝る環境と関わると考えられています。痛みがない時期のケアが予防につながります。

今日からできる予防のセルフケア
・痛みが引いてから、肩をゆっくり上げ下げする
・肩甲骨を寄せる動きを、息を吐きながらゆっくり行う
・スマホやパソコンは目線の高さに近づける
・枕は首のカーブが自然に支えられる高さにする
・寝る前に首まわりを温め、力を抜いて眠る

これらを続けても寝違えを繰り返す場合は、ご相談ください。当院では首・肩・背中の動きや姿勢、日頃の体の使い方を確認します。首の痛みの原因の診断は医療機関の役割です。

※手足のしびれや麻痺、ろれつが回らない、突然の激しい頭痛、発熱と首の硬直がある場合は、すぐに救急要請や医療機関を受診してください。

岐阜県瑞穂市（穂積駅）で寝違えの再発が気になる方は、みつむら接骨院へご相談ください。詳しくは下記の記事もご覧ください。"
gojukata-isshun-B,64,五十肩,B,五十肩の即効うたい文句との付き合い方｜瑞穂市の接骨院,https://www.058-327-7771.net/gojukata-isshun/,2026-07-30,"岐阜県瑞穂市（穂積駅）で、五十肩について自分でできることを探している方へ。

「一瞬で」「すぐに」といった言葉が目に入ると期待してしまいますが、五十肩は時間をかけて経過をたどることが多いと言われています。広告の言葉に振り回されず、落ち着いて対処を選びたいところです。

【広告を見るときの目安】
・「一瞬」「即効」「誰でも」など言い切る表現は慎重に受け止める
・痛みが増すほど強く押す、無理に伸ばす操作は避ける
・施術や運動の前後で、痛みと動く範囲をメモして変化を見る
・整形外科で診断を受けているかを確認しておく
・今の時期に合った動かし方かを、専門家に相談して選ぶ

セルフケアや施術で変化が乏しい、むしろ痛みが強まるときは、ご相談ください。当院では肩の動き、首や肩甲骨まわりの筋肉の状態、日常の姿勢をていねいに確認します。

※夜間の強い痛みが長引く、急に腕が上がらなくなった、しびれや胸の締めつけがある場合は、整形外科などの医療機関を受診してください。

岐阜県瑞穂市（穂積駅）で五十肩の対処にお悩みの方は、みつむら接骨院へご相談ください。詳しくは下記の記事もご覧ください。"
herunia-ng-stretch-B,44,椎間板ヘルニア,B,椎間板ヘルニアの安全なストレッチの考え方｜岐阜・瑞穂,https://www.058-327-7771.net/herunia-ng-stretch/,2026-07-25,"岐阜県瑞穂市（穂積駅）で、椎間板ヘルニアの負担をかけないセルフケアを探している方へ。

ストレッチは「強く伸ばすほど良い」わけではありません。腰そのものより、周囲の硬さをゆるめる視点が大切と考えられています。

安全に行うための基本
・痛みが出ない範囲で、呼吸を止めずにゆっくり行う
・反動をつけず、伸ばす時間は短めにとどめる
・腰ではなく、太ももの裏や股関節まわりを軽く動かす
・脚にしびれや痛みが広がったら、その場で中止する
・調子が悪い日は無理をせず、休む日をつくる

続けても痛みが変わらない、しびれが強まるといった場合は、自己流を続けずご相談ください。当院では、動かしたときの痛みの出方や、筋肉の硬さ、姿勢のバランスを確認したうえで、やめておきたい動きと続けやすい動きをお伝えします。

※足に力が入らない、強い麻痺、排尿・排便がうまくできないといった症状がある場合は、すぐに整形外科を受診してください。

岐阜県瑞穂市（穂積駅）でヘルニアのセルフケアに不安がある方は、みつむら接骨院へご相談ください。詳しくは下記の記事もご覧ください。"
chokei-jintaien-B,226,スポーツ障害一般,B,ランナー膝のセルフケア｜膝の外側が痛む時の走り方と休み方,https://www.058-327-7771.net/chokei-jintaien/,2026-08-13,"岐阜県瑞穂市（穂積駅）で、ランナー膝（腸脛靭帯炎）について自分でできることを探している方へ。

膝の外側の痛みは、走る量や路面、靴、お尻や太ももの筋肉の使い方が重なって出やすいと考えられています。まずは負担を減らす工夫から見直してみましょう。

今日からできるセルフケア・走り方の工夫
・痛みが出たら無理に走り続けず、いったん休む
・走る距離やペースは、少しずつ戻す
・お尻と太ももの外側を、走った後に痛みのない範囲で伸ばす
・同じ方向のコースや傾いた路面ばかり走らないようにする
・すり減った靴は見直し、足に合ったものを選ぶ

数日休んで軽くなっても再発する場合は、ご相談ください。みつむら接骨院では、お尻や太ももの筋肉の使い方、足の着き方、走り方のクセを確認し、続けやすい工夫をお伝えします。

※膝の腫れ、熱っぽさ、夜も続く痛み、膝が引っかかる感覚がある場合は、整形外科を受診してください。

岐阜県瑞穂市（穂積駅）で膝の外側の痛みが気になる方は、みつむら接骨院へご相談ください。詳しくは下記の記事もご覧ください。"
little-league-hiji-B,274,野球,B,成長期の肘の痛み｜家庭での見守りと受診の目安 瑞穂市,https://www.058-327-7771.net/little-league-hiji/,2026-09-06,"岐阜県瑞穂市（穂積駅）で、お子さんの成長期の肘の痛みについて家庭でできることを探している方へ。

成長期は骨の成長軟骨が弱く、投球の疲れがたまると肘に負担が集まりやすいと考えられています。痛みを我慢して投げ続けないことが大切です。

家庭で意識したいこと
・投げた後に肘の痛みや張りがないか毎回聞いてみる
・痛みがあるときは投球を休ませ、無理に続けさせない
・練習量が増えたときは疲れやすいので休養日を確保する
・入浴後に股関節や太ももの柔軟性を保つ
・睡眠と食事を整え、成長を支える

数日休んでも痛みが変わらない場合や、繰り返す場合は相談してください。当院では、肘の状態と、投球時の体の使い方や姿勢を確認します。診断と、投球再開の許可は整形外科の医師が行いますので、必要に応じて受診をおすすめします。

※強い痛み、腫れ、しびれ、肘の曲げ伸ばしがしにくいときは、早めに整形外科を受診してください。

岐阜県瑞穂市（穂積駅）で成長期の肘の痛みの方は、みつむら接骨院へご相談ください。詳しくは下記の記事もご覧ください。"
kyosaku-teokure-B,24,脊柱管狭窄症,B,脊柱管狭窄症の悪化に備える生活の工夫｜岐阜・瑞穂,https://www.058-327-7771.net/kyosaku-teokure/,2026-07-24,"岐阜県瑞穂市（穂積駅）で、脊柱管狭窄症の悪化を防ぐために自分でできることを探している方へ。

症状の変化に早く気づき、無理のない生活を続けることが大切と考えられます。高齢の方も取り入れやすい工夫をまとめました。

日常で意識したい見守りポイント
・歩ける距離と、休む必要が出るまでの時間を記録する
・腰を大きく反らす動作や、重い物を持つ動作を控える
・立ち仕事は、途中で座って休める時間をつくる
・杖など、前かがみで楽に歩ける工夫を検討する
・しびれの範囲や強さが変わったら日付を控えておく

記録を続けても症状が変わってくる場合や、生活に支障が出てきた場合は、早めに整形外科で相談してください。当院では、姿勢・歩き方・筋肉の状態を確認し、日常で取り入れやすい方法をお伝えします。

※足の脱力、排尿・排便のトラブル、会陰部のしびれが出たら、すぐに医療機関を受診してください。

岐阜県瑞穂市（穂積駅）で脊柱管狭窄症の経過が気になる方は、みつむら接骨院へご相談ください。詳しくは下記の記事もご覧ください。"
zutsu-kinchogata-B,146,頭痛,B,緊張型頭痛のほぐし方と受診の目安｜岐阜県瑞穂市,https://www.058-327-7771.net/zutsu-kinchogata/,2026-07-31,"岐阜県瑞穂市（穂積駅）で、締め付けられる頭痛について自分でできることを探している方へ。

首肩の筋肉が緊張し続けると、頭の重さにつながることがあると考えられます。強く揉むよりも、やさしく温めて動かすことがポイントです。

今日からできるセルフケア
・蒸しタオルで首の後ろから肩を5分ほど温める
・肩をゆっくり大きく後ろに回す
・あごを軽く引き、首をやさしく伸ばす
・パソコン画面の高さを目線に合わせる
・入浴で体を温め、十分に睡眠をとる

セルフケアで変化が乏しい場合や、頭痛が毎日のように続く場合は、ご相談ください。当院では首肩の筋肉の張り、姿勢、呼吸の状態などを確認し、体の使い方の面から整えるお手伝いをします。頭痛の原因の確認は医療機関の役割です。

市販薬を頻繁に飲まないと過ごせない場合は、薬の使いすぎによる頭痛の可能性もあるため、医療機関にご相談ください。

※突然の激しい頭痛、ろれつが回らない、手足の麻痺やしびれ、物が二重に見える、発熱と首の硬直を伴う場合は、すぐに救急や医療機関を受診してください。

岐阜県瑞穂市（穂積駅）で緊張型頭痛のセルフケアにお悩みの方は、みつむら接骨院へご相談ください。詳しくは下記の記事もご覧ください。"
kata-yakantsu-genin-B,318,肩腱板・神経・腱鞘炎・打撲骨折,B,肩の夜間痛を和らげる寝方と受診の目安（岐阜県瑞穂市）,https://www.058-327-7771.net/kata-yakantsu-genin/,2026-09-28,"岐阜県瑞穂市（穂積駅）で、夜眠れない肩の痛みについて自分でできることを探している方へ。

夜間痛は睡眠の質を下げ、疲れが抜けにくくなる原因にもなります。寝る姿勢を少し整えるだけで、楽に感じる方もいると考えられます。

今日からできる夜の過ごし方
・仰向けのときは、痛い側のひじの下にクッションやタオルを入れる
・横向きのときは、痛くない側を下にし、抱き枕で腕を支える
・脇にタオルを挟み、腕が下がりすぎないようにする
・寝る前に肩を冷やしすぎないよう、衣類や室温に気を配る
・就寝前は肩に力が入っていないか、深呼吸で確認する

こうした工夫でも夜間の痛みが続く場合は、ご相談ください。当院では、肩や首の動き、姿勢、筋肉の状態を確認し、整形外科での検査が望ましいかどうかもお伝えします。

※安静でも激しい痛みが続く、発熱がある、胸の痛みや冷や汗、息苦しさを伴う場合は、すぐに医療機関を受診してください。症状が強いときは救急要請も検討してください。

岐阜県瑞穂市（穂積駅）で夜の肩の痛みにお悩みの方は、みつむら接骨院へご相談ください。詳しくは下記の記事もご覧ください。"
soccer-nikubanare-fukki-B,182,サッカー,B,サッカー肉離れ後の復帰と再発予防｜段階的な進め方,https://www.058-327-7771.net/soccer-nikubanare-fukki/,2026-07-31,"岐阜県瑞穂市（穂積駅）で、サッカーの肉離れからの復帰に向けて自分でできることを探している方へ。

復帰を急ぐと再発につながることがあるため、痛みの様子を確認しながら段階を踏むことが大切です。

復帰に向けて意識したいこと
・痛みなく歩けることを確認してから運動を始める
・ストレッチは反動をつけず、痛みのない範囲でゆっくり行う
・お尻や太もも裏、体幹を使う軽い運動から取り入れる
・ジョグから加速、切り返しへと少しずつ強度を上げる
・左右の動きの差や硬さがないか、こまめに確認する

復帰の途中で違和感が出る、不安が残る場合はご相談ください。当院では、筋肉の状態、左右差、走り方や体の使い方を確認します。

※痛みや腫れ、内出血がぶり返す、歩けないほど痛む場合は、整形外科を受診してください。復帰の許可は医師の判断です。

岐阜県瑞穂市（穂積駅）で肉離れからの復帰を目指す方は、みつむら接骨院へご相談ください。詳しくは下記の記事もご覧ください。"
tsukiyubi-taping-B,362,バレー＋一般症状,B,突き指直後にできること｜瑞穂市の応急対応とテーピングの注意,https://www.058-327-7771.net/tsukiyubi-taping/,2026-10-20,"岐阜県瑞穂市（穂積駅）で、突き指について自分でできることを探している方へ。

突き指は、その場の対応で悩みやすいけがです。大切なのは、無理をせず、状態を見極めることと考えられます。

まず意識したい応急の流れ
・すぐにプレーや作業をやめて、指を安静にする
・氷や冷却材をタオルで包み、短時間ずつ冷やす
・指を引っ張る、揉む、無理に曲げ伸ばしするのは避ける
・テーピングは強く巻きすぎず、血流を妨げないようにする
・腫れや痛みの経過を観察する

腫れや痛みが引かない、指の動きに変化がある場合はご相談ください。当院では指や手首の動きを確認し、必要に応じて整形外科への受診をおすすめします。骨折や脱臼の診断は医療機関の役割で、テーピングはあくまで補助です。

※指が曲がらない、変形している、強い腫れや紫色の変色、しびれがある場合は、骨折や脱臼の疑いがあるため、早めに整形外科を受診してください。

岐阜県瑞穂市（穂積駅）で突き指が気になる方は、みつむら接骨院へご相談ください。詳しくは下記の記事もご覧ください。"
hozumi-seitai-B,128,腰痛×岐阜ローカル,B,穂積駅周辺の腰痛相談｜初めての来院前に知りたいこと,https://www.058-327-7771.net/hozumi-seitai/,2026-07-31,"岐阜県瑞穂市（穂積駅）で、初めて腰痛の相談先に行く前に、自分でできる準備を探している方へ。

初めての場所は緊張するものです。事前に情報を整理しておくと、相談がスムーズになり、状態も伝わりやすいと考えられます。

来院前に整理しておきたいこと
・痛みが出始めた時期ときっかけ
・痛みが強くなる動作や姿勢（立つ・座る・前かがみなど）
・これまでに受けた検査や病院での診断の有無
・足のしびれや力の入りにくさの有無
・普段の仕事や生活での姿勢、運動習慣

こうした情報があると、状態の確認がしやすくなります。みつむら接骨院では、お話を伺ったうえで姿勢や動きを確認し、接骨院でお手伝いできることと、医療機関での検査が望ましい場合をお伝えします。

※発熱を伴う腰痛、安静でも治まらない強い痛み、足の脱力、排尿・排便のトラブルがある場合は、先に医療機関を受診してください。

岐阜県瑞穂市（穂積駅）で腰痛の相談先をお探しの方は、みつむら接骨院へご相談ください。詳しくは下記の記事もご覧ください。"
zenjuji-jintai-B,228,スポーツ障害一般,B,前十字靭帯損傷後の復帰の流れ｜受診と術後リハの考え方,https://www.058-327-7771.net/zenjuji-jintai/,2026-08-14,"岐阜県瑞穂市（穂積駅）で、前十字靭帯損傷後の復帰に向けて、自分でできることを探している方へ。

前十字靭帯の損傷は、治療方針を医師と相談して決めることが大前提です。そのうえで、復帰までの流れを知っておくと、焦りや不安が和らぎます。

復帰に向けて家庭で意識したいこと
・医師の指示にある可動域や荷重の範囲を守る
・痛みや腫れが強くなった日は、無理せず休む
・太ももの前後や、お尻の筋肉の状態に目を向ける
・階段や段差では、膝が内に入らないよう意識する
・復帰を急がず、医師の許可を待ってから段階的に動く

みつむら接骨院では、医師の診断や術後リハの方針を尊重しながら、周囲の筋肉の状態や動作のクセを確認し、併用サポートとして関わります。治療方針の決定は行いません。

※膝が急に腫れる、体重をかけられない、ガクッと崩れる、ふくらはぎの強い痛みや腫れがある場合は、整形外科など医療機関を受診してください。

岐阜県瑞穂市（穂積駅）で膝のケガの復帰でお悩みの方は、みつむら接骨院へご相談ください。詳しくは下記の記事もご覧ください。"
yakyu-hiji-support-B,276,野球,B,野球肘のサポーター・テーピングの使い方と注意点｜瑞穂市,https://www.058-327-7771.net/yakyu-hiji-support/,2026-09-07,"岐阜県瑞穂市（穂積駅）で、野球肘のサポーターやテーピングを上手に使いたいと探している方へ。

補助具はあくまで補助であり、痛みの原因を取り除くものではありません。使う場面と外す時間を決めることが大切と考えられています。

使うときに意識したいこと
・練習中の補助として使い、痛みを隠す目的にはしない
・締めつけが強すぎないか、指先のしびれや色の変化を確認する
・帰宅後や就寝時は外して肘を休ませる
・皮膚が赤くなったりかぶれたりしたら中止する
・並行して肩甲骨と股関節のストレッチを続ける

補助具をつけても痛みが変わらない場合は、ご相談ください。当院では肘の状態と投球時の体の使い方を確認し、使い方の相談にも応じます。診断や投球再開の判断は整形外科の役割ですので、必要に応じて受診をおすすめします。

※強い痛み、しびれ、腫れ、肘が動かしにくいときは、補助具をやめて早めに整形外科を受診してください。

岐阜県瑞穂市（穂積駅）で野球肘の方は、みつむら接骨院へご相談ください。詳しくは下記の記事もご覧ください。"
sokuwan-keido-mitame-B,86,側弯症,B,軽度の側弯症との向き合い方｜岐阜・瑞穂で家庭の見守りを,https://www.058-327-7771.net/sokuwan-keido-mitame/,2026-07-30,"岐阜県瑞穂市（穂積駅）で、軽度の側弯症について自分でできることを探している方へ。

軽度の場合、多くは経過観察が中心になると考えられます。「治す」より「過ごしやすくする」視点が助けになります。見た目の悩みは、思春期の心にも影響しやすい点に配慮が必要です。

家庭で意識したいこと
・見た目を指摘せず、本人の話を聞く姿勢をもつ
・定期的な受診や検診の予定を守る
・体を動かす楽しさを大切にし、好きな運動を続ける
・長時間の同じ姿勢を避け、休憩をはさむ
・服装や髪型など、気持ちが楽になる工夫を一緒に考える

セルフケアで背中の張りやだるさに変化が乏しければ、ご相談ください。みつむら接骨院では、姿勢や筋肉の状態、体の使い方を確認し、負担を減らす方向でお話しします。背骨の曲がりを矯正するものではありません。

※強い背部痛、息苦しさ、手足のしびれ、急な進行がある場合は整形外科を受診してください。

岐阜県瑞穂市（穂積駅）で軽度の側弯症の過ごし方にお悩みの方は、みつむら接骨院へご相談ください。詳しくは下記の記事もご覧ください。"
soccer-kakato-B,184,サッカー,B,少年サッカーのかかとの痛み｜家庭でできる見守りとケア,https://www.058-327-7771.net/soccer-kakato/,2026-07-31,"岐阜県瑞穂市（穂積駅）で、少年サッカーのかかとの痛み（シーバー病）について家庭でできることを探している保護者の方へ。

成長期は骨の成長に筋肉の柔軟性が追いつきにくく、かかとに負担が集まりやすい時期です。子ども本人が痛みを言い出しにくいこともあります。

家庭で意識したいこと
・歩き方やかかとをかばう様子がないか気にかける
・痛む時期は練習量やジャンプ動作を減らす
・ふくらはぎを、痛みのない範囲でやさしく伸ばす
・靴のサイズやかかとのクッション性を確認する
・「痛い」と言いやすい声かけを心がける

数日休んでも変化が乏しい場合は、ご相談ください。当院では、ふくらはぎの硬さ、足の使い方、姿勢を確認します。

※強い腫れ、体重をかけられない、夜も痛む場合は、整形外科を受診してください。成長期の練習の休止や復帰の判断は医師の役割です。

岐阜県瑞穂市（穂積駅）でお子さんのかかとの痛みが気になる方は、みつむら接骨院へご相談ください。詳しくは下記の記事もご覧ください。"
oyayubi-tsukiyubi-B,364,バレー＋一般症状,B,親指の突き指の過ごし方｜瑞穂市のセルフケアと受診の目安,https://www.058-327-7771.net/oyayubi-tsukiyubi/,2026-10-21,"岐阜県瑞穂市（穂積駅）で、親指の突き指について自分でできることを探している方へ。

親指は日常生活でよく使うため、つい無理をしてしまいがちです。まずは負担を減らす意識が大切と考えられます。

家庭で意識したいこと
・親指でのつまむ、ひねる、強く握る動作をなるべく控える
・腫れや熱っぽさがあるときは、タオルで包んだ氷で短時間冷やす
・親指を引っ張ったり、強く揉んだりしない
・テーピングは動きを補助する目的で、強く巻きすぎない
・痛みや腫れの経過をメモしておく

数日たっても痛みが変わらない、つまむ動作で力が入りにくいときは、ご相談ください。当院では親指や手首の動きと日常動作を確認し、生活の工夫をお伝えします。靭帯損傷や骨折かどうかの診断は、整形外科の役割です。

※指が曲がらない、変形している、強い腫れや変色、しびれがある場合は、骨折や靭帯損傷の疑いがあるため、早めに整形外科を受診してください。

岐阜県瑞穂市（穂積駅）で親指の突き指が気になる方は、みつむら接骨院へご相談ください。詳しくは下記の記事もご覧ください。"
kansetsushin-sonsho-B,320,肩腱板・神経・腱鞘炎・打撲骨折,B,投球時の肩の奥の痛み｜続けながらのケアと受診目安（瑞穂市）,https://www.058-327-7771.net/kansetsushin-sonsho/,2026-09-29,"岐阜県瑞穂市（穂積駅）で、投球時の肩の痛みについて自分でできることを探している方へ。

肩の奥の痛みは、関節唇だけでなく、腱板や肩甲骨の動きの影響などが重なることもあると考えられます。我慢して投げ続けると負担が増えることもあるため、早めに肩をいたわる習慣が大切です。

今日からできるセルフケア
・痛みが出る球数や強度で無理に続けない
・練習後は肩を冷やしすぎず、軽く動かして疲れを抜く
・肩甲骨や胸まわりをゆっくり動かして硬さをやわらげる
・投げる前にウォームアップを丁寧に行う
・下半身や体幹を使うフォームを意識する

セルフケアで変化が乏しいときや、痛みが繰り返すときはご相談ください。当院では、肩の動き、肩甲骨や背中の柔らかさ、フォームに関わる体の使い方を確認し、必要に応じて整形外科での検査をおすすめします。

※強い痛み、肩が外れるような感覚の繰り返し、しびれや脱力がある場合は、早めに整形外科を受診してください。

岐阜県瑞穂市（穂積駅）で肩の痛みを抱えながらスポーツを続けたい方は、みつむら接骨院へご相談ください。詳しくは下記の記事もご覧ください。"
zakotsu-naoru-zencho-B,6,坐骨神経痛,B,坐骨神経痛の回復期に意識したい過ごし方｜瑞穂市のセルフケア,https://www.058-327-7771.net/zakotsu-naoru-zencho/,2026-07-23,"岐阜県瑞穂市（穂積駅）で、坐骨神経痛の回復期について自分でできることを探している方へ。

痛みが和らいできた時期は、再びぶり返さないよう日常の動作を見直したい大切なタイミングと考えられます。

回復期に意識したいこと
・調子が良くても急に運動量を増やさない
・朝晩に無理のない範囲で歩き、体を動かす習慣をつくる
・座る時間が長いときは1時間に一度は立つ
・お尻や太ももの筋肉を強く伸ばしすぎない
・睡眠と休養を十分にとる

セルフケアを続けても痛みの変化が乏しい、または再び強まる場合はご相談ください。当院では姿勢や動きの癖、筋肉の緊張を確認し、日常での工夫をお伝えします。ご自身の生活や仕事の状況に合わせてお話をうかがいます。

※足に力が入らない、排尿・排便がしにくいといった症状があるときは、すぐに整形外科を受診してください。

岐阜県瑞穂市（穂積駅）で坐骨神経痛の回復期の過ごし方に迷う方は、みつむら接骨院へご相談ください。詳しくは下記の記事もご覧ください。"
zutsu-kotobu-B,148,頭痛,B,後頭部の頭痛のセルフケアと受診の目安｜岐阜県瑞穂市,https://www.058-327-7771.net/zutsu-kotobu/,2026-07-31,"岐阜県瑞穂市（穂積駅）で、後頭部の頭痛について自分でできることを探している方へ。

デスクワークやスマホ時間が長いと、首の付け根に負担がたまりやすくなると考えられます。まずは首への負担を減らす工夫から始めてみましょう。

今日からできるセルフケア
・首の後ろから肩を蒸しタオルなどで温める
・あごを軽く引き、頭が前に出ないよう意識する
・スマホを目線の高さで持つ
・枕の高さが合っているか見直す
・30分から1時間に1回は立ち上がって肩を回す

セルフケアで変化が乏しい場合や、繰り返し起こる場合は、ご相談ください。当院では首の動き、肩甲骨まわり、姿勢を確認します。頭痛の原因の確認は医療機関の役割で、当院はその前提で体の使い方を整えます。

市販薬に頼る日が増えている場合は、薬の使いすぎによる頭痛の可能性もあるため、医療機関にご相談ください。

※突然の激しい頭痛、ろれつが回らない、手足の麻痺やしびれ、物が二重に見える、発熱と首の硬直を伴う場合は、すぐに救急や医療機関を受診してください。

岐阜県瑞穂市（穂積駅）で後頭部の頭痛のセルフケアにお悩みの方は、みつむら接骨院へご相談ください。詳しくは下記の記事もご覧ください。"
hangetsuban-B,230,スポーツ障害一般,B,半月板の痛みが気になる時の過ごし方と受診の目安｜瑞穂市,https://www.058-327-7771.net/hangetsuban/,2026-08-15,"岐阜県瑞穂市（穂積駅）で、半月板損傷が気になる膝の痛みについて、自分でできることを探している方へ。

半月板が傷んだ膝は、捻る動きや深い曲げ伸ばしで負担が増えやすいと考えられます。検査で状態を確認したうえで、日常の工夫を重ねていくことが大切です。

今日からできる家庭での工夫
・深くしゃがむ、正座、捻りながら立つ動作を控えめにする
・階段は手すりを使い、膝に体重をかけすぎない
・膝が引っかかる時は無理に動かさず、一度休む
・太ももの筋肉を、痛みのない範囲でやさしく動かす
・膝の水や腫れが強い時は、運動を控えて様子を見る

改善が乏しい場合は、まず整形外科での検査をおすすめします。そのうえで、みつむら接骨院では、医師の診断を尊重しながら、周囲の筋肉の状態や動き方を確認し、併用サポートを行います。

※膝が動かなくなる、急な腫れ、熱っぽさ、体重をかけられない痛みがある場合は、すぐ医療機関を受診してください。

岐阜県瑞穂市（穂積駅）で膝の違和感が気になる方は、みつむら接骨院へご相談ください。詳しくは下記の記事もご覧ください。"
soccer-hiza-B,186,サッカー,B,サッカーの膝の痛みを続けながらケアする方法（瑞穂市）,https://www.058-327-7771.net/soccer-hiza/,2026-07-31,"岐阜県瑞穂市（穂積駅）で、サッカーの膝の痛みについて自分でできることを探している方へ。

膝は股関節や足首の動きの影響を受けやすく、膝だけに目を向けても負担が減らないことがあります。

続けながら意識したいセルフケア
・痛む場所と、どの動作で痛むかをメモしておく
・太ももの前・外側・裏を、痛みのない範囲でほぐす
・着地やターンで、膝とつま先の向きをそろえる
・練習量が増えた時期は、休息日を意識してつくる
・ジャンプやキックの本数を一時的に減らす

数日続けても痛みが変わらない場合は、ご相談ください。当院では、膝まわりの状態に加え、股関節・足首の動きや姿勢、体の使い方を確認します。

※膝が伸びない・曲がらない、大きな腫れ、体重をかけられない、膝の裏の腫れや脚全体の張りがある場合は、医療機関を受診してください。靭帯・半月板の判断は整形外科の役割です。

岐阜県瑞穂市（穂積駅）で膝の痛みが気になる方は、みつむら接骨院へご相談ください。詳しくは下記の記事もご覧ください。"
suberi-corset-B,110,すべり症・分離症,B,すべり症のコルセット｜反らさない工夫と受診の目安｜瑞穂市,https://www.058-327-7771.net/suberi-corset/,2026-07-30,"岐阜県瑞穂市（穂積駅）で、すべり症の腰の負担を減らす方法を探している方へ。

コルセットは補助にはなりますが、日々の動き方を見直すことも大切と考えられます。

日常で意識したい工夫
・物を持つときは膝を曲げ、体に近づけて持ち上げる
・洗顔や掃除の前かがみでは、片手を台についてから動く
・腰を強く反らすストレッチや運動は避ける
・座りっぱなしを避け、30分に一度は立ち上がる
・コルセットを使う場合は、着用時間を医師に確認する

こうした工夫で変化が乏しい場合や、痛みが強まる場合は、早めの受診・相談をおすすめします。当院では、姿勢や動作のクセ、体幹まわりの筋肉の状態を確認し、医療機関の診断を前提にサポートします。

※足の脱力、排尿・排便のトラブルがある場合は、すぐに整形外科を受診してください。

岐阜県瑞穂市（穂積駅）ですべり症のコルセットや日常動作でお悩みの方は、みつむら接骨院へご相談ください。詳しくは下記の記事もご覧ください。"
hiza-ura-B,366,バレー＋一般症状,B,膝の裏の痛みへのセルフケア｜瑞穂市で意識したい予防と注意点,https://www.058-327-7771.net/hiza-ura/,2026-10-22,"岐阜県瑞穂市（穂積駅）で、膝の裏の痛みについて自分でできることを探している方へ。

膝の裏の痛みは、原因の確認が先という点に注意が必要です。そのうえで、日常で負担を減らす工夫は意識できます。

今日からできること
・痛みが強い時期は、深くしゃがむ、正座するなどの動作を控える
・長時間同じ姿勢が続くときは、こまめに立ち上がって足を動かす
・お風呂で温め、太もも裏やふくらはぎを軽くゆるめる
・運動前後にはゆっくりした準備運動と整理運動をする
・膝を曲げ伸ばししすぎず、痛みと相談しながら動く

セルフケアで変化が乏しい、腫れや痛みが続く場合はご相談ください。当院では膝や股関節、足首の動き、歩き方を確認します。まずは整形外科などでの確認が大切で、診断は医療機関の役割です。

※膝の裏やふくらはぎの強い腫れ・痛み・熱感・赤み、息苦しさ、胸の痛みがある場合は、深部静脈血栓症の可能性があるため、すぐに医療機関を受診し、症状が強いときは救急要請をしてください。

岐阜県瑞穂市（穂積駅）で膝の裏の痛みが気になる方は、みつむら接骨院へご相談ください。詳しくは下記の記事もご覧ください。"
gojukata-shijukata-chigai-B,66,五十肩,B,四十肩・五十肩に共通する対処の基本｜岐阜県瑞穂市,https://www.058-327-7771.net/gojukata-shijukata-chigai/,2026-07-30,"岐阜県瑞穂市（穂積駅）で、四十肩・五十肩について自分でできることを探している方へ。

呼び名が違っても、肩の状態に合わせた過ごし方は共通する部分が多いと言われています。

【共通して意識したい対処】
・痛みが強い時期は、重い物を持つ、腕を無理に伸ばす動作を控える
・寝るときは、痛い側を上にして、クッションで腕を支える
・痛みが落ち着いている時期は、入浴後に腕を小さく動かして硬さをやわらげる
・肩だけでなく、肩甲骨や背中もゆっくり動かして力みを抜く
・痛みが増す動きはその日は中止し、反動はつけない

数週間続けても変化が乏しい、夜の痛みが強まっているときは、ご相談ください。当院では、肩の動く範囲、首や肩甲骨まわりの筋肉の緊張、日常の姿勢や腕の使い方を確認します。

※夜間の強い痛みが長引く、腕に力が入らない、しびれや胸の締めつけを伴う場合は、整形外科などの医療機関を受診してください。

岐阜県瑞穂市（穂積駅）で四十肩・五十肩の対処にお悩みの方は、みつむら接骨院へご相談ください。詳しくは下記の記事もご覧ください。"
herunia-hayaku-naosu-B,46,椎間板ヘルニア,B,椎間板ヘルニアの回復を支える過ごし方｜岐阜県瑞穂市,https://www.058-327-7771.net/herunia-hayaku-naosu/,2026-07-25,"岐阜県瑞穂市（穂積駅）で、椎間板ヘルニアの回復を支える過ごし方を探している方へ。

特別な方法より、毎日の生活の整え方が経過に影響すると考えられています。焦らず続けられる工夫を見直してみましょう。

回復を支える家庭での意識
・夜はしっかり眠り、体を休める時間を確保する
・痛みが出ない範囲で、短い散歩など軽く動く習慣を残す
・座りっぱなしを避け、こまめに立ち上がる
・体を冷やしすぎず、入浴などで無理なく温める
・食事や水分を整え、体の回復に必要な環境をつくる

数週間続けても変化が乏しい場合や、痛みが強まる場合は、早めにご相談ください。当院では、姿勢や筋肉の状態、日常の動作のクセを確認し、生活の中で負担を減らす具体的な工夫をお伝えします。

※足に力が入らない、強い麻痺、排尿・排便がうまくできないといった症状がある場合は、すぐに整形外科を受診してください。

岐阜県瑞穂市（穂積駅）で椎間板ヘルニアの回復を考える方は、みつむら接骨院へご相談ください。詳しくは下記の記事もご覧ください。"
yakyu-hiji-stretch-B,278,野球,B,野球肘のストレッチと自宅でできるケア｜痛みのない範囲で,https://www.058-327-7771.net/yakyu-hiji-stretch/,2026-09-08,"岐阜県瑞穂市（穂積駅）で、野球肘のストレッチを自宅で行いたいと探している方へ。

痛みを我慢して強く伸ばすと、かえって負担が増えるおそれがあります。痛みの出ない範囲で、肘以外の部位を整える考え方が大切と考えられています。

今日からできるセルフケア
・股関節まわりを、反動をつけずに20〜30秒ゆっくり伸ばす
・壁に手をついて胸を開き、肩甲骨を動かす
・手首から前腕をやさしく伸ばす（痛みが出たら中止）
・肩甲骨を寄せて下げる動きをゆっくり繰り返す
・入浴後の温まった状態で行い、終わったら休む

続けても変化が乏しい場合は、ご相談ください。当院では、肘の状態、肩甲骨や股関節の動き、投球時の体の使い方を確認します。診断や投球の再開時期は整形外科の医師の判断が優先ですので、必要に応じて受診をおすすめします。

※強い痛み、しびれ、腫れ、肘の引っかかりがあるときは、中止して早めに整形外科を受診してください。

岐阜県瑞穂市（穂積駅）で野球肘の方は、みつむら接骨院へご相談ください。詳しくは下記の記事もご覧ください。"
soccer-koshi-B,188,サッカー,B,サッカーの腰痛｜反らさない対処と受診の目安（瑞穂市）,https://www.058-327-7771.net/soccer-koshi/,2026-07-31,"岐阜県瑞穂市（穂積駅）で、サッカーの腰の痛みについて自分でできることを探している方や保護者の方へ。

成長期の腰痛は、体を反らす動きの繰り返しが関わることがあり、分離症の可能性も考えられます。自己判断で続けず、まず負担を減らしましょう。

反らさない対処と受診の目安
・腰を強く反らす動きやキックの回数をいったん減らす
・股関節や太もも裏の硬さを、痛みのない範囲でほぐす
・お腹まわりを使った、腰に負担の少ない体幹運動を取り入れる
・痛みが2週間ほど続くようなら、整形外科の受診を検討する
・痛みを我慢せず、周囲に伝えられる環境をつくる

痛みが続く場合は早めに整形外科でご確認ください。当院では、診断を前提に、股関節・姿勢・体幹の使い方を確認します。休止や復帰の判断は医師の指示に従ってください。

※足のしびれや脱力、排尿・排便の異常がある場合は、すぐ医療機関を受診してください。

岐阜県瑞穂市（穂積駅）で成長期の腰痛が気になる方は、みつむら接骨院へご相談ください。詳しくは下記の記事もご覧ください。"
chubukan-shokogun-B,322,肩腱板・神経・腱鞘炎・打撲骨折,B,小指のしびれ｜肘に負担をかけない工夫と受診目安（瑞穂市）,https://www.058-327-7771.net/chubukan-shokogun/,2026-09-30,"岐阜県瑞穂市（穂積駅）で、小指や薬指のしびれについて自分でできることを探している方へ。

肘部管症候群が疑われる場合、肘の内側の神経に負担がかからない姿勢を意識することが大切です。日常のちょっとした工夫で、しびれの感じ方が変わる方もいると考えられます。

家庭で意識したいこと
・肘を深く曲げたままの姿勢を長く続けない
・机やひじ掛けに肘の内側を強く押し付けない
・スマホや通話は、手を持ちかえながら行う
・寝るときは肘を曲げすぎないよう、タオルなどで軽く支える
・首や肩の力を抜き、こまめに姿勢をリセットする

こうした工夫でも変化が乏しいときや、しびれが続くときはご相談ください。当院では、肘だけでなく首、肩、胸まわりの姿勢や筋肉の状態を確認し、整形外科での検査が望ましいかもお伝えします。

※握力低下や指が動かしにくい状態が続く場合は、整形外科を受診してください。突然のろれつ困難、顔や片側の手足の麻痺やしびれがある場合は、脳卒中の可能性があるため、ためらわず119番で救急要請をしてください。

岐阜県瑞穂市（穂積駅）で小指のしびれにお悩みの方は、みつむら接骨院へご相談ください。詳しくは下記の記事もご覧ください。"
kyosaku-check-B,26,脊柱管狭窄症,B,脊柱管狭窄症のサインを日常で確認｜瑞穂市の接骨院,https://www.058-327-7771.net/kyosaku-check/,2026-07-24,"岐阜県瑞穂市（穂積駅）で、脊柱管狭窄症のサインに早く気づくために自分でできることを探している方へ。

症状は「歩いたとき」「立ち続けたとき」に出やすく、日常の中で気づけることが多いと考えられます。

日常で確認したいポイント
・歩き始めから足がしびれるまでの時間や距離を確認する
・前かがみで休むと楽になるか試す
・自転車では楽なのに、歩くとつらいか振り返る
・しびれが片脚か両脚か、範囲はどこかを記録する
・立っているときの腰の反り具合を鏡で確認する

いくつか当てはまる場合や、変化が乏しく不安が続く場合はご相談ください。当院では、姿勢や立ち方、歩き方、股関節・背中の動きを確認します。あわせて、整形外科での検査が必要な状態かも一緒に考えます。

※足の脱力、排尿・排便のトラブル、会陰部のしびれがある場合は、すぐに医療機関を受診してください。

岐阜県瑞穂市（穂積駅）で脊柱管狭窄症の早めの気づきが大切な方は、みつむら接骨院へご相談ください。詳しくは下記の記事もご覧ください。"
komuragaeri-B,232,スポーツ障害一般,B,こむら返り予防のセルフケア｜運動前後と就寝前の工夫,https://www.058-327-7771.net/komuragaeri/,2026-08-16,"岐阜県瑞穂市（穂積駅）で、スポーツ中や就寝中の足のつりについて、自分でできることを探している方へ。

足がつる原因は、疲労や水分不足、冷えなどが重なることが多いと考えられます。日々の準備で、起こりにくい状態を目指しましょう。

今日からできる予防の工夫
・運動の前後や運動中に、こまめに水分をとる
・運動前にふくらはぎと太もも裏を軽く動かして温める
・運動後は、ふくらはぎをゆっくり伸ばす
・就寝前に、ふくらはぎを軽く伸ばして冷えを避ける
・つった時は、つま先を体の方へ引きながら、ゆっくり伸ばす

対策をしても繰り返す場合は、ご相談ください。みつむら接骨院では、ふくらはぎや足首、股関節周りの筋肉の状態、足の使い方を確認し、負担を減らす工夫をお伝えします。

※片脚だけのむくみ・赤み・強い痛み、足の力が入らない、しびれがある、頻繁に繰り返す場合は、医療機関を受診してください。

岐阜県瑞穂市（穂積駅）で足のつりが気になる方は、みつむら接骨院へご相談ください。詳しくは下記の記事もご覧ください。"
shagamu-hiza-B,368,バレー＋一般症状,B,しゃがむ膝の痛み｜瑞穂市でできるセルフケアと予防の工夫,https://www.058-327-7771.net/shagamu-hiza/,2026-10-23,"岐阜県瑞穂市（穂積駅）で、しゃがむと膝が痛い症状について自分でできることを探している方へ。

しゃがむ動作の負担は、膝だけでなく股関節や足首の柔軟性、太ももの筋肉の使い方にも左右されると考えられます。

今日からできるセルフケア
・痛みが強い時期は深くしゃがまず、椅子や台を使う
・立ち上がるときは、手を膝や台について負担を分散する
・太ももの前後、ふくらはぎをお風呂上がりにゆっくり伸ばす
・体重が片側にかかりすぎないよう、両足でバランスよく立つ
・足に合ったクッション性のある靴を選ぶ

こうしたセルフケアで変化が乏しい場合は、ご相談ください。当院では膝・股関節・足首の動き、立ち方や歩き方を確認し、負担の少ない動作をご提案します。関節内の状態の診断は整形外科の役割となります。

※膝の強い腫れや熱感、動かせないほどの痛み、体重をかけられない、膝が引っかかって動かない場合は、早めに整形外科を受診してください。

岐阜県瑞穂市（穂積駅）でしゃがむ膝の痛みが続く方は、みつむら接骨院へご相談ください。詳しくは下記の記事もご覧ください。"
sokuwan-rougo-B,88,側弯症,B,側弯症の将来に備える｜岐阜・瑞穂で今日から続けたい習慣,https://www.058-327-7771.net/sokuwan-rougo/,2026-07-30,"岐阜県瑞穂市（穂積駅）で、側弯症の将来に備えて自分でできることを探している方へ。

側弯症があっても、年齢を重ねて過ごしやすさを保つために日頃できることはあります。ただし、生活習慣で背骨の曲がりを治せるわけではなく、整形外科での定期的な確認が前提になります。

今日から意識したい習慣
・毎日少しずつ歩き、足腰の筋力を保つ
・長時間の同じ姿勢を避け、こまめに立ち上がる
・重い荷物を片側に持ち続けない
・体重管理や食事で、背骨への負担を増やしすぎない
・気になる変化を記録し、受診時に伝える

続けているうちに、背中や腰の痛みが強くなる、歩ける距離が短くなるなどの変化がみられたら、早めの相談が安心と考えられます。

みつむら接骨院では、姿勢や筋肉の状態、動き方を確認し、負担のかかりやすい部分のケアをご提案します。背骨の状態の評価や治療方針は、整形外科の役割です。

※強い背部痛、息苦しさ、手足のしびれや脱力、急な進行がある場合は整形外科を受診してください。

岐阜県瑞穂市（穂積駅）で側弯症の将来が気になる方は、みつむら接骨院へご相談ください。詳しくは下記の記事もご覧ください。"
yakyu-hiji-kenshin-B,280,野球,B,野球肘検診の受け方と家庭でできる早期発見のヒント｜瑞穂市,https://www.058-327-7771.net/yakyu-hiji-kenshin/,2026-09-09,"岐阜県瑞穂市（穂積駅）で、野球肘の早期発見のために自分でできることを探している方へ。

初期の外側型は痛みが少ないことがあり、本人の訴えだけでは分からない場合があります。家庭での観察と検診の活用が大切と考えられています。

家庭で意識したいこと
・肘を伸ばしたときの左右差を定期的に見る
・投球後に肘の痛みや違和感がないか声をかける
・成長期は季節の変わり目や練習量が増えた時期に特に注意する
・検診の機会があれば活用し、結果は医師に相談する
・違和感があるときは投球を控えて早めに受診する

検診で指摘されたときや、違和感が続くときは、まず整形外科で画像検査を受けてください。当院では、診断後のサポートとして、肘に負担をかけにくい体の使い方や全身の動きを確認します。投球再開の判断は医師が行います。

※強い痛み、しびれ、肘が動かしにくいとき、引っかかって動かないときは、すぐに整形外科を受診してください。

岐阜県瑞穂市（穂積駅）で野球肘の方は、みつむら接骨院へご相談ください。詳しくは下記の記事もご覧ください。"
zutsu-taisho-B,150,頭痛,B,頭痛が起きたときの対処法と受診の目安｜岐阜県瑞穂市,https://www.058-327-7771.net/zutsu-taisho/,2026-07-31,"岐阜県瑞穂市（穂積駅）で、頭痛が起きたときに自分でできることを探している方へ。

頭痛は痛み方によって、楽な対処が異なると考えられます。まずは今の痛みがどのタイプに近いかを落ち着いて確認しましょう。

今すぐできる対処
・脈打つ痛みは、暗く静かな場所で休み、こめかみを冷やす
・締め付ける痛みは、首肩を温めて軽く動かす
・水分をとり、空腹や寝不足を見直す
・画面を見る時間を減らし、目を休める
・いつ、どこが、どんな痛みかをメモしておく

頭痛が頻繁に起こる場合や、セルフケアで変化が乏しい場合は、ご相談ください。当院では首肩の筋肉、姿勢、動き方を確認し、体の使い方の面から整えるお手伝いをします。頭痛の原因の確認は医療機関の役割です。

市販薬を頻繁に使う状態が続くときは、薬の使いすぎによる頭痛の可能性もあるため、医療機関にご相談ください。

※突然の激しい頭痛、ろれつが回らない、手足の麻痺やしびれ、物が二重に見える、発熱と首の硬直を伴う場合は、すぐに救急や医療機関を受診してください。

岐阜県瑞穂市（穂積駅）で頭痛を早く楽にしたい方は、みつむら接骨院へご相談ください。詳しくは下記の記事もご覧ください。"
soccer-kodomo-B,190,サッカー,B,子どものサッカー怪我を防ぐ家庭の見守り（岐阜県瑞穂市）,https://www.058-327-7771.net/soccer-kodomo/,2026-07-31,"岐阜県瑞穂市（穂積駅）で、小学生・中学生のサッカーの怪我の予防や対処について、家庭でできることを探している保護者の方へ。

成長期の子どもは、痛みがあっても練習を休みたがらないことがあります。周囲の大人の気づきが大切です。

家庭で意識したいこと
・歩き方や靴の脱ぎ方など、痛みをかばうしぐさに気づく
・練習後に「どこか痛くない？」と声をかける習慣をつくる
・睡眠と食事をしっかりとり、疲れをためすぎない
・練習や試合が続く時期は、休息日を意識する
・痛みが続く場合は、自己判断で続けさせない

数日休んでも変化が乏しい、繰り返す場合はご相談ください。当院では、姿勢、筋肉の硬さ、体の使い方を確認します。

※強い痛み、腫れ、変形、頭を打った後の様子がおかしい場合は、プレーを中止して医療機関・救急へ。成長期の怪我の診断や復帰の判断は医師の役割です。

岐阜県瑞穂市（穂積駅）でお子さんの怪我が気になる方は、みつむら接骨院へご相談ください。詳しくは下記の記事もご覧ください。"
gifu-yotsu-byoin-B,130,腰痛×岐阜ローカル,B,腰痛で病院へ行く目安｜岐阜・瑞穂市で迷ったときのチェック,https://www.058-327-7771.net/gifu-yotsu-byoin/,2026-07-31,"岐阜県瑞穂市（穂積駅）で、腰痛で病院に行くべきか判断するために、自分でできる確認を探している方へ。

腰痛の中には、早めの検査が望ましいものもあります。受診の目安を知っておくことが、安心につながると考えられます。

受診を考えたい目安
・数日休んでも痛みが軽くならない
・夜間やじっとしていても痛む
・足のしびれや力の入りにくさがある
・転倒や事故のあとから痛みが出た
・以前より痛みの範囲が広がっている

これらに当てはまる場合は、整形外科での確認をおすすめします。受診するか迷うときや、検査後の過ごし方に悩むときは、みつむら接骨院へご相談ください。痛みの出方や姿勢、動き方を確認し、医療機関の受診が望ましいかどうかをお伝えします。

※発熱を伴う腰痛、安静でも治まらない強い痛み、足の脱力、排尿・排便のトラブルがある場合は、すぐ医療機関を受診してください。

岐阜県瑞穂市（穂積駅）で腰痛の受診に迷う方は、みつむら接骨院へご相談ください。詳しくは下記の記事もご覧ください。"
hiza-mizu-B,370,バレー＋一般症状,B,膝に水がたまるときの過ごし方｜瑞穂市の負担を減らすセルフケア,https://www.058-327-7771.net/hiza-mizu/,2026-10-24,"岐阜県瑞穂市（穂積駅）で、膝に水がたまる症状について自分でできることを探している方へ。

膝に水がたまる背景には、関節内の炎症など医療機関で確認すべき原因があると考えられます。そのうえで、日常の負担を減らす工夫は意識できます。

家庭で意識したいこと
・腫れや痛みが強い時期は、階段や長時間の歩行、正座を控える
・強い熱感があるときは、無理に温めず様子を見る
・体重が膝にかかりすぎないよう、姿勢や歩き方を意識する
・太ももの筋肉を、痛みの出ない範囲でゆるやかに動かす
・腫れの程度や痛みの変化をメモして受診時に伝える

セルフケアで変化が乏しい、腫れが繰り返すときは、ご相談ください。当院では膝、股関節、足首の動きや立ち方を確認します。関節内の診断や水を抜くかどうかの判断は、整形外科の役割です。

※膝の強い痛みとともに、赤み・熱感・発熱がある場合は関節の感染の可能性があるため、すぐに医療機関を受診してください。

岐阜県瑞穂市（穂積駅）で膝の水が気になる方は、みつむら接骨院へご相談ください。詳しくは下記の記事もご覧ください。"
zakotsu-naoranai-B,8,坐骨神経痛,B,長引く坐骨神経痛への向き合い方｜岐阜県瑞穂市で見直す暮らし,https://www.058-327-7771.net/zakotsu-naoranai/,2026-07-23,"岐阜県瑞穂市（穂積駅）で、長引く坐骨神経痛に対して自分でできることを探している方へ。

痛みが続くときは、焦って強い刺激を加えるより、生活の中の負担を一つずつ減らす方が体に優しいと考えられます。

今日から見直したい生活のポイント
・座面が低すぎる椅子や深く沈むソファを避ける
・長時間の運転や作業では、途中で車外に出て体を伸ばす
・靴底がすり減った靴を使い続けない
・痛みが出ない範囲で毎日少しずつ歩く
・体を冷やさない服装や入浴を心がける

これらを続けても変化が乏しいときは、ご相談ください。当院では姿勢、歩き方、筋肉の緊張を確認し、日常での工夫をお伝えします。ご自身の生活や仕事の状況に合わせてお話をうかがいます。

※足に力が入らない、排尿・排便がしにくいといった症状があるときは、すぐに整形外科を受診してください。

岐阜県瑞穂市（穂積駅）で長引く坐骨神経痛にお悩みの方は、みつむら接骨院へご相談ください。詳しくは下記の記事もご覧ください。"
chubukan-stretch-B,324,肩腱板・神経・腱鞘炎・打撲骨折,B,肘部管症候群のセルフケア｜神経を刺激しにくい動かし方（瑞穂市）,https://www.058-327-7771.net/chubukan-stretch/,2026-10-01,"岐阜県瑞穂市（穂積駅）で、肘部管症候群のストレッチやセルフケアを探している方へ。

神経は強く引っ張ると逆効果になることもあります。ここでは、しびれの出ない範囲で行う、やさしい動かし方を意識しましょう。

今日からできるセルフケア
・しびれや痛みが出ない範囲で、ゆっくり行う
・肘を強く曲げ伸ばしする動きを繰り返さない
・首をゆっくり回し、肩の力を抜いて緊張をやわらげる
・胸を軽く開くように肩甲骨を動かす
・長時間の作業中は、1時間ごとに腕を休ませる

セルフケアでしびれの変化が乏しいときや、強くなるときは、ストレッチを中止してご相談ください。当院では、肘、首、肩、胸まわりの動きと姿勢を確認し、整形外科での検査が必要かどうかの目安もお伝えします。

※握力低下や指の動かしにくさが続く場合は整形外科を受診してください。突然のろれつが回らない、顔や片側の手足の麻痺がある場合は、脳卒中の可能性があるため、ためらわず119番で救急要請をしてください。

岐阜県瑞穂市（穂積駅）で小指のしびれにお悩みの方は、みつむら接骨院へご相談ください。詳しくは下記の記事もご覧ください。"
sankakukotsu-shogai-B,234,スポーツ障害一般,B,足首の後ろが痛む時のセルフケアと受診の目安｜瑞穂市,https://www.058-327-7771.net/sankakukotsu-shogai/,2026-08-17,"岐阜県瑞穂市（穂積駅）で、キックやつま先立ちで足首の後ろが痛み、自分でできることを探している方へ。

足首の後ろの痛みは、つま先を伸ばす動きの繰り返しが関わっていると考えられます。まずは負担を減らす視点で、日常を見直してみましょう。

今日からできるセルフケア
・痛む動作（強いキックやつま先立ちの連続）を控えめにする
・ふくらはぎを痛みのない範囲で、ゆっくり伸ばす
・足首を回して、動かせる範囲を確認する
・運動前に足首をよく動かして、温めてから始める
・靴が合っているか、かかとが安定しているか確認する

数日続けても変化が乏しい場合は、ご相談ください。みつむら接骨院では、足首やふくらはぎの状態、足の使い方を確認し、負担を減らす工夫をお伝えします。

※足首の腫れが強い、体重をかけられない、痛みが長引く、夜間も痛む場合は、整形外科で画像検査を受けてください。診断や手術の判断は医師の役割です。

岐阜県瑞穂市（穂積駅）で足首の痛みが気になる方は、みつむら接骨院へご相談ください。詳しくは下記の記事もご覧ください。"
soccer-fukki-B,192,サッカー,B,サッカーの怪我明け復帰の進め方｜岐阜・瑞穂市のセルフケア,https://www.058-327-7771.net/soccer-fukki/,2026-07-31,"岐阜県瑞穂市（穂積駅）で、サッカーの怪我明けの復帰に向けて自分でできることを探している方へ。

復帰直後は、痛みがなくても体が試合のペースに慣れていません。焦らず段階を踏むことが、再発を防ぐ近道になると考えられます。

復帰に向けて意識したいこと
・歩行や日常動作が痛みなくできることを確認する
・軽いジョグからはじめ、翌日の様子を見て強度を決める
・ダッシュ、切り返し、キックと動きを少しずつ増やす
・体幹や股関節まわりを整える運動もあわせて行う
・疲れが残る日は、思いきって休息にあてる

復帰の途中で違和感が出る、不安が残る場合はご相談ください。当院では、体の使い方、左右差、筋肉の硬さを確認します。

※痛みや腫れのぶり返し、力が入らない、強い違和感が続く場合は、医療機関を受診してください。復帰の許可や練習強度の判断は医師の役割です。

岐阜県瑞穂市（穂積駅）で怪我明けの復帰を目指す方は、みつむら接骨院へご相談ください。詳しくは下記の記事もご覧ください。"
yakyu-kata-B,282,野球,B,野球肩の予防と痛みの見直し｜フォームと受診の目安 瑞穂市,https://www.058-327-7771.net/yakyu-kata/,2026-09-10,"岐阜県瑞穂市（穂積駅）で、野球肩の予防やフォームの見直しについて自分でできることを探している方へ。

肩の痛みは、肩そのものだけでなく、下半身や体幹、肩甲骨の動きが投球に影響すると考えられています。

今日からできる予防とセルフケア
・投球後に肩の痛みや張り、腕の重だるさを確認する
・股関節や胸まわりを入浴後にゆっくり動かす
・肩甲骨を寄せて下げる動きを無理のない範囲で行う
・痛みが出たら我慢せず投球を中断する
・疲れが強い日は投げる量を減らして休養をとる

セルフケアで変化が乏しいときは、ご相談ください。当院では肩の動きに加え、肩甲骨・胸郭・股関節の使い方、投球時の姿勢を確認します。診断や投球再開の判断は整形外科の役割ですので、必要に応じて受診をおすすめします。

※強い痛み、しびれ、腕が上がらない、夜間に痛みで目が覚めるときは、早めに整形外科を受診してください。

岐阜県瑞穂市（穂積駅）で野球肩の方は、みつむら接骨院へご相談ください。詳しくは下記の記事もご覧ください。"
suberi-stretch-B,112,すべり症・分離症,B,すべり症のストレッチ｜反らさず股関節から動かす方法｜岐阜,https://www.058-327-7771.net/suberi-stretch/,2026-07-30,"岐阜県瑞穂市（穂積駅）で、すべり症のストレッチについて自分でできることを探している方へ。

腰そのものではなく、股関節や太ももの裏の動きを保つことが、腰の負担軽減につながると考えられます。

今日からできる反らさないケア
・仰向けで片膝を抱え、20秒ほどゆっくり呼吸する
・椅子に座り、背中を丸めすぎずに太ももの裏を軽く伸ばす
・横向きで膝を曲げ、お尻の筋肉をゆるめる意識で休む
・痛みが出たらすぐ中止し、腰を反らす動きは行わない
・お風呂上がりなど、体が温まっているときに行う

続けても変化が乏しい場合や、脚のしびれが強まる場合は、ご相談をおすすめします。当院では、股関節や骨盤の動き、腰まわりの筋肉の状態を確認し、医療機関の診断を前提にサポートします。

※足の脱力、排尿・排便のトラブルがある場合は、すぐに整形外科を受診してください。

岐阜県瑞穂市（穂積駅）ですべり症のストレッチでお悩みの方は、みつむら接骨院へご相談ください。詳しくは下記の記事もご覧ください。"
fukurahagi-supporter-B,372,バレー＋一般症状,B,ふくらはぎサポーターの選び方と使いどころ｜瑞穂市,https://www.058-327-7771.net/fukurahagi-supporter/,2026-10-25,"岐阜県瑞穂市（穂積駅）で、ふくらはぎのサポーターの使い方について自分でできることを探している方へ。

ふくらはぎは歩く・走る・跳ぶたびに働く筋肉で、疲れがたまると張りやつりにつながることがあります。サポーターは負担を外から補助する道具で、治療そのものではありません。

サポーターを使うときのポイント
・足の太さに合ったサイズを選び、きつすぎるものは避ける
・運動中や立ち仕事の間に使い、就寝時は外すことを基本にする
・しびれや冷え、皮膚の赤みが出たらいったん外す
・入浴後や就寝前にふくらはぎをゆっくり伸ばす
・水分をとり、同じ姿勢が続くときは足首を動かす

サポーターを使っても張りやつりが変わらない場合は、ご相談ください。当院では、ふくらはぎや足首の動き、歩き方、体の使い方を確認します。

※片側だけの急な腫れ・強い痛み・熱感・赤みがあるときや、息苦しさ・胸の痛みを伴うときは血栓の可能性があるため、すぐに医療機関を受診してください。

岐阜県瑞穂市（穂積駅）でふくらはぎの不調にお悩みの方は、みつむら接骨院へご相談ください。詳しくは下記の記事もご覧ください。"
gojukata-yakantsu-B,68,五十肩,B,五十肩の夜間痛を和らげる寝方の工夫｜瑞穂市の接骨院,https://www.058-327-7771.net/gojukata-yakantsu/,2026-07-30,"岐阜県瑞穂市（穂積駅）で、五十肩の夜の痛みについて自分でできることを探している方へ。

夜は肩を休ませたいのに、姿勢によっては痛みが増してしまいます。寝方を少し変えるだけで、負担が軽くなる場合があります。

【今夜から試せる寝方の工夫】
・痛い側を上にした横向きで、抱き枕を抱えて腕を支える
・仰向けのときは、肘の下にたたんだタオルやクッションを入れる
・痛い側を下にして寝ることは避ける
・枕は、首や肩が楽になる高さに調整する
・寝る前に入浴などで体を温め、痛みが増さない範囲で肩の力を抜く

工夫しても夜間の痛みが変わらない、眠れない日が続くときは、ご相談ください。当院では、肩の動きや首・肩甲骨まわりの筋肉の状態、普段の寝姿勢や日中の腕の使い方を確認します。

※夜間の強い痛みが長引く、安静にしても激しく痛む、発熱や胸の締めつけを伴う場合は、整形外科などの医療機関を受診してください。

岐阜県瑞穂市（穂積駅）で五十肩の夜間痛にお悩みの方は、みつむら接骨院へご相談ください。詳しくは下記の記事もご覧ください。"
herunia-itami-yawarageru-B,48,椎間板ヘルニア,B,椎間板ヘルニアの痛みを和らげる今日の工夫｜瑞穂市,https://www.058-327-7771.net/herunia-itami-yawarageru/,2026-07-25,"岐阜県瑞穂市（穂積駅）で、椎間板ヘルニアの痛みを和らげるために自分でできることを探している方へ。

痛みが強い時期は、治そうと頑張るより、痛みが出にくい環境を整えることが大切と考えられています。

今日からできる痛みの和らげ方
・仰向けで膝の下にクッションを入れ、腰の力を抜いて休む
・横向きで膝の間に枕をはさみ、腰がねじれないようにする
・痛む場所が温めて楽なら、入浴などで無理なく温める
・長く座るときは、背もたれとの間にタオルを入れて支える
・痛みが増す動作は一旦控え、楽な動きだけ続ける

これらを行っても痛みが和らがない、夜に強く痛むといった場合は、ご相談ください。当院では、痛みが出る姿勢や動作、筋肉の緊張の状態を確認し、ご自宅での工夫をお伝えします。

※足に力が入らない、強い麻痺、排尿・排便がうまくできないといった症状がある場合は、すぐに整形外科を受診してください。

岐阜県瑞穂市（穂積駅）で椎間板ヘルニアの痛みが気になる方は、みつむら接骨院へご相談ください。詳しくは下記の記事もご覧ください。"
zutsu-tsubo-B,152,頭痛,B,頭痛時のツボ押しの注意点と受診の目安｜岐阜県瑞穂市,https://www.058-327-7771.net/zutsu-tsubo/,2026-07-31,"岐阜県瑞穂市（穂積駅）で、頭痛のツボ押しを安全に試したい方へ。

ツボは、首肩や頭まわりの筋肉をやさしくゆるめるきっかけとして使えると考えられます。ただし、強い刺激は避け、あくまで補助的なセルフケアとして取り入れてください。

安全なツボ押しのポイント
・押す強さは、痛気持ちいい程度の弱い力にとどめる
・1か所につき、息を吐きながら3〜5秒ほどを数回
・頭痛が強い最中は無理に押さず、まず休む
・押したあとに痛みが増えたら、すぐにやめる
・首の後ろを温めてから行うと、やさしく押しやすい

ツボ押しで変化が乏しい場合や、頭痛が繰り返す場合は、ご相談ください。当院では首肩の筋肉の状態や姿勢を確認し、体の使い方の面から整えるお手伝いをします。頭痛の原因の確認は医療機関の役割です。

市販薬を頻繁に飲まないと過ごせない場合は、薬の使いすぎによる頭痛の可能性もあるため、医療機関にご相談ください。

※突然の激しい頭痛、ろれつが回らない、手足の麻痺やしびれ、物が二重に見える、発熱と首の硬直を伴う場合は、すぐに救急や医療機関を受診してください。

岐阜県瑞穂市（穂積駅）で頭痛のツボ押しにお悩みの方は、みつむら接骨院へご相談ください。詳しくは下記の記事もご覧ください。"
daigo-chusokkotsu-B,236,スポーツ障害一般,B,ジョーンズ骨折が心配なときの過ごし方と復帰の考え方｜瑞穂市,https://www.058-327-7771.net/daigo-chusokkotsu/,2026-08-18,"岐阜県瑞穂市（穂積駅）で、足の外側の痛みについて自分でできることを探している方へ。

第五中足骨への負担は、走り込みの増加、足に合わないスパイク、足の使い方のクセなどが重なると強まると考えられます。骨折が疑われる場合に自分でできることは限られますので、次の点を意識してみてください。

復帰に向けて意識したいこと
・痛みを我慢して練習や試合を続けない
・診断がつくまでは足の外側に強い荷重をかけない
・ふくらはぎや足裏の硬さを、痛くない範囲でやさしくゆるめる
・立ったときに足の外側へ体重が乗りすぎていないか確認する
・復帰後は練習量を急に増やさず、段階的に戻す

復帰の時期や運動再開の許可は医師が判断します。痛みが続く、または変化が乏しいときは、先に整形外科で画像検査を受けてください。そのうえで、当院では足首や足裏の動き、ふくらはぎの硬さ、体重の乗せ方などを確認し、診断後のサポートとして体の使い方を整えるお手伝いをします。

※強い腫れや変形、体重をかけられないほどの痛みがあるときは、早めに整形外科を受診してください。

岐阜県瑞穂市（穂積駅）で足の外側の痛みが気になる方は、みつむら接骨院へご相談ください。詳しくは下記の記事もご覧ください。"
soccer-okyu-B,194,サッカー,B,サッカーの怪我 現場でできる応急対応と受診の目安｜瑞穂市,https://www.058-327-7771.net/soccer-okyu/,2026-07-31,"岐阜県瑞穂市（穂積駅）で、サッカーの怪我への備えや現場での対応を探している方へ。

怪我の直後の対応は、その後の経過に影響すると考えられています。慌てずに確認すべき点を知っておくと安心です。

今日からできる備えと対応
・まずプレーを止め、痛む部位を無理に動かさない
・氷のうなどで15〜20分ほど冷やし、圧迫や挙上で安静を保つ
・痛みの場所、腫れの有無、体重をかけられるかを確認する
・患部を強くもんだり、温めたりするのは避ける
・翌日以降も痛みや腫れが続く場合は、記録を残して相談する

応急処置で落ち着いても、痛みが長引く場合は相談をおすすめします。当院では、痛みの出方や動かしたときの状態、周囲の筋肉の緊張、体の使い方を確認し、必要に応じて整形外科の受診をおすすめします。

※骨折や脱臼が疑われる変形、強い腫れ、我慢できない痛み、頭を打った後の吐き気や意識の混濁がある場合は、プレーを中止し、すぐ医療機関や救急を受診してください。

岐阜県瑞穂市（穂積駅）でサッカーの怪我でお困りの方は、みつむら接骨院へご相談ください。詳しくは下記の記事もご覧ください。"
sokuwan-check-B,90,側弯症,B,側弯症かも？と思ったら｜岐阜・瑞穂で家庭でできる確認と受診目安,https://www.058-327-7771.net/sokuwan-check/,2026-07-30,"岐阜県瑞穂市（穂積駅）で、側弯症かもしれないと感じ、自分でできることを探している方へ。

背中の左右差は、ご家庭でも気づけることがあります。ただし、セルフチェックはあくまで目安で、診断ではありません。確認と受診のきっかけとして活用してください。

家庭でできる確認のポイント
・後ろから見て、肩の高さや肩甲骨の位置を比べる
・前かがみの姿勢で、背中や腰の片側が盛り上がらないか見る
・ウエストラインや服のすそに左右差がないか見る
・月に一度、同じ条件で写真を残す
・お子さんを責めず、穏やかに確認する

気になる左右差があれば、整形外科でレントゲン検査を受け、程度を確認することをおすすめします。

受診の前後で背中の張りやだるさが続く場合は、みつむら接骨院で姿勢や筋肉の状態を確認します。背骨の曲がりを整体で治すものではなく、周囲の筋肉のケアという立場です。

※強い背部痛、息苦しさ、手足のしびれ、急な進行がある場合は整形外科を受診してください。

岐阜県瑞穂市（穂積駅）で側弯症の早期発見が気になる方は、みつむら接骨院へご相談ください。詳しくは下記の記事もご覧ください。"
koyubi-shibire-B,326,肩腱板・神経・腱鞘炎・打撲骨折,B,小指のしびれ｜日常の見直しポイントと受診の目安（瑞穂市）,https://www.058-327-7771.net/koyubi-shibire/,2026-10-02,"岐阜県瑞穂市（穂積駅）で、小指のしびれについて自分でできることを探している方へ。

しびれの原因は、手・肘・首など複数考えられるため、まずは日常での負担を減らす視点が役立つことがあります。

家庭で意識したいこと
・肘を曲げたままのスマホ操作や長時間の通話を避ける
・パソコン作業では手首を反らしすぎない
・肘の内側を机に押し付けたままにしない
・首や肩に力が入っていないか、時々確認する
・睡眠中の姿勢が気になる場合は、腕を伸ばし気味にして寝る

こうした工夫でも変化が乏しいときや、しびれが続くときはご相談ください。当院では、手・肘・首・肩の動きと姿勢を確認し、整形外科での検査が望ましいかどうかの目安もお伝えします。

※突然のろれつ困難、顔や片側の手足の麻痺やしびれ、激しい頭痛がある場合は、脳卒中の可能性があるため、ためらわず119番で救急要請をしてください。握力低下や指が動かしにくい状態が続く場合は、整形外科を受診してください。

岐阜県瑞穂市（穂積駅）で小指のしびれにお悩みの方は、みつむら接骨院へご相談ください。詳しくは下記の記事もご覧ください。"
hiza-supporter-B,374,バレー＋一般症状,B,膝サポーターの目的別の選び方と使い方｜岐阜・瑞穂,https://www.058-327-7771.net/hiza-supporter/,2026-10-26,"岐阜県瑞穂市（穂積駅）で、膝のサポーターの選び方や使い方について自分でできることを探している方へ。

膝の痛みは、使い方の負担が重なって出ることが多いと考えられます。サポーターは保温や安定感の補助であり、治療の代わりにはなりません。目的に合わせて上手に使いたいところです。

目的別・使い方の目安
・冷えで痛みやすい方は、保温を目的にしたものを選ぶ
・動作の不安定感がある方は、締め付けすぎない範囲で安定感を補う
・サイズが合わないと違和感の原因になるため、膝周りを測って選ぶ
・着けっぱなしにせず、休むときや入浴時は外す
・太ももやお尻の筋肉を、痛みのない範囲で動かす

サポーターを使っても痛みが変わらない場合は、ご相談ください。当院では、膝の動き、歩き方、体の使い方を確認します。

※膝の強い腫れ・熱感、急に曲がらなくなった、体重をかけられないなどの場合は、早めに整形外科を受診してください。

岐阜県瑞穂市（穂積駅）で膝の痛みにお悩みの方は、みつむら接骨院へご相談ください。詳しくは下記の記事もご覧ください。"
yakyu-kata-naoranai-B,284,野球,B,野球肩が長引くときの見直し方｜生活・練習量・受診の目安,https://www.058-327-7771.net/yakyu-kata-naoranai/,2026-09-11,"岐阜県瑞穂市（穂積駅）で、野球肩が長引いていて自分でできることを探している方へ。

長引く痛みは、練習量、休養、フォーム、体の柔軟性など複数の要素が重なっていると考えられています。一つずつ見直してみましょう。

見直したいポイント
・投球数や練習の頻度が急に増えていないか
・睡眠や休養日が十分にとれているか
・投球後に肩甲骨や胸まわり、股関節をほぐしているか
・痛みを我慢して投げ続けていないか
・痛みが出る場面や時間帯を記録しているか

見直しても変化が乏しい、または痛みが強くなる場合は、整形外科での検査を受けたうえでご相談ください。当院では、肩の動き、肩甲骨・胸郭・股関節の使い方、投球時の姿勢を確認し、補完的にサポートします。投球再開の判断は医師が行います。

※強い痛み、しびれ、腕が上がらない、夜間に痛みで眠れないときは、早めに整形外科を受診してください。

岐阜県瑞穂市（穂積駅）で野球肩の方は、みつむら接骨院へご相談ください。詳しくは下記の記事もご覧ください。"
kyosaku-shujutsu-igai-B,28,脊柱管狭窄症,B,脊柱管狭窄症と向き合う生活の工夫と受診目安｜瑞穂市,https://www.058-327-7771.net/kyosaku-shujutsu-igai/,2026-07-24,"岐阜県瑞穂市（穂積駅）で、脊柱管狭窄症と向き合いながら、自分でできることを探している方へ。

手術以外の方法を考える場合も、日常生活での負担を減らす工夫は土台になると考えられます。手術が必要かどうかの判断は、整形外科の医師が画像検査などをもとに行います。

生活の工夫と受診の目安
・歩くときは、前かがみ気味で楽な姿勢を探す
・つらくなる前に、椅子やベンチで小まめに休む
・長時間の立ち仕事や、腰を反らす動作を控える
・無理のない範囲で、毎日少しずつ体を動かす
・症状が強まる、歩ける距離が短くなる場合は早めに整形外科へ

工夫を重ねても変化が乏しい場合はご相談ください。当院では、姿勢、股関節や背中の動き、歩き方の癖を確認し、負担を減らす体の使い方をお伝えします。

※足の脱力、排尿・排便のトラブルがある場合は、すぐに医療機関を受診してください。

岐阜県瑞穂市（穂積駅）で脊柱管狭窄症の生活の工夫をお探しの方は、みつむら接骨院へご相談ください。詳しくは下記の記事もご覧ください。"
soccer-kokansetsu-stretch-B,196,サッカー,B,サッカーの股関節・鼠径部痛 ストレッチとセルフケア,https://www.058-327-7771.net/soccer-kokansetsu-stretch/,2026-07-31,"岐阜県瑞穂市（穂積駅）で、サッカーの股関節・鼠径部の痛みについて自分でできることを探している方へ。

キックや切り返しを繰り返すと、股関節まわりの筋肉が硬くなりやすいと考えられます。痛みの強い時期は無理をせず、できる範囲で整えていきましょう。

今日からできるセルフケア
・痛みが出ない範囲で、太ももの前と内側をゆっくり伸ばす
・練習前は軽い動的ストレッチで股関節を温める
・練習後は入浴などで体を冷やさないようにする
・痛むキックやダッシュは一時的に量を減らす
・お尻や体幹の筋肉を使う意識で立ち方、歩き方を整える

ストレッチで伸ばしたときに痛みが強くなる場合は、無理に続けないでください。セルフケアで変化が乏しいときは、ご相談ください。当院では痛む場所や動かしたときの状態、骨盤まわりの筋肉の硬さ、フォームのくせを確認し、必要に応じて整形外科の受診をおすすめします。

※安静でも続く痛み、脚に力が入らない、発熱、下腹部の強い痛みがある場合は、早めに医療機関を受診してください。

岐阜県瑞穂市（穂積駅）で股関節・鼠径部の痛みでお困りの方は、みつむら接骨院へご相談ください。詳しくは下記の記事もご覧ください。"
zakotsu-kyuni-naotta-B,10,坐骨神経痛,B,坐骨神経痛の再発を防ぐ習慣｜岐阜県瑞穂市の予防セルフケア,https://www.058-327-7771.net/zakotsu-kyuni-naotta/,2026-07-23,"岐阜県瑞穂市（穂積駅）で、坐骨神経痛の再発予防について自分でできることを探している方へ。

痛みが引いた後は、再発しにくい体の使い方を身につける時期と考えられます。

今日からできる再発予防の習慣
・前かがみの作業は腰ではなく股関節から曲げる意識を持つ
・同じ姿勢が続いたら、1時間に一度は立ち上がる
・無理のない範囲で、毎日の散歩を習慣にする
・お腹や背中の筋肉を、痛みのない範囲でゆるやかに使う
・睡眠不足や疲れをためない

再発を繰り返す、または以前より痛みが強く感じるときはご相談ください。当院では姿勢や動きの癖、筋肉の緊張を確認し、日常での工夫をお伝えします。ご自身の生活や仕事の状況に合わせてお話をうかがいます。

※足に力が入らない、排尿・排便がしにくいといった症状があるときは、すぐに整形外科を受診してください。

岐阜県瑞穂市（穂積駅）で坐骨神経痛の再発予防に取り組みたい方は、みつむら接骨院へご相談ください。詳しくは下記の記事もご覧ください。"
tsume-naishukketsu-B,238,スポーツ障害一般,B,スパイクで爪が黒くなったときの対処と予防｜岐阜・瑞穂市,https://www.058-327-7771.net/tsume-naishukketsu/,2026-08-19,"岐阜県瑞穂市（穂積駅）で、スパイクによる爪の内出血について自分でできることを探している方へ。

爪が黒くなる背景には、靴のサイズや紐の締め方、練習量の増加、足の前ずれなどが重なっていることが多いと考えられます。原因を減らすことが、予防の第一歩です。

今日からできる爪のケア
・爪は短めに整え、角を切り込みすぎない
・靴はつま先に余裕があるか、夕方の足がむくんだ時間帯に確認する
・紐をしっかり結び、かかとを固定して足が前へずれるのを防ぐ
・黒くなった部分を自分で剥がしたり、針で穴をあけたりしない
・練習後は足を清潔にして、爪まわりの変化を観察する

対策をしても爪が繰り返し黒くなる、痛みが続くといったときはご相談ください。当院では、足指の使い方や足首の動き、歩き方、体重の乗せ方などを確認します。爪の処置が必要な場合は、医療機関での対応をおすすめします。

※強い痛みや腫れ、赤み、膿、発熱がある場合や、足の指を打って変形している場合は、早めに医療機関を受診してください。

岐阜県瑞穂市（穂積駅）で足の爪やつま先の負担が気になる方は、みつむら接骨院へご相談ください。詳しくは下記の記事もご覧ください。"
volley-hiza-supporter-B,376,バレー＋一般症状,B,バレー選手の膝サポーター活用術と着け方の目安｜瑞穂市,https://www.058-327-7771.net/volley-hiza-supporter/,2026-10-27,"岐阜県瑞穂市（穂積駅）で、バレーの膝サポーターについて自分でできることを探している方へ。

パッド付きサポーターは、レシーブ時の衝撃をやわらげる補助として使われます。ただし治療ではなく、着地の動きや筋力の使い方が整っていることが前提と考えられます。

サポーター選びと日々の工夫
・膝をつく動作が多い方は、パッドの厚みと動きやすさを試して選ぶ
・きつすぎると血流や動きを妨げるため、サイズを確認する
・練習後は外して、汗や蒸れをふき取る
・練習前後に太ももの前後とお尻の筋肉をゆっくり伸ばす
・着地では膝とつま先の向きをそろえることを意識する

サポーターを使っても痛みが続くときは、ご相談ください。当院では、着地やレシーブの姿勢、膝まわりの動き、体の使い方を確認します。成長期のお子さんは、痛みを我慢せず保護者の方も一緒にご相談ください。

※膝の強い腫れ・熱感、急に曲がらない、体重をかけられないときは、早めに整形外科を受診してください。

岐阜県瑞穂市（穂積駅）でバレーの膝の不調にお悩みの方は、みつむら接骨院へご相談ください。詳しくは下記の記事もご覧ください。"
kyokaku-deguchi-B,328,肩腱板・神経・腱鞘炎・打撲骨折,B,胸郭出口症候群のセルフケア｜腕のしびれ・だるさ（瑞穂市）,https://www.058-327-7771.net/kyokaku-deguchi/,2026-10-03,"岐阜県瑞穂市（穂積駅）で、腕のしびれやだるさについて自分でできることを探している方へ。

胸郭出口症候群が疑われる場合、強く伸ばしすぎると逆に症状が強まることもあります。しびれの出ない範囲で、やさしく行うことが大切です。

今日からできるセルフケア
・肩の力を抜き、ゆっくり深呼吸をして胸を広げる
・首を無理に傾けず、痛みやしびれが出ない範囲で動かす
・壁に手をついて、胸の前側を軽く伸ばす
・長時間の作業では、1時間ごとに肩甲骨を動かす
・重いバッグは片側だけで持ち続けない

セルフケアでしびれが強まるときは、すぐに中止してご相談ください。当院では、首、肩、胸まわりの動きと姿勢、筋肉の硬さを確認し、整形外科での検査が望ましいかどうかの目安もお伝えします。

※突然のろれつ困難、顔や片側の手足の麻痺やしびれがある場合は、脳卒中の可能性があるため、ためらわず119番で救急要請をしてください。手の色が変わる、腕が腫れる場合も、すぐに医療機関を受診してください。

岐阜県瑞穂市（穂積駅）で腕のしびれやだるさにお悩みの方は、みつむら接骨院へご相談ください。詳しくは下記の記事もご覧ください。"
yakyu-kata-stretch-B,286,野球,B,野球肩のセルフケア｜肩甲骨・胸郭ストレッチのやり方,https://www.058-327-7771.net/yakyu-kata-stretch/,2026-09-12,"岐阜県瑞穂市（穂積駅）で、野球肩のストレッチを自宅で行いたいと探している方へ。

強く引っ張るのではなく、痛みの出ない範囲でゆっくり動かすことが大切と考えられています。

今日からできるセルフケア
・壁に手をついて体をひねり、胸を開く（20〜30秒）
・四つ這いで背中を丸めたり反らしたりし、肩甲骨を動かす
・両手を背中で組み、肩甲骨を寄せて胸を張る
・股関節まわりを反動をつけずに伸ばす
・入浴後の温まった状態で行い、終わったら休む

続けても痛みが変わらない、または動かすと痛みが強くなる場合は、ご相談ください。当院では、肩の動き、肩甲骨・胸郭・股関節の使い方、投球時の姿勢を確認します。診断や投球再開の判断は整形外科の役割ですので、必要に応じて受診をおすすめします。

※強い痛み、しびれ、腕が上がらない、力が入らないときは、中止して早めに整形外科を受診してください。

岐阜県瑞穂市（穂積駅）で野球肩の方は、みつむら接骨院へご相談ください。詳しくは下記の記事もご覧ください。"
zutsu-katakori-B,154,頭痛,B,肩こり頭痛のセルフケアと受診の目安｜岐阜県瑞穂市,https://www.058-327-7771.net/zutsu-katakori/,2026-07-31,"岐阜県瑞穂市（穂積駅）で、肩こりからくる頭痛について自分でできることを探している方へ。

肩と首のこわばりが続くと、頭の重さにつながると考えられます。悪循環を断つには、こりをためない毎日の工夫が大切です。

今日からできるセルフケア
・1時間に1回は立ち上がり、肩をゆっくり回す
・蒸しタオルや入浴で首肩を温める
・胸を開くように両腕を後ろへ引き、肩甲骨を寄せる
・パソコンの画面を目線の高さに調整する
・強く揉まず、やさしくさする程度にとどめる

セルフケアで変化が乏しい場合や、頭痛が繰り返す場合は、ご相談ください。当院では肩甲骨まわりや首の動き、姿勢の癖を確認し、体の使い方の面から整えるお手伝いをします。頭痛の原因の確認は医療機関の役割です。

市販薬を頻繁に使う状態が続くときは、薬の使いすぎによる頭痛の可能性もあるため、医療機関にご相談ください。

※突然の激しい頭痛、ろれつが回らない、手足の麻痺やしびれ、物が二重に見える、発熱と首の硬直を伴う場合は、すぐに救急や医療機関を受診してください。

岐阜県瑞穂市（穂積駅）で肩こり頭痛のセルフケアにお悩みの方は、みつむら接骨院へご相談ください。詳しくは下記の記事もご覧ください。"
soccer-kurubushi-B,198,サッカー,B,サッカーのくるぶし下の痛み 続けながらできる対処と予防,https://www.058-327-7771.net/soccer-kurubushi/,2026-07-31,"岐阜県瑞穂市（穂積駅）で、サッカーによるくるぶしの下の痛みについて自分でできることを探している方へ。

足首の内側は、走る・止まる・蹴る動作で負担がかかりやすい場所と考えられます。無理なく続けるために、日常で意識したいことを整理しました。

続けながらの対処・予防のポイント
・痛みが強い日は走る量やダッシュの本数を減らす
・ふくらはぎやすねの筋肉をやさしくほぐす
・スパイクの緩みやサイズが合っているか見直す
・足の指でタオルをつかむなど足裏の筋肉を動かす
・練習後は足首まわりを冷やしすぎず、休ませる

数日休んでも変化が乏しいときは、ご相談ください。当院では、足首を動かしたときの痛み方、足の使い方のくせ、下腿の筋肉の状態を確認し、必要に応じて整形外科の受診をおすすめします。

※体重をかけられない、足首が明らかに腫れている・変形している、ひねった直後から強く痛む場合は、骨折の可能性もあるため早めに整形外科を受診してください。

岐阜県瑞穂市（穂積駅）でサッカーのくるぶしの痛みでお困りの方は、みつむら接骨院へご相談ください。詳しくは下記の記事もご覧ください。"
gifu-yotsu-meii-B,132,腰痛×岐阜ローカル,B,腰痛の相談先を決めるときの視点｜岐阜・瑞穂市で迷う方へ,https://www.058-327-7771.net/gifu-yotsu-meii/,2026-07-31,"岐阜県瑞穂市（穂積駅）で、腰痛の相談先を決める前に自分でできることを探している方へ。

「名医」を探すより先に、自分の腰痛の状態を整理しておくほうが、合った相談先につながりやすいと考えられます。

相談先を探す前にできること
・痛みが出る動作と、楽になる姿勢をメモする
・足のしびれや力の入りにくさがないか確認する
・これまでの検査や診断、受けたケアを振り返る
・相談先で質問したいことを事前に書き出す
・説明が丁寧で、必要な受診もすすめてくれるかを見る

整理したうえで、変化が乏しければご相談ください。みつむら接骨院では、痛みの出方や姿勢、動き方を確認し、接骨院で対応できることと、医療機関での検査が望ましい場合をお伝えします。

※発熱を伴う腰痛、安静でも治まらない強い痛み、足の脱力、排尿・排便のトラブルがある場合は、先に医療機関を受診してください。

岐阜県瑞穂市（穂積駅）で腰痛の相談先に悩む方は、みつむら接骨院へご相談ください。詳しくは下記の記事もご覧ください。"
suberi-rehab-B,114,すべり症・分離症,B,すべり症の筋トレ｜腰を守る体幹づくりと受診の目安｜瑞穂市,https://www.058-327-7771.net/suberi-rehab/,2026-07-30,"岐阜県瑞穂市（穂積駅）で、すべり症のために体幹を整える方法を探している方へ。

強く鍛えるより、腰に負担をかけず、正しく使う練習が大切と考えられます。

無理のない体幹ケア
・仰向けで膝を立て、息を吐きながらお腹をへこませる
・四つ這いで背中を丸めすぎず、片手をゆっくり前へ伸ばす
・お尻を軽く持ち上げる動きを、腰を反らさず行う
・勢いをつけた腹筋や、腰を反らす背筋運動は避ける
・痛みが出たら回数を減らすか、中止する

続けても変化が乏しい場合や、脚のしびれ・痛みが増す場合は、ご相談をおすすめします。当院では、動作のクセや体幹・お尻の筋肉の働き方を確認し、医療機関の診断と運動の許可を前提にサポートします。

※足の脱力、排尿・排便のトラブルがある場合は、すぐに整形外科を受診してください。

岐阜県瑞穂市（穂積駅）ですべり症のリハビリでお悩みの方は、みつむら接骨院へご相談ください。詳しくは下記の記事もご覧ください。"
ashiyubi-tsukiyubi-B,378,バレー＋一般症状,B,足の指の突き指｜今日からできる対処と受診の目安（岐阜・瑞穂）,https://www.058-327-7771.net/ashiyubi-tsukiyubi/,2026-10-28,"岐阜県瑞穂市（穂積駅）で、足の指の突き指について自分でできることを探している方へ。

足の指の突き指は、歩けると軽く見られがちです。しかし、骨や靭帯を傷めている場合もあると考えられるため、早い段階の対処と見極めが大切です。

まず意識したい対処
・痛む足に体重をかけすぎず、安静を保つ
・腫れがあるときは、冷やしすぎない範囲で短時間冷やす
・寝るときや座るときは足を少し高くする
・指を引っ張ったり、無理に曲げ伸ばししたりしない
・靴は指先に余裕のあるものにし、締め付けを避ける

数日たっても腫れや痛みが引かない場合は、ご相談ください。当院では、足の指や足首の動き、歩き方を確認し、必要に応じて医療機関の受診をおすすめします。

※指が曲がらない・変形している・強い腫れや内出血、激しい痛みで歩けない場合は、骨折や脱臼の可能性があるため、早めに整形外科を受診してください。

岐阜県瑞穂市（穂積駅）で足の指の突き指にお悩みの方は、みつむら接骨院へご相談ください。詳しくは下記の記事もご覧ください。"
gojukata-stretch-B,70,五十肩,B,五十肩の時期別ストレッチと動かし方｜岐阜県瑞穂市,https://www.058-327-7771.net/gojukata-stretch/,2026-07-30,"岐阜県瑞穂市（穂積駅）で、五十肩のストレッチを安全に行う方法を探している方へ。

大切なのは、頑張って伸ばすことより、今の時期に合った動かし方を選ぶことだと言われています。

【時期別・動かし方の目安】
・痛みが強い時期は、伸ばさず、日常動作の範囲で過ごす
・少し落ち着いたら、前かがみで腕をぶら下げ、振り子のように小さく揺らす
・動きにくさが中心の時期は、入浴後に痛みの出ない範囲で少しずつ動かす
・肩甲骨を寄せる動きや深呼吸で、肩まわりの力みを抜く
・反動をつけず、痛みが強まったらその場で中止する

続けても変化が乏しい、動かすたびに痛みが増すときは、ご相談ください。当院では、肩の動く範囲、首や肩甲骨まわりの筋肉の状態、日常の腕の使い方を確認します。

※夜間の強い痛みが長引く、腕に力が入らない、しびれや胸の締めつけを伴う場合は、整形外科などの医療機関を受診してください。

岐阜県瑞穂市（穂積駅）で五十肩の動かし方にお悩みの方は、みつむら接骨院へご相談ください。詳しくは下記の記事もご覧ください。"
herunia-gekitsu-arukenai-B,50,椎間板ヘルニア,B,椎間板ヘルニアで動けないときの対処と受診の目安,https://www.058-327-7771.net/herunia-gekitsu-arukenai/,2026-07-25,"岐阜県瑞穂市（穂積駅）で、椎間板ヘルニアの強い痛みで動けず、対処法を探している方へ。

強い痛みの直後は、無理に動こうとせず、まず体を守ることが優先と考えられています。受診の目安とあわせて確認しましょう。

痛みが強いときの過ごし方
・横向きで膝を軽く曲げるなど、最も楽な姿勢で休む
・立ち上がるときは、手で支えながら時間をかけてゆっくり動く
・トイレや食事など必要な動作以外は、無理に動かない
・痛みの強い部分を強く揉んだり、反らしたりしない
・数日休んでも強い痛みが続く場合は、整形外科を受診する

動けるくらいに落ち着いた段階で変化が乏しければ、ご相談ください。当院では、医療機関で状態を確認していただいたうえで、筋肉の緊張や動作を整える補完的なサポートを行います。

※足に力が入らない、強い麻痺、排尿・排便がうまくできないといった症状がある場合は、すぐに整形外科を受診してください。

岐阜県瑞穂市（穂積駅）で椎間板ヘルニアの強い痛みが心配な方は、まず整形外科を受診し、みつむら接骨院へご相談ください。詳しくは下記の記事もご覧ください。"
chikotsuen-B,242,スポーツ障害一般,B,恥骨炎のセルフケアと練習中の工夫｜股関節の付け根が痛いとき（瑞穂市）,https://www.058-327-7771.net/chikotsuen/,2026-08-21,"岐阜県瑞穂市（穂積駅）で、恥骨や股関節の付け根の痛みについて自分でできることを探している方へ。

恥骨まわりの痛みは、キックやダッシュの回数、股関節や体幹の使い方、疲労の蓄積などが重なって出やすいと考えられます。練習を続けながらでも、次の点を見直してみてください。

練習を続けながら意識したいこと
・痛みが出る強いキックやダッシュの回数を調整する
・痛む方向へのストレッチを無理に行わない
・お尻や太もも裏の動きを、痛くない範囲でゆっくり確認する
・練習前に股関節まわりをやさしく動かして温める
・睡眠や休養の時間をしっかり確保する

これらを試しても変化が乏しいときは、ご相談ください。当院では、股関節や骨盤、体幹の動き、片脚で立ったときの安定感などを確認します。なお、痛みの原因の判断や運動の休止については、整形外科などの医療機関で確認することをおすすめします。

※発熱を伴う、歩くのもつらい強い痛み、下腹部や股の腫れ、排尿の異常がある場合は、早めに医療機関を受診してください。

岐阜県瑞穂市（穂積駅）で恥骨や股関節の付け根の痛みが気になる方は、みつむら接骨院へご相談ください。詳しくは下記の記事もご覧ください。"
sokuwan-youtsu-B,92,側弯症,B,側弯症の腰痛を和らげる工夫｜岐阜・瑞穂で今日から意識したいこと,https://www.058-327-7771.net/sokuwan-youtsu/,2026-07-30,"岐阜県瑞穂市（穂積駅）で、側弯症に伴う腰痛について自分でできることを探している方へ。

側弯症のある方は、腰まわりの筋肉に負担が偏りやすいと考えられます。日常の小さな工夫で、負担を軽くできる場合があります。

今日からできる工夫
・座るときは深く腰かけ、足裏を床につける
・1時間に一度は立ち上がり、軽く体を動かす
・お風呂で温まり、腰まわりの筋肉をゆるめる
・片側だけで荷物を持たず、左右を持ち替える
・無理のない範囲でウォーキングを続ける

これらを続けても腰痛に変化が乏しい場合は、ご相談ください。みつむら接骨院では、腰や背中の筋肉の状態、姿勢、動き方を確認します。背骨の曲がりを変えるものではなく、あくまで周囲の筋肉のケアという立場です。痛みの原因の確認は整形外科の役割です。

※強い背部痛、息苦しさ、手足のしびれや脱力、安静でも治まらない痛みがある場合は、整形外科を受診してください。

岐阜県瑞穂市（穂積駅）で側弯症の腰痛にお困りの方は、みつむら接骨院へご相談ください。詳しくは下記の記事もご覧ください。"
soccer-ashiura-B,200,サッカー,B,サッカーの足の裏の痛み 続けながらの対処・予防のコツ,https://www.058-327-7771.net/soccer-ashiura/,2026-07-31,"岐阜県瑞穂市（穂積駅）で、サッカーの足の裏の痛みについて自分でできることを探している方へ。

足裏の負担は、走る量の増加やスパイク、ふくらはぎの硬さなどが重なって強まると考えられています。痛みと上手に付き合いながら続けるための工夫です。

今日からできるセルフケア
・ふくらはぎをゆっくり伸ばし、足裏の負担を減らす
・足裏を軽く転がす程度にほぐす（強く押しすぎない）
・練習量が急に増えていないか振り返る
・スパイクの底の状態や、足に合っているかを見直す
・痛みが強い日は走る量やダッシュを控える

数日セルフケアを続けても変化が乏しい場合は、ご相談ください。当院では、痛む場所、歩き方や立ち方、ふくらはぎから足裏にかけての筋肉の状態を確認し、必要に応じて整形外科の受診をおすすめします。

※足裏を強く踏まれたり打ったりした後の激しい痛み、体重をかけられない、腫れ・内出血がある場合は、骨折の可能性もあるため整形外科を受診してください。

岐阜県瑞穂市（穂積駅）で足の裏の痛みでお困りの方は、みつむら接骨院へご相談ください。詳しくは下記の記事もご覧ください。"
dokeruban-B,330,肩腱板・神経・腱鞘炎・打撲骨折,B,親指側の手首が痛いとき｜日常でできる工夫と受診目安（瑞穂市）,https://www.058-327-7771.net/dokeruban/,2026-10-04,"岐阜県瑞穂市（穂積駅）で、ドケルバン病かもしれない手首の痛みについて自分でできることを探している方へ。

親指側の手首の痛みは、日常の手の使い方が負担になっていることもあると考えられます。使い方を少し見直すだけで、痛みの感じ方が変わる方もいます。

今日からできるセルフケア
・抱っこでは、親指だけに力がかからないよう手のひら全体で支える
・スマホは両手で持ち、親指だけで長く操作しない
・物を持つときは、手首をひねりすぎない
・作業の合間に、前腕や手のひらをやさしくほぐす
・痛みが強いときは、手首を安静にして使いすぎを避ける

こうした工夫でも変化が乏しいときや、痛みが続くときはご相談ください。当院では、手首や親指の動き、前腕の筋肉の状態、日常での手の使い方を確認し、整形外科での検査が望ましいかもお伝えします。サポーターは補助であり、治療ではありません。

※手首が赤く腫れて熱を持つ、発熱がある、指が急に動かなくなった場合は、早めに医療機関を受診してください。

岐阜県瑞穂市（穂積駅）で手首の痛みにお悩みの方は、みつむら接骨院へご相談ください。詳しくは下記の記事もご覧ください。"
little-league-shoulder-B,288,野球,B,成長期の肩の痛み｜家庭での見守りと受診の目安 瑞穂市,https://www.058-327-7771.net/little-league-shoulder/,2026-09-13,"岐阜県瑞穂市（穂積駅）で、お子さんの成長期の肩の痛みについて家庭でできることを探している方へ。

成長期は骨の成長軟骨が弱く、投球の疲れがたまると肩に負担が集まりやすいと考えられています。痛みを我慢して投げ続けないことが大切です。

家庭で意識したいこと
・投げた後に肩の痛みや違和感がないか毎回聞いてみる
・痛みがあるときは投球を休ませ、無理に続けさせない
・練習が増えた時期は休養日を確保する
・入浴後に胸まわりや股関節をやさしく動かす
・睡眠と食事を整え、成長を支える

数日休んでも変化が乏しい場合や、繰り返す場合はご相談ください。当院では、肩の状態と、投球時の姿勢や全身の使い方を確認します。診断と、投球再開の許可は整形外科の医師が行いますので、必要に応じて受診をおすすめします。

※強い痛み、腫れ、しびれ、腕が上がらないときは、早めに整形外科を受診してください。

岐阜県瑞穂市（穂積駅）で成長期の肩の痛みの方は、みつむら接骨院へご相談ください。詳しくは下記の記事もご覧ください。"
tsukiyubi-magaranai-B,380,バレー＋一般症状,B,突き指が曲がらないときの対処と受診の目安｜岐阜・瑞穂,https://www.058-327-7771.net/tsukiyubi-magaranai/,2026-10-29,"岐阜県瑞穂市（穂積駅）で、突き指で指が曲がらないときに自分でできることを探している方へ。

突き指は軽い怪我と思われがちですが、指が曲がらない場合は、腫れだけでなく骨や腱の損傷が関わっていることもあると考えられます。まずは悪化させない過ごし方が大切です。

今日からできる対処
・指を使う動作を控え、安静にする
・腫れが強いときは、短時間ずつ冷やす
・指を引っ張る・無理に曲げ伸ばしするのは控える
・指輪など締め付けるものは早めに外す
・腫れや痛みの変化を、日ごとにメモしておく

数日たっても曲がりにくさが変わらない場合は、ご相談ください。当院では、指や手首の状態、動きの範囲を確認し、必要に応じて医療機関の受診をおすすめします。

※指が曲がらない・変形している・強い腫れ、爪の下の内出血、しびれがある場合は、骨折や脱臼の可能性があるため、早めに整形外科を受診してください。

岐阜県瑞穂市（穂積駅）で突き指にお悩みの方は、みつむら接骨院へご相談ください。詳しくは下記の記事もご覧ください。"
soccer-oyayubi-B,202,サッカー,B,サッカーの親指の付け根の痛み 自分でできる対処と受診目安,https://www.058-327-7771.net/soccer-oyayubi/,2026-07-31,"岐阜県瑞穂市（穂積駅）で、サッカーによる足の親指の付け根の痛みについて自分でできることを探している方へ。

親指の付け根は、蹴る・踏み返す動作で負担が集まりやすく、使い方や靴の影響も受けると考えられます。無理をしない範囲でできる工夫です。

今日からできるセルフケア
・痛みが強い日は、強く蹴る練習や踏み込みを減らす
・ふくらはぎと足裏の筋肉をやさしくほぐす
・スパイクのつま先に窮屈さがないか確認する
・練習後は患部が熱っぽいときに短時間冷やす
・足の指が動かしにくいときは無理に動かさない

数日休んでも痛みや腫れが引かないときは、ご相談ください。当院では、痛む場所、足の指を動かしたときの状態、踏み込み方のくせを確認し、必要に応じて整形外科の受診をおすすめします。

※強く踏まれた・打った後の激しい痛み、腫れや内出血、体重をかけられない場合は、骨折の可能性もあるため早めに整形外科を受診してください。

岐阜県瑞穂市（穂積駅）で足の親指の付け根の痛みでお困りの方は、みつむら接骨院へご相談ください。詳しくは下記の記事もご覧ください。"
yutsusei-gaikeikotsu-B,244,スポーツ障害一般,B,有痛性外脛骨の痛みへの対処と足にやさしい過ごし方｜瑞穂市,https://www.058-327-7771.net/yutsusei-gaikeikotsu/,2026-08-22,"岐阜県瑞穂市（穂積駅）で、足の内側の痛みについて自分でできることを探している方へ。

有痛性外脛骨の痛みは、運動量の増加、足のアーチの使い方、合わない靴による圧迫などが重なると強まると考えられます。骨そのものを自分で変えることはできませんが、負担を減らす工夫はできます。

足にやさしい過ごし方
・痛みが出る日は、走る・跳ぶ量を減らす
・靴が足の内側に当たっていないか、サイズや紐の締め方を見直す
・足指を動かして、土踏まずまわりの筋肉を痛くない範囲で使う
・ふくらはぎをゆっくり伸ばす
・立ったときに、足の内側へ体重が落ちすぎていないか確認する

これらを続けても変化が乏しいときは、ご相談ください。当院では、足のアーチや足首の動き、歩き方、体重の乗せ方などを確認します。成長期の場合は、運動の可否などを含めて医師と連携して進めることが大切です。

※強い腫れや赤み、歩けないほどの痛み、捻挫のあとに急に痛みが出た場合は、早めに整形外科を受診してください。

岐阜県瑞穂市（穂積駅）で足の内側の痛みが気になる方は、みつむら接骨院へご相談ください。詳しくは下記の記事もご覧ください。"
zakotsu-nenagara-stretch-B,12,坐骨神経痛,B,坐骨神経痛の寝ながらセルフケア｜瑞穂市で安全に続けるコツ,https://www.058-327-7771.net/zakotsu-nenagara-stretch/,2026-07-23,"岐阜県瑞穂市（穂積駅）で、坐骨神経痛に対して寝ながらできるセルフケアを探している方へ。

布団やベッドの上は、体を預けて力を抜きやすく、無理なく始めやすい環境と考えられます。

寝ながらのセルフケアのポイント
・仰向けで両膝を立て、ゆっくり左右に軽く倒す
・片膝を胸に近づけるときは、痛みの手前で止める
・お尻の下にタオルを敷き、楽な高さを探す
・反動をつけず、呼吸に合わせてゆっくり行う
・痛みやしびれが強まる動きはすぐにやめる

続けても変化が乏しいときや、動かすたびに痛む場合はご相談ください。当院では姿勢や筋肉の緊張、動かしやすさを確認し、状態に合ったケアをお伝えします。ご自身の生活や仕事の状況に合わせてお話をうかがいます。

※足に力が入らない、排尿・排便がしにくいといった症状があるときは、すぐに整形外科を受診してください。

岐阜県瑞穂市（穂積駅）で坐骨神経痛のセルフケアに迷う方は、みつむら接骨院へご相談ください。詳しくは下記の記事もご覧ください。"
kyosaku-nenagara-stretch-B,30,脊柱管狭窄症,B,寝ながらできる脊柱管狭窄症ケアのポイント｜瑞穂市,https://www.058-327-7771.net/kyosaku-nenagara-stretch/,2026-07-24,"岐阜県瑞穂市（穂積駅）で、脊柱管狭窄症の寝ながらケアについて、自分でできることを探している方へ。

高齢の方は、立った状態での運動が負担になることもあります。仰向けなら体重がかかりにくく、取り組みやすい場合があると考えられます。

寝ながらのケアで意識したいこと
・硬すぎない布団やマットの上で行う
・仰向けで膝の下にクッションを入れ、腰が反らない姿勢をとる
・膝を軽く曲げて左右にゆっくり倒す（小さな動きで十分）
・呼吸を止めず、痛みやしびれが出る手前でやめる
・1日数回、短時間から始めて様子をみる

続けても変化が乏しい場合や、しびれが強まる場合は、ご相談ください。当院では、動かしやすさや姿勢、寝たときの楽な体勢を確認します。

※足の脱力、排尿・排便のトラブルがある場合は、すぐに医療機関を受診してください。

岐阜県瑞穂市（穂積駅）で脊柱管狭窄症のケアにお悩みの方は、みつむら接骨院へご相談ください。詳しくは下記の記事もご覧ください。"
zutsu-neoki-B,156,頭痛,B,寝起きの頭痛のセルフケアと受診の目安｜岐阜県瑞穂市,https://www.058-327-7771.net/zutsu-neoki/,2026-07-31,"岐阜県瑞穂市（穂積駅）で、朝だけ痛む頭痛について自分でできることを探している方へ。

睡眠環境や寝姿勢を見直すことで、朝の過ごしやすさが変わる場合があると考えられます。まずは寝る前後の習慣から整えてみましょう。

睡眠環境を見直すポイント
・首の自然なカーブを支える高さの枕を選ぶ
・寝る前に首肩を温め、軽く動かす
・就寝と起床の時間を一定にする
・夜遅いカフェインや飲酒を控える
・起きたらまず水分をとり、ゆっくり体を起こす

見直しても変化が乏しい場合や、朝の頭痛が続く場合は、ご相談ください。当院では首肩の筋肉の状態や寝姿勢の癖を確認します。頭痛の原因の確認は医療機関の役割です。いびきや日中の強い眠気がある場合は、医療機関にご相談ください。

市販薬を頻繁に飲む状態が続くときは、薬の使いすぎによる頭痛の可能性もあるため、医療機関にご相談ください。

※突然の激しい頭痛、ろれつが回らない、手足の麻痺やしびれ、物が二重に見える、発熱と首の硬直を伴う場合は、すぐに救急や医療機関を受診してください。

岐阜県瑞穂市（穂積駅）で寝起きの頭痛にお悩みの方は、みつむら接骨院へご相談ください。詳しくは下記の記事もご覧ください。"
volley-kata-B,382,バレー＋一般症状,B,バレーの肩の痛みを悪化させない予防とケア｜瑞穂市,https://www.058-327-7771.net/volley-kata/,2026-10-30,"岐阜県瑞穂市（穂積駅）で、バレーの肩の痛みについて自分でできることを探している方へ。

スパイクやサーブは腕を強く振る動作の繰り返しです。肩だけでなく、肩甲骨、胸、体幹の使い方が肩の負担に関わると考えられます。

今日からできるセルフケア
・練習の前後に、肩甲骨まわりをゆっくり動かす
・胸の前側をやさしく伸ばし、丸まった姿勢をリセットする
・痛みが強い日は、打つ本数を減らして休みを入れる
・打点やフォームを、動画で確認してみる
・十分な睡眠と、練習後のクールダウンを習慣にする

セルフケアで変化が乏しい場合は、ご相談ください。当院では、肩の動き、肩甲骨や背中の状態、フォームに関わる体の使い方を確認します。お子さんの場合は、保護者の方と一緒に状況をお聞きします。

※夜間の強い痛み、腕が上がらない、急に力が入らない、しびれがある場合は、早めに整形外科を受診してください。

岐阜県瑞穂市（穂積駅）でバレーの肩の痛みにお悩みの方は、みつむら接骨院へご相談ください。詳しくは下記の記事もご覧ください。"
kata-inner-muscle-B,290,野球,B,野球肩を予防するインナーマッスルの整え方｜瑞穂市,https://www.058-327-7771.net/kata-inner-muscle/,2026-09-14,"岐阜県瑞穂市（穂積駅）で、野球肩の予防について自分でできることを探している方へ。

インナーマッスルは鍛えるだけでなく、使いすぎを防ぐ休ませ方や、投げ方のバランスも大切と考えられます。

今日からできる予防のポイント
・投球前に肩甲骨まわりと胸を十分に動かしておく
・軽い負荷で痛みのない範囲だけ動かし、回数を追いすぎない
・投げた後は肩を休ませ、疲れをためない
・下半身と体幹を使って、肩だけで投げない意識を持つ
・睡眠と食事をしっかりとり、回復の時間を確保する

これらを続けても違和感が変わらない、左右差が気になるという場合は、ご相談ください。当院では肩の動き、肩甲骨や背中の柔らかさ、体幹や股関節の使い方を確認し、負担がかかりやすい部分を整えるお手伝いをします。

※強い痛み、しびれ、可動域の制限がある場合は、早めに整形外科を受診してください。

岐阜県瑞穂市（穂積駅）で投球障害の予防をお考えの方は、みつむら接骨院へご相談ください。詳しくは下記の記事もご覧ください。"
dokeruban-support-B,332,肩腱板・神経・腱鞘炎・打撲骨折,B,ドケルバン病の痛みに今日からできる手首の休ませ方,https://www.058-327-7771.net/dokeruban-support/,2026-10-05,"岐阜県瑞穂市（穂積駅）で、手首の親指側の痛みについて自分でできることを探している方へ。

手首の親指側は、親指を使う動作の繰り返しで負担がたまりやすい場所です。サポーターなどを使う場合も、使い方の考え方を知っておくことが大切です。

今日からできるセルフケア
・痛みが出る動作（強くつまむ、親指をひねる）をできるだけ減らす
・スマホは両手で持ち、片手の親指だけで操作し続けない
・重い物は手首だけに頼らず、両手や腕全体で持つ
・サポーターやテーピングは補助として使い、つけっぱなしにしない
・入浴時などに前腕をやさしくさすり、力を抜く時間をつくる

数日続けても変化が乏しい場合は、ご相談ください。当院では、手や前腕の筋肉の緊張、普段の手の使い方、負担のかかる動作を確認します。診断や治療方針の決定は医療機関の役割ですので、必要に応じて整形外科での診察をおすすめします。

※腫れや変形が強い、強い痛みで指が動かせない、しびれが広がる、突然力が入らなくなった場合は、すぐに整形外科を受診してください。

岐阜県瑞穂市（穂積駅）で手首の痛みでお困りの方は、みつむら接骨院へご相談ください。詳しくは下記の記事もご覧ください。"
soccer-achilles-B,204,サッカー,B,サッカーのアキレス腱の痛み 続けながらの対処と予防,https://www.058-327-7771.net/soccer-achilles/,2026-07-31,"岐阜県瑞穂市（穂積駅）で、サッカーのアキレス腱の痛みについて自分でできることを探している方へ。

アキレス腱は、ふくらはぎの硬さや練習量の急な増加、スパイクの影響を受けやすいと考えられます。痛みと付き合いながら続けるための工夫です。

今日からできる対処・予防
・痛みが強い日はダッシュやジャンプの量を減らす
・ふくらはぎをゆっくり伸ばし、勢いをつけない
・練習前に軽い運動で、足首とふくらはぎを温める
・かかとの高さや、スパイクの状態を見直す
・練習量を急に増やさず、休養日を確保する

数日セルフケアを続けても変化が乏しいときは、ご相談ください。当院では、痛む場所や動かしたときの状態、ふくらはぎの筋肉の硬さ、走り方や着地のくせを確認し、必要に応じて整形外科の受診をおすすめします。

※「ブチッ」という音や衝撃の後に歩けない・つま先立ちができない場合は、アキレス腱断裂の可能性があるため、すぐ整形外科を受診してください。

岐阜県瑞穂市（穂積駅）でアキレス腱の痛みでお困りの方は、みつむら接骨院へご相談ください。詳しくは下記の記事もご覧ください。"
sokuwan-seitai-B,94,側弯症,B,側弯症の背中の負担と家庭での見守り方｜瑞穂市の接骨院,https://www.058-327-7771.net/sokuwan-seitai/,2026-07-30,"岐阜県瑞穂市（穂積駅）で、側弯症の背中の負担について自分でできることを探している方へ。曲がりそのものを変えることはできませんが、過ごしやすくする工夫はあります。

背骨に曲がりがあると、左右の筋肉に負担が偏り、背中や腰が張りやすいと考えられます。

家庭で意識したい見守りとケア
・同じ姿勢を長く続けず、30分に一度は立ち上がって体を動かす
・座るときは足裏を床につけ、片側に寄りかかりすぎない
・カバンは左右交互に持つ、またはリュックを両肩にかける
・入浴後など体が温まったときに、肩や背中をゆっくり動かす
・整形外科の受診日を守り、経過を確認する

セルフケアで張りやつらさに変化が乏しければご相談ください。当院では姿勢、肩や骨盤の左右差、筋肉の張り、動かしやすさを確認し、整体でできること・できないことを正直にお伝えします。

※強い背部痛、息苦しさ、手足のしびれ、曲がりの急な進行がある場合は、整形外科を早めに受診してください。

岐阜県瑞穂市（穂積駅）で側弯症の体のつらさにお悩みの方は、みつむら接骨院へご相談ください。詳しくは下記の記事もご覧ください。"
hikotsukin-kenen-B,246,スポーツ障害一般,B,腓骨筋腱炎のセルフケアと予防｜足首の外側をいたわる方法,https://www.058-327-7771.net/hikotsukin-kenen/,2026-08-23,"岐阜県瑞穂市（穂積駅）で、足首の外側の痛みについて自分でできることを探している方へ。

腓骨筋腱への負担は、捻挫の既往、足首の安定性の低下、足の外側に乗る走り方、路面や靴の影響などが重なると強まると考えられます。無理のない範囲で、次の点を見直してみてください。

足首の外側をいたわるために
・痛みが強い間は、走る量やジャンプの回数を減らす
・ふくらはぎや足の外側を、強く押さずに軽くほぐす
・靴紐をしっかり締めて、かかとを安定させる
・傾斜のある路面やでこぼこ道での走り込みを控える
・痛みが出る前に、練習量や頻度を調整する

こうした対策で変化が乏しいときは、ご相談ください。当院では、足首の動き、足裏の使い方、ふくらはぎや股関節の筋肉の状態、片脚立ちの安定感などを確認します。腱の損傷や骨折などが疑われる場合は、整形外科での検査をおすすめします。サポーターやテーピングは補助であり、治療の代わりにはなりません。

※足首が大きく腫れた、体重をかけられない、強い痛みが急に出た場合は、早めに整形外科を受診してください。

岐阜県瑞穂市（穂積駅）で足首の外側の痛みが気になる方は、みつむら接骨院へご相談ください。詳しくは下記の記事もご覧ください。"
bunri-rentgen-B,116,すべり症・分離症,B,分離症が疑われる腰痛｜反らさない対処と受診の目安｜岐阜・瑞穂,https://www.058-327-7771.net/bunri-rentgen/,2026-07-30,"岐阜県瑞穂市（穂積駅）で、腰の痛みが分離症かもしれないと感じ、自分でできることを探している方へ。

成長期の初期の分離症は、レントゲンでは分かりにくいことがあると考えられます。

反らさない対処と受診の目安
・腰を反らす動きやジャンプ、ひねる動作を控える
・痛みが出るスポーツ動作は無理に続けない
・前かがみで休むなど、楽な姿勢を保つ
・腰を強く押したり揉んだりしない
・痛みが出た日時や動作をメモしておく

反らすと痛い状態が続く場合は、早めにMRI等の検査ができる整形外科を受診することをおすすめします。当院では、動作や姿勢の確認を行い、医療機関の診断を前提にサポートします。

※足の脱力、排尿・排便のトラブルがある場合は、すぐに整形外科を受診してください。スポーツの休止・復帰は医師の指示に従ってください。

岐阜県瑞穂市（穂積駅）で分離症が心配な方は、みつむら接骨院へご相談ください。詳しくは下記の記事もご覧ください。"
volley-hiza-B,384,バレー＋一般症状,B,バレーの膝の痛みを防ぐ着地とセルフケア｜岐阜・瑞穂,https://www.058-327-7771.net/volley-hiza/,2026-10-31,"岐阜県瑞穂市（穂積駅）で、バレーの膝の痛みについて自分でできることを探している方へ。

バレーは着地の回数が多く、膝への負担が積み重なりやすいと考えられます。日々の小さな工夫が、膝をいたわる助けになります。

今日からできる予防とケア
・着地では膝とつま先の向きをそろえ、静かに着地する
・練習前に股関節と足首を動かして、体を温める
・練習後は太ももの前後とお尻をゆっくり伸ばす
・痛みが出る日は、ジャンプの回数を減らして休む
・体育館の床や靴の状態を、時々見直す

セルフケアで変化が乏しい場合は、ご相談ください。当院では、着地の姿勢、膝や股関節の動き、体の使い方を確認します。成長期のお子さんは、我慢させずに保護者の方も一緒にご相談ください。

※膝の裏の痛みや腫れ、膝に水がたまる感じ、熱感を伴う腫れ、体重をかけられない場合は、早めに医療機関を受診してください。

岐阜県瑞穂市（穂積駅）でバレーの膝の痛みにお悩みの方は、みつむら接骨院へご相談ください。詳しくは下記の記事もご覧ください。"
gojukata-ninoude-B,72,五十肩,B,五十肩で二の腕が痛いときのセルフケア｜瑞穂市の接骨院,https://www.058-327-7771.net/gojukata-ninoude/,2026-07-30,"岐阜県瑞穂市（穂積駅）で、五十肩による二の腕の痛みについて自分でできることを探している方へ。

肩から二の腕にかけての痛みは、肩まわりの緊張が関わることがあると考えられています。腕への負担を減らす工夫が役立つ場合があります。

【家庭で意識したいこと】
・腕を体の横に下げたままにせず、クッションで支える時間をつくる
・重い荷物を片手で持つ動作は控える
・首や肩の力を抜き、ゆっくり深呼吸をする
・痛みが楽になる姿勢と強まる姿勢をメモしておく
・痛みが落ち着いている時期は、入浴後に腕を小さく動かす

工夫しても二の腕の痛みが変わらない、範囲が広がるときは、ご相談ください。当院では、肩・首・肩甲骨まわりの筋肉の状態や、日常の姿勢と腕の使い方を確認します。

※しびれや脱力がある、胸の締めつけ・冷や汗・息苦しさを伴う、夜間の強い痛みが続く場合は、医療機関を受診し、症状が強いときは救急要請も検討してください。

岐阜県瑞穂市（穂積駅）で肩から腕の痛みにお悩みの方は、みつむら接骨院へご相談ください。詳しくは下記の記事もご覧ください。"
herunia-nariyasui-B,52,椎間板ヘルニア,B,椎間板ヘルニアを防ぐ仕事中・家庭での工夫｜瑞穂市,https://www.058-327-7771.net/herunia-nariyasui/,2026-07-25,"岐阜県瑞穂市（穂積駅）で、椎間板ヘルニアの負担を減らす生活習慣を探している方へ。

仕事や家事の動作には、腰に負担が集まりやすい場面があります。小さな工夫の積み重ねが、腰を守ることにつながると考えられています。

仕事・家庭で意識したいこと
・座るときは骨盤を立て、背もたれとの間にクッションを入れる
・30分に一度は立ち上がり、腰や股関節を軽く動かす
・物を持つときは、体に近づけて膝を使って持ち上げる
・前かがみの作業は、台の高さを調整して姿勢を保つ
・お腹や太ももまわりを使う習慣を、無理のない範囲で続ける

こうした工夫で変化が乏しい場合は、ご相談ください。当院では、仕事の姿勢や動作を伺い、負担が集まりやすい部分の確認と、体の使い方のアドバイスを行います。

※足に力が入らない、強い麻痺、排尿・排便がうまくできないといった症状がある場合は、すぐに整形外科を受診してください。

岐阜県瑞穂市（穂積駅）で椎間板ヘルニアの負担を減らしたい方は、みつむら接骨院へご相談ください。詳しくは下記の記事もご覧ください。"
gifu-yotsu-osusume-B,134,腰痛×岐阜ローカル,B,腰痛の施術院選び｜岐阜・瑞穂市で来院前に確認したいこと,https://www.058-327-7771.net/gifu-yotsu-osusume/,2026-07-31,"岐阜県瑞穂市（穂積駅）で、腰痛の施術院を選ぶための判断のコツを自分で知りたい方へ。

情報が多いほど迷いやすくなります。事前に見るポイントを決めておくと、落ち着いて選びやすいと考えられます。

選ぶときに確認したい視点
・初回に問診や動きの確認をしてもらえるか
・施術内容や期間の見通しを説明してもらえるか
・誇張した言い切りの表現に頼っていないか
・必要に応じて医療機関の受診をすすめてもらえるか
・質問や不安を気軽に伝えられる雰囲気か

どこを選ぶか迷うときは、一度ご相談ください。みつむら接骨院では、痛みの経過や姿勢、動き方を確認し、お伝えできることを事実にもとづいて説明します。接骨院で対応できない場合は、医療機関の受診をおすすめします。

※発熱を伴う腰痛、安静でも治まらない強い痛み、足の脱力、排尿・排便のトラブルがある場合は、先に医療機関を受診してください。

岐阜県瑞穂市（穂積駅）で腰痛の施術院を探している方は、みつむら接骨院へご相談ください。詳しくは下記の記事もご覧ください。"
soccer-oshiri-B,206,サッカー,B,サッカーのお尻・中殿筋の痛み 続けながらできるケアと予防,https://www.058-327-7771.net/soccer-oshiri/,2026-07-31,"岐阜県瑞穂市（穂積駅）で、サッカーのお尻・中殿筋の痛みについて自分でできることを探している方へ。

切り返しや片脚での踏ん張りが多いサッカーでは、お尻の筋肉に負担が集まりやすいと考えられます。続けながら負担を減らす工夫です。

今日からできるケア・予防
・痛みが強い日は切り返しや急なストップの量を減らす
・痛みが出ない範囲でお尻を軽く伸ばす
・片脚で立つときに骨盤が傾かないか鏡で確認する
・練習前に軽い運動でお尻と股関節を温める
・長時間の座りっぱなしを避け、こまめに立つ

数日ケアしても変化が乏しいときは、ご相談ください。当院では、痛む場所、片脚立ちや切り返しの動き、骨盤まわりの筋肉の状態を確認し、必要に応じて整形外科の受診をおすすめします。

※お尻から脚にかけてのしびれ、足に力が入らない、排尿・排便に異常がある場合は、すぐ医療機関を受診してください。

岐阜県瑞穂市（穂積駅）でお尻の痛みでお困りの方は、みつむら接骨院へご相談ください。詳しくは下記の記事もご覧ください。"
zutsu-nanika-B,158,頭痛,B,頭痛で受診先に迷ったら｜穂積駅近く・受診の目安と家でできること,https://www.058-327-7771.net/zutsu-nanika/,2026-07-31,"岐阜県瑞穂市（穂積駅）で、頭痛の受診の目安や自分でできることを探している方へ。

頭痛は種類によって向き合い方が変わります。目安を知っておくと、迷わず動きやすくなります。

受診前と日常で意識したいこと
・頭痛が起きた日、強さ、続いた時間をメモしておく
・薬を飲んだ日と、効き具合も一緒に記録する
・こりが強い日は、蒸しタオルで首や肩を温める
・スマホやパソコンの合間に、首と肩をゆっくり動かす
・睡眠時間と水分補給をできるだけ一定に保つ

メモを持って医療機関に相談すると、状況が伝わりやすくなります。セルフケアで変化が乏しい場合や、医療機関で異常なしと言われても首や肩のつらさが残る場合は、ご相談ください。当院では、姿勢、首肩の筋肉の状態、日常の動作を確認します。

※突然の激しい頭痛、ろれつが回らない、手足の麻痺やしびれ、物が二重に見える、発熱と首の硬直がある場合は、すぐに救急受診をしてください。市販薬を飲む日が多い場合も、薬の使いすぎによる頭痛の可能性があるため医療機関へご相談ください。

岐阜県瑞穂市（穂積駅）で頭痛の受診先に迷う方は、みつむら接骨院へご相談ください。詳しくは下記の記事もご覧ください。"
kenkokotsu-hagashi-B,292,野球,B,肩甲骨まわりを楽にするセルフケア｜岐阜・瑞穂,https://www.058-327-7771.net/kenkokotsu-hagashi/,2026-09-15,"岐阜県瑞穂市（穂積駅）で、肩甲骨まわりの張りについて自分でできることを探している方へ。

デスクワークや投げる動作の繰り返しで、肩甲骨の動きが小さくなっている方は少なくありません。

今日からできるセルフケア
・肩をゆっくり大きく前後に回す
・両手を組んで背中を丸め、肩甲骨の間を広げる
・胸の前を開く意識で、壁に手をついて軽く体をひねる
・入浴で体を温め、呼吸を深くしながら力を抜く
・長時間同じ姿勢が続かないよう、こまめに動く

強く押しすぎたり無理に引っ張ったりすると、かえって痛めることがあるので、気持ちよい範囲にとどめてください。

数日続けても変化が乏しい、痛みが強まるという場合は、ご相談ください。当院では肩甲骨の動き、背中や胸の柔らかさ、姿勢のクセを確認し、負担のかかる部分を整えるお手伝いをします。

※しびれ、強い痛み、発熱、胸の痛みや息苦しさがあるときは、医療機関を受診してください。

岐阜県瑞穂市（穂積駅）で肩甲骨まわりにお悩みの方は、みつむら接骨院へご相談ください。詳しくは下記の記事もご覧ください。"
tekubi-kenshoen-B,334,肩腱板・神経・腱鞘炎・打撲骨折,B,手首の腱鞘炎を悪化させない生活の工夫｜岐阜県瑞穂市,https://www.058-327-7771.net/tekubi-kenshoen/,2026-10-06,"岐阜県瑞穂市（穂積駅）で、手首の腱鞘炎について自分でできることを探している方へ。

手首の痛みは、同じ動作の繰り返しと休めない状況が重なって長引きやすいと考えられます。日常の使い方を見直すことが第一歩です。

家庭で意識したいこと
・作業は30〜60分を目安に手を止め、手首をぶらぶらと軽く揺らす
・キーボードやマウスは手首が反りすぎない位置に置く
・物を持つときは手のひら全体で支え、指先だけでつまみ続けない
・サポーターは補助として、痛む動作の時間帯に限って使う
・強く揉んだりひねったりせず、温めて力を抜く

しばらく続けても変化が乏しい場合は、ご相談ください。当院では手首や前腕の筋肉の状態、手の使い方、姿勢を確認し、負担を減らす方法を一緒に考えます。診断や治療方針の決定は医療機関の役割のため、必要に応じて整形外科の受診をおすすめします。

※強い腫れ、変形、指が動かせない、しびれが広がる、熱をもって赤くなる場合は、早めに整形外科を受診してください。

岐阜県瑞穂市（穂積駅）で手首の痛みでお困りの方は、みつむら接骨院へご相談ください。詳しくは下記の記事もご覧ください。"
volley-kega-B,386,バレー＋一般症状,B,バレーの怪我を防ぐ部位別の予防法とセルフケア｜瑞穂市,https://www.058-327-7771.net/volley-kega/,2026-11-01,"岐阜県瑞穂市（穂積駅）で、バレーの怪我の予防について自分でできることを探している方へ。

バレーは同じ動作を繰り返すため、疲れがたまる部位に痛みが出やすいと考えられます。部位ごとの予防を、日々の習慣にしたいところです。

部位別・予防の目安
・指：ボールの受け方を見直し、練習前に指をほぐす
・足首：着地の向きに気をつけ、足首の動きを整えておく
・膝：着地でつま先と膝の向きをそろえる
・肩：肩甲骨まわりと胸をやさしく伸ばす
・腰：反りすぎを避け、体幹を使うことを意識する

予防に取り組んでも痛みが続く場合は、ご相談ください。当院では、痛む部位の状態や姿勢、動作のくせを確認し、必要に応じて医療機関の受診をおすすめします。サポーターやテーピングは補助であり、治療ではありません。

※指が曲がらない・変形・強い腫れ、体重をかけられない足首の痛み、頭を打った後の頭痛や吐き気がある場合は、早めに医療機関を受診してください。

岐阜県瑞穂市（穂積駅）でバレーの怪我にお悩みの方は、みつむら接骨院へご相談ください。詳しくは下記の記事もご覧ください。"
danpatsuko-B,248,スポーツ障害一般,B,弾発股のセルフケアと日常の工夫｜股関節の引っかかりに（岐阜・瑞穂市）,https://www.058-327-7771.net/danpatsuko/,2026-08-24,"岐阜県瑞穂市（穂積駅）で、股関節の音や引っかかりについて自分でできることを探している方へ。

股関節まわりの筋肉や腱の硬さ、お尻や体幹の使い方のバランス、同じ姿勢の続きやすさなどが、引っかかる感覚に関係していると考えられます。日常でできる工夫は次のとおりです。

日常で意識したいこと
・音を出す動きを、わざと繰り返さない
・お尻や太もも外側の筋肉を、痛くない範囲でゆるやかにほぐす
・長く座ったら、立ち上がってこまめに歩く
・片脚に体重をかける、脚を組むといった姿勢のクセを見直す
・運動の前に股関節まわりをゆっくり動かして温める

痛みを伴う、違和感が続く、動かしにくさが増すといったときはご相談ください。当院では、股関節や骨盤の動き、お尻や体幹の筋肉の状態などを確認します。関節の中の問題などが疑われる場合は、整形外科での検査をおすすめします。

※強い痛みや、脚に力が入らない、歩けない、転んだあとに急に症状が出た場合は、早めに整形外科を受診してください。

岐阜県瑞穂市（穂積駅）で股関節の音や引っかかりが気になる方は、みつむら接骨院へご相談ください。詳しくは下記の記事もご覧ください。"
zakotsu-suwarikata-B,14,坐骨神経痛,B,坐骨神経痛の座り方・運転の工夫｜岐阜県瑞穂市で今日からできる,https://www.058-327-7771.net/zakotsu-suwarikata/,2026-07-23,"岐阜県瑞穂市（穂積駅）で、坐骨神経痛の座り方や運転中の工夫について自分でできることを探している方へ。

座る環境を少し整えるだけで、体への負担が変わると考えられます。

座り方・運転の工夫
・お尻を背もたれの奥まで入れ、深く腰かける
・足裏が床につく高さに椅子を調整する
・腰の後ろにタオルを丸めて挟み、楽な角度を探す
・運転では30〜60分ごとに休憩し、車外で体を伸ばす
・財布などをお尻のポケットに入れたまま座らない

工夫をしても座るたびに痛む場合はご相談ください。当院では姿勢や骨盤まわりの筋肉の状態を確認し、日常での工夫をお伝えします。ご自身の生活や仕事の状況に合わせてお話をうかがいます。

※足に力が入らない、排尿・排便がしにくいといった症状があるときは、すぐに整形外科を受診してください。

岐阜県瑞穂市（穂積駅）で座る姿勢に悩む方は、みつむら接骨院へご相談ください。詳しくは下記の記事もご覧ください。"
soccer-keeper-B,208,サッカー,B,サッカーのGKの突き指・手首ケア 対処と予防のポイント,https://www.058-327-7771.net/soccer-keeper/,2026-07-31,"岐阜県瑞穂市（穂積駅）で、ゴールキーパーの突き指や手首の痛みについて自分でできることを探している方へ。

シュートの衝撃や手をつく場面が多いキーパーは、指や手首に負担がかかりやすいと考えられます。日頃から意識したい対処と予防です。

今日からできる対処・予防
・痛めた直後は、無理に動かさず冷やして安静にする
・突き指した指を引っ張ったり、強くもんだりしない
・練習前に指や手首を温め、軽く動かして準備する
・前腕や肩の筋肉もほぐし、腕全体の負担を減らす
・テーピングやサポーターは補助であり、治療ではないと理解する

数日休んでも痛みや腫れが引かないときは、ご相談ください。当院では、痛む場所、指や手首の動き、腕全体の筋肉の状態を確認し、必要に応じて整形外科の受診をおすすめします。

※指が曲がらない・変形している、強い腫れや内出血、手首をついた後の強い痛みがある場合は、骨折や脱臼の可能性があるため整形外科を受診してください。

岐阜県瑞穂市（穂積駅）でキーパーの指・手首の痛みでお困りの方は、みつむら接骨院へご相談ください。詳しくは下記の記事もご覧ください。"
kyosaku-ashi-shibire-B,32,脊柱管狭窄症,B,足のしびれ、自分でできる対処と受診の目安｜岐阜・瑞穂,https://www.058-327-7771.net/kyosaku-ashi-shibire/,2026-07-24,"岐阜県瑞穂市（穂積駅）で、足のしびれについて、自分でできることや受診の目安を探している方へ。

しびれには腰以外の原因が隠れていることもあり、様子を見てよい場合と、早めの受診が望ましい場合があります。

日常での対処と受診の目安
・しびれが出やすい姿勢や動作を控え、楽な姿勢で休む
・腰を反らす姿勢を避け、椅子では背もたれを使って座る
・足を冷やしすぎないよう、ゆっくり温めて血行を促す
・しびれの場所・強さ・出る時間を毎日メモする
・数週間続く、範囲が広がる、歩ける距離が短くなる場合は整形外科へ

こうした工夫で変化が乏しければご相談ください。当院では、姿勢や腰・股関節まわりの動き、筋肉の状態を確認し、負担を減らす方法をお伝えします。

※足の脱力、排尿・排便のトラブル、会陰部のしびれ、片側の急な麻痺がある場合は、すぐに医療機関を受診してください。

岐阜県瑞穂市（穂積駅）で足のしびれにお悩みの方は、みつむら接骨院へご相談ください。詳しくは下記の記事もご覧ください。"
yakyu-kenkokotsu-B,294,野球,B,野球の肩甲骨の痛みを和らげるフォームと対処｜岐阜,https://www.058-327-7771.net/yakyu-kenkokotsu/,2026-09-16,"岐阜県瑞穂市（穂積駅）で、野球で肩甲骨が痛いときに自分でできることを探している方へ。

投球では、肩だけでなく体全体の連動が大切と考えられます。疲れがたまる前に、ケアとフォームの見直しを意識しましょう。

今日からできる予防と対処
・投球前に肩甲骨と胸まわりをしっかり動かす
・痛みが出た日は投球数を控え、無理をしない
・投げた後は肩を休ませ、背中を軽くほぐす
・下半身と体幹を使い、腕だけで投げない意識を持つ
・睡眠と食事をとり、疲労を翌日に残さない

痛みが続く、投げるたびに同じ場所が痛むという場合は、ご相談ください。当院では肩甲骨の動き、背中や胸の柔らかさ、体幹や股関節の使い方を確認し、負担のかかる部分を整えるお手伝いをします。

※強い痛み、しびれ、可動域の制限、夜も続く痛みがある場合は、早めに整形外科を受診してください。

岐阜県瑞穂市（穂積駅）で野球による肩甲骨の痛みにお悩みの方は、みつむら接骨院へご相談ください。詳しくは下記の記事もご覧ください。"
volley-ude-aza-B,388,バレー＋一般症状,B,バレーの腕のあざ｜内出血のセルフケアと予防のコツ（岐阜・瑞穂）,https://www.058-327-7771.net/volley-ude-aza/,2026-11-02,"岐阜県瑞穂市（穂積駅）で、レシーブによる腕のあざについて自分でできることを探している方へ。

レシーブで腕にボールを受けると、内出血が出ることがあります。あざは多くの場合、時間とともに色が変わりながら薄くなると考えられますが、対処や予防の工夫で負担を減らせる場合もあります。

今日からできる対処と予防
・受傷直後は、冷やしすぎない範囲で短時間冷やす
・あざの部分を揉んだり、強く押したりしない
・入浴は長湯を避け、様子を見ながら温める
・ボールの当てる位置を、腕の平らな面にそろえる
・構えたときに、腕と体幹の向きを確認する

あざが長引く、繰り返す場合は、ご相談ください。当院では、腕や肩の動き、レシーブ時の姿勢を確認します。お子さんの場合は、保護者の方も一緒にお聞きします。

※腕の強い腫れや痛み、指が動かしにくい、しびれ、あざが急に広がる、出血が止まりにくいときは、早めに医療機関を受診してください。

岐阜県瑞穂市（穂積駅）で腕のあざにお悩みの方は、みつむら接骨院へご相談ください。詳しくは下記の記事もご覧ください。"
sokuwan-dosuu-B,96,側弯症,B,側弯症の経過観察中に家庭でできること｜瑞穂市の接骨院,https://www.058-327-7771.net/sokuwan-dosuu/,2026-07-30,"岐阜県瑞穂市（穂積駅）で、側弯症の経過観察中に自分でできることを探している方へ。「様子を見ましょう」と言われると、何もしなくてよいのか迷いますよね。

経過観察では、定期的な評価と日常での見守りを続けることが大切と考えられます。

家庭で意識したい見守りのポイント
・整形外科で言われた受診の間隔を家族で共有し、予約日を忘れない
・成長期は身長の伸びをときどき記録しておく
・入浴後などに、肩や腰の高さの左右差をさりげなく見守る
・同じ姿勢を続けすぎず、こまめに体を動かす
・装具や運動の指示がある場合は、医師の説明に従う

背中や腰の張りが続くなど、セルフケアで変化が乏しければご相談ください。当院では姿勢、筋肉の張り、左右の動かしやすさを確認します。曲がりの角度の評価は整形外科にお任せしています。

※強い背部痛、息苦しさ、手足のしびれ、曲がりの急な進行がある場合は、整形外科を早めに受診してください。

岐阜県瑞穂市（穂積駅）で側弯症の経過観察中の方は、みつむら接骨院へご相談ください。詳しくは下記の記事もご覧ください。"
golf-hiji-B,336,肩腱板・神経・腱鞘炎・打撲骨折,B,肘の内側が痛いとき、自宅で意識したい負担の減らし方,https://www.058-327-7771.net/golf-hiji/,2026-10-07,"岐阜県瑞穂市（穂積駅）で、ゴルフ肘のような肘の内側の痛みについて自分でできることを探している方へ。

肘の内側の痛みは、手首や指を曲げる動作の積み重ねで起こりやすいと考えられます。まずは負担を減らすことが大切です。

家庭で意識したいこと
・痛みが出る動作（強く握る、ひねる、重い物を持つ）を減らす
・物は手のひらを上に向けて、両手で持つ
・タオルを絞るときは力を入れすぎない
・痛みの強い時期は温めすぎず、様子を見ながら休ませる
・前腕の筋肉をやさしくさすり、肩や首の力みも抜く

数日続けても変化が乏しい場合は、ご相談ください。当院では、前腕や肩まわりの筋肉の状態、手や腕の使い方、姿勢を確認します。診断や治療方針の決定は医療機関の役割のため、必要に応じて整形外科での診察をおすすめします。

※肘の強い腫れや熱感、変形、小指や薬指のしびれが強い、肘が動かせない場合は、早めに整形外科を受診してください。

岐阜県瑞穂市（穂積駅）で肘の内側の痛みでお困りの方は、みつむら接骨院へご相談ください。詳しくは下記の記事もご覧ください。"
soccer-ashinokou-B,210,サッカー,B,サッカーの足の甲の痛み 対処と受診の目安 岐阜・瑞穂,https://www.058-327-7771.net/soccer-ashinokou/,2026-07-31,"岐阜県瑞穂市（穂積駅）で、サッカーの足の甲の痛みについて自分でできることを探している方へ。

キックや踏まれた衝撃の後は、痛みの程度や続き方を見ておくことが大切と考えられます。今日からできる工夫と受診の考え方です。

今日からできる対処
・痛みが強い間はキックや強い踏み込みを控える
・腫れや熱感があるときは、短時間冷やして安静にする
・スパイクの紐の締め付けを緩め、甲への圧迫を減らす
・痛む場所や腫れ、体重をかけられるかを記録しておく
・ふくらはぎや足首をやさしくほぐし、足全体の負担を減らす

数日休んでも痛みや腫れが残るときは、ご相談ください。当院では、痛む場所や足首・足指の動き、キックや着地のくせを確認し、必要に応じて整形外科の受診をおすすめします。骨の損傷は画像検査が欠かせないため、自己判断で続けないでください。

※踏まれた後の強い痛み、腫れや内出血、体重をかけられない場合は、骨折の可能性もあるため早めに整形外科を受診してください。

岐阜県瑞穂市（穂積駅）で足の甲の痛みでお困りの方は、みつむら接骨院へご相談ください。詳しくは下記の記事もご覧ください。"
rijokin-B,250,スポーツ障害一般,B,梨状筋のストレッチとセルフケア｜お尻の奥の痛みに｜岐阜・瑞穂市,https://www.058-327-7771.net/rijokin/,2026-08-25,"岐阜県瑞穂市（穂積駅）で、お尻の奥の痛みについて自分でできることを探している方へ。

梨状筋は座る時間の長さや股関節の使い方で硬くなりやすいと考えられています。痛みやしびれが強くないときに、無理のない範囲で試せるケアをまとめました。

お尻の奥のセルフケア
・仰向けで膝を立て、片方の足首を反対側の膝に乗せてゆっくり引き寄せる
・呼吸を止めず、心地よく伸びる範囲で20秒ほど保つ
・痛みやしびれが強まるときは、すぐに中止する
・座る時間が長い日は、こまめに立って歩く
・お尻を強く押したり、叩いたりしない

セルフケアで変化が乏しいときや、しびれが続くときはご相談ください。当院では、お尻や股関節、腰まわりの筋肉の状態、立ち姿勢や座り方などを確認します。腰からくる症状との区別は医療機関の役割ですので、必要に応じて整形外科での検査をおすすめします。

※足に力が入らない、排尿・排便の異常、お尻や股の感覚が鈍い場合は、すぐに整形外科を受診してください。

岐阜県瑞穂市（穂積駅）でお尻の奥の痛みが気になる方は、みつむら接骨院へご相談ください。詳しくは下記の記事もご覧ください。"
zutsu-gansei-B,160,頭痛,B,目の奥が痛む頭痛の対処と予防｜画面作業が多い岐阜の方へ,https://www.058-327-7771.net/zutsu-gansei/,2026-07-31,"岐阜県瑞穂市（穂積駅）で、目の奥が痛む頭痛について自分でできることを探している方へ。

画面作業が長いと、目だけでなく首や肩にも負担が積み重なります。生活の中で少し整えるだけでも、体の楽さが変わることがあります。

今日からできるセルフケア
・画面を見る合間に、遠くをぼんやり眺めて目を休める
・画面の高さを目線よりやや下にし、首が前に出ない姿勢にする
・意識してまばたきをし、目の乾きを防ぐ
・蒸しタオルを目元や首の後ろに当てて温める
・部屋の明るさと画面の明るさの差を小さくする

セルフケアで変化が乏しい場合や、視力の変化を感じる場合は、眼科や医療機関への相談をおすすめします。そのうえで首や肩のこりが残るときは、当院で姿勢、首肩の筋肉の緊張、作業中の体の使い方を確認します。

※突然の激しい頭痛、ろれつが回らない、手足の麻痺やしびれ、物が二重に見える、発熱と首の硬直がある場合は、すぐに救急受診をしてください。目の痛みに吐き気や視力低下を伴う場合も、早めに医療機関を受診してください。

岐阜県瑞穂市（穂積駅）で目の疲れと頭痛にお悩みの方は、みつむら接骨院へご相談ください。詳しくは下記の記事もご覧ください。"
bunri-dai5-yotsui-B,118,すべり症・分離症,B,第5腰椎の分離症｜負担を減らす動き方と受診の目安｜瑞穂市,https://www.058-327-7771.net/bunri-dai5-yotsui/,2026-07-30,"岐阜県瑞穂市（穂積駅）で、腰の下のほうの負担を減らす方法を探している方へ。

第5腰椎には反る力とひねる力が集まりやすいと考えられ、動き方の工夫が役立つことがあります。

腰への負担を減らす工夫
・股関節や太ももの裏の柔軟性を保つ
・立つときに腰を反らしすぎないよう意識する
・ジャンプや投げる動作の後は、腰を休ませる時間をつくる
・痛みが出た動作は無理に続けない
・成長期のお子さんが痛みを我慢しないよう、声をかける

痛みが続く場合や、反ると痛む状態が変わらない場合は、整形外科での検査をおすすめします。当院では、股関節・体幹・姿勢の動きを確認し、医療機関の診断を前提にサポートします。

※足の脱力、排尿・排便のトラブルがある場合は、すぐに整形外科を受診してください。スポーツの休止・復帰は医師の指示に従ってください。

岐阜県瑞穂市（穂積駅）で分離症でお悩みの方は、みつむら接骨院へご相談ください。詳しくは下記の記事もご覧ください。"
ashikubi-supporter-B,390,バレー＋一般症状,B,足首サポーターの使い方と再発予防のセルフケア｜岐阜・瑞穂,https://www.058-327-7771.net/ashikubi-supporter/,2026-11-03,"岐阜県瑞穂市（穂積駅）で、足首のサポーターと捻挫の再発予防について自分でできることを探している方へ。

捻挫のあとは、痛みが引いても足首の安定感が戻りきらないことがあると考えられます。サポーターは補助として使い、足首自身の働きを整えることが大切です。

サポーターと日々のケアの目安
・運動時に使い、日常や就寝時は外すことを基本にする
・きつすぎない、ずれにくいサイズを選ぶ
・痛みのない範囲で、足首を上下・左右にゆっくり動かす
・片足立ちで、ふらつきを確かめながらバランスを整える
・靴のかかとやひもの緩みを、こまめに見直す

セルフケアで足首のぐらつきが変わらない場合は、ご相談ください。当院では、足首や足の指、膝や股関節の動き、体の使い方を確認します。

※体重をかけられない、足首が変形している、強い腫れや骨を押すと痛みがある場合は、骨折の可能性があるため、早めに整形外科を受診してください。

岐阜県瑞穂市（穂積駅）で足首の捻挫にお悩みの方は、みつむら接骨院へご相談ください。詳しくは下記の記事もご覧ください。"
gojukata-naoranai-B,74,五十肩,B,五十肩が長引くときの見直しポイント｜岐阜県瑞穂市,https://www.058-327-7771.net/gojukata-naoranai/,2026-07-30,"岐阜県瑞穂市（穂積駅）で、長引く五十肩について自分でできることを探している方へ。

五十肩は長くかかることがあると言われますが、日常の過ごし方を見直すことで、負担が軽くなる場合があります。

【今日から見直したいポイント】
・今の時期に合った動かし方かを確認する（痛みが強い時期は無理に伸ばさない）
・スマホやデスクワークで、肩がすくんだり前に巻いたりする姿勢が続いていないか振り返る
・痛い側をかばって反対側や首に力が入っていないか気づく
・寝るときはクッションで腕を支え、肩が下がらないようにする
・痛みが出る動きと出ない動きを、簡単にメモしておく

見直しても変化が乏しい、痛みが強まるときは、ご相談ください。当院では、肩の動く範囲、首や肩甲骨まわりの筋肉の状態、日常の姿勢を確認します。

※夜間の強い痛みが長引く、腕に力が入らない、しびれや胸の締めつけを伴う場合は、整形外科などの医療機関を受診してください。

岐阜県瑞穂市（穂積駅）で五十肩が長引いている方は、みつむら接骨院へご相談ください。詳しくは下記の記事もご覧ください。"
herunia-shigoto-B,54,椎間板ヘルニア,B,ヘルニアで働きながらできる工夫｜岐阜・瑞穂の接骨院,https://www.058-327-7771.net/herunia-shigoto/,2026-07-25,"岐阜県瑞穂市（穂積駅）で、椎間板ヘルニアを抱えながら働く工夫を探している方へ。

仕事を続けるうえでは、痛みを我慢するより、負担がかかりにくい環境を整える視点が大切と考えられています。

働きながら意識したいこと
・デスクワークでは、椅子の高さと画面の位置を調整する
・立ち仕事では、片足を台にのせるなど姿勢を切り替える
・重い物は一人で無理をせず、周りに手伝いを頼む
・昼休みに横になったり、軽く歩いたりして腰を休める
・痛みが強い日は、仕事量や動き方を調整する

工夫しても痛みが続く、仕事に支障が出るといった場合は、早めにご相談ください。当院では、仕事の姿勢や作業内容を伺い、腰の状態を確認したうえで、働きながら続けやすい体のケアをお伝えします。

※足に力が入らない、強い麻痺、排尿・排便がうまくできないといった症状がある場合は、すぐに整形外科を受診してください。

岐阜県瑞穂市（穂積駅）でヘルニアと仕事の両立を考える方は、みつむら接骨院へご相談ください。詳しくは下記の記事もご覧ください。"
tfcc-sonsho-B,296,野球,B,手首の小指側が痛いときの過ごし方｜岐阜・瑞穂市,https://www.058-327-7771.net/tfcc-sonsho/,2026-09-17,"岐阜県瑞穂市（穂積駅）で、手首の小指側の痛みについて自分でできることを探している方へ。

手首は細かい骨や組織が集まる場所で、ひねる動作の繰り返しが負担になりやすいと考えられます。

家庭で意識したいこと
・痛みが出る動作やひねる動きを、できる範囲で減らす
・重い物を持つときは、手首を反らさず両手で支える
・スマホやパソコンで、手首を曲げたままにしない
・入浴後に前腕や肘まわりを軽くほぐす
・痛みを我慢して素振りや練習を続けない

数日休んでも変化が乏しい、ひねると痛みが強まるという場合は、ご相談ください。当院では手首の動き、前腕や肘、肩の使い方、握り方のクセを確認し、負担が集中しやすい部分を整えるお手伝いをします。

※強い痛み、腫れ、変形、しびれ、手首が動かせないときは、早めに整形外科を受診してください。

岐阜県瑞穂市（穂積駅）で手首の小指側の痛みにお悩みの方は、みつむら接骨院へご相談ください。詳しくは下記の記事もご覧ください。"
soccer-shinsplint-B,212,サッカー,B,サッカーのシンスプリント 続けながらの対処と予防 瑞穂市,https://www.058-327-7771.net/soccer-shinsplint/,2026-07-31,"岐阜県瑞穂市（穂積駅）で、サッカーのすねの内側の痛みについて自分でできることを探している方へ。

走る量の増加やふくらはぎの硬さ、硬い地面での練習が重なると、すねの内側に負担が集まりやすいと考えられます。続けながら負担を減らすための工夫です。

今日からできる対処・予防
・痛みが強い日は走る量やダッシュ、ジャンプを減らす
・ふくらはぎをゆっくり伸ばし、やさしくほぐす
・足裏の筋肉を使い、足のアーチを意識する
・練習量は急に増やさず、休養日をしっかり取る
・スパイクやシューズがすり減っていないか確認する

数日ケアを続けても変化が乏しいときは、ご相談ください。当院では、痛む範囲や押したときの痛み方、足首の動き、走り方や着地のくせを確認し、必要に応じて整形外科の受診をおすすめします。成長期のお子さんは、復帰の判断を医師に相談してください。

※じっとしていても痛む、一点を押すと強く痛む、腫れがある場合は、疲労骨折の可能性もあるため、早めに整形外科を受診してください。

岐阜県瑞穂市（穂積駅）ですねの内側の痛みでお困りの方は、みつむら接骨院へご相談ください。詳しくは下記の記事もご覧ください。"
naisoku-sokufukujintai-B,252,スポーツ障害一般,B,内側側副靭帯損傷のあとの過ごし方と復帰の考え方｜岐阜・瑞穂市,https://www.058-327-7771.net/naisoku-sokufukujintai/,2026-08-26,"岐阜県瑞穂市（穂積駅）で、膝の内側の靭帯を痛めたあとの過ごし方を探している方へ。

靭帯の損傷は、程度によって必要な対応が異なると考えられます。まずは整形外科で診断を受け、医師の指示に沿って過ごすことが前提です。そのうえで、日常で意識したい点をまとめます。

復帰に向けて意識したいこと
・医師から運動再開の許可が出るまでは無理をしない
・階段や段差で、膝が内側に入らないよう意識する
・太ももの前後やお尻の筋肉を、痛くない範囲で動かして確認する
・サポーターやテーピングは補助にとどめ、治療の代わりにしない
・痛み、腫れ、ぐらつき感を見ながら、復帰は段階的に進める

診断を受けたあとのリハビリ期に、動かし方や筋肉の使い方に不安がある、思うように戻らないと感じるときはご相談ください。当院では、医師の方針を尊重し、膝まわりや股関節、足首の動きや体の使い方を確認して、併用サポートとして整えるお手伝いをします。

※膝がガクッと崩れる、体重をかけられない、強い腫れや変形がある場合は、すぐに整形外科を受診してください。

岐阜県瑞穂市（穂積駅）で膝の内側の痛みが気になる方は、みつむら接骨院へご相談ください。詳しくは下記の記事もご覧ください。"
golf-hiji-stretch-B,338,肩腱板・神経・腱鞘炎・打撲骨折,B,ゴルフ肘のストレッチを安全に行うための目安,https://www.058-327-7771.net/golf-hiji-stretch/,2026-10-08,"岐阜県瑞穂市（穂積駅）で、ゴルフ肘のストレッチを安全に行いたい方へ。

肘の内側が痛いときのストレッチは、やり方や時期を誤ると負担になることがあると考えられます。無理をしない目安を知っておきましょう。

今日からできるセルフケア
・ストレッチは痛みが出ない範囲で、反動をつけずにゆっくり行う
・伸ばす時間は数十秒を目安に、痛みが強い日は休む
・手首を曲げ伸ばしする前に、手のひらを軽く開閉して温める
・ストレッチ後に痛みが強まったら、その日は控える
・肩や首、背中もゆるめて、肘だけに頼らない体の使い方を意識する

セルフケアで変化が乏しい場合は、ご相談ください。当院では、前腕や肩まわりの筋肉の状態、腕の使い方、姿勢を確認し、その方に合うケアの範囲を一緒に考えます。診断や治療方針の決定は医療機関の役割のため、必要に応じて整形外科での診察をおすすめします。

※肘の強い腫れや熱感、変形、しびれが強い、安静でも痛みが治まらない場合は、早めに整形外科を受診してください。

岐阜県瑞穂市（穂積駅）で肘の痛みでお困りの方は、みつむら接骨院へご相談ください。詳しくは下記の記事もご覧ください。"
zakotsu-nekata-B,16,坐骨神経痛,B,坐骨神経痛の寝方・寝具の整え方｜瑞穂市で今夜からできること,https://www.058-327-7771.net/zakotsu-nekata/,2026-07-23,"岐阜県瑞穂市（穂積駅）で、坐骨神経痛の寝方について自分でできることを探している方へ。

睡眠中の姿勢を整えると、腰への負担を減らしやすいと考えられます。

今夜からできる寝方の工夫
・仰向けなら、膝の下にクッションや丸めたタオルを入れる
・横向きなら、両膝の間にクッションを挟む
・沈み込みすぎるマットレスは避け、適度な硬さを選ぶ
・起き上がるときは、横向きになって腕で体を支える
・寝る前に体を冷やさず、力を抜いて深呼吸する

工夫を続けても夜間の痛みが変わらない場合はご相談ください。当院では姿勢や筋肉の緊張を確認し、寝具や寝姿勢の見直しをお伝えします。ご自身の生活や仕事の状況に合わせてお話をうかがいます。

※足に力が入らない、排尿・排便がしにくいといった症状があるときは、すぐに整形外科を受診してください。

岐阜県瑞穂市（穂積駅）で睡眠中の痛みにお悩みの方は、みつむら接骨院へご相談ください。詳しくは下記の記事もご覧ください。"
volley-ashikubi-nenza-B,392,バレー＋一般症状,B,足首捻挫を繰り返すバレー選手へ｜今日からできる予防ケア｜岐阜・瑞穂,https://www.058-327-7771.net/volley-ashikubi-nenza/,2026-11-04,"岐阜県瑞穂市（穂積駅）で、バレーの足首捻挫について自分でできることを探している方へ。

一度捻った足首は、痛みが引いたあとも踏ん張る力やバランス感覚が戻りきらないことがあると考えられます。

今日からできる予防セルフケア
・片足立ちで10秒ほどバランスを保つ練習をする
・ふくらはぎや足首まわりを、痛みのない範囲でゆっくり伸ばす
・着地はつま先だけでなく、膝を軽く曲げて全体で受ける意識を持つ
・練習前に足首をゆっくり回して動きを確かめる
・サポーターやテーピングは補助であり治療ではないと理解して使う

セルフケアを続けても足首の不安定さや痛みが変わらないときは、ご相談ください。みつむら接骨院では、足首の動き、周囲の筋肉の状態、着地時の体の使い方を確認し、負担のかかり方を一緒に整理します。

※強い腫れ、体重をかけられない痛み、変形がある場合は骨折の可能性もあるため、先に整形外科を受診してください。

岐阜県瑞穂市（穂積駅）で足首捻挫の予防を考えている方は、みつむら接骨院へご相談ください。詳しくは下記の記事もご覧ください。"
gifu-yotsu-senmon-B,136,腰痛×岐阜ローカル,B,「腰痛専門」の看板を見る前に｜選び方の注意点と確認の目安,https://www.058-327-7771.net/gifu-yotsu-senmon/,2026-07-31,"岐阜県瑞穂市（穂積駅）で、「腰痛専門」の言葉に惑わされず、自分で選ぶ目安を探している方へ。

看板や広告の言葉は分かりやすい反面、実際の内容までは伝わりにくいことがあると考えられます。次の視点で確認してみましょう。

看板の言葉以外に見たいポイント
・初回に痛みの経過をしっかり聞いてくれるか
・腰以外の体の状態も確認してくれるか
・施術内容や回数の見通しを説明してくれるか
・医療機関での検査が必要な場合に伝えてくれるか
・誇張した表現に頼りすぎていないか

決めきれないときは、お気軽にご相談ください。みつむら接骨院では、痛みの出方や姿勢、動き方を確認し、接骨院でお手伝いできる範囲と、受診が望ましい場合を事実にもとづいてお伝えします。

※発熱を伴う腰痛、安静でも治まらない強い痛み、足の脱力、排尿・排便のトラブルがある場合は、先に医療機関を受診してください。

岐阜県瑞穂市（穂積駅）で腰痛の相談先を探している方は、みつむら接骨院へご相談ください。詳しくは下記の記事もご覧ください。"
soccer-jinkoshiba-B,214,サッカー,B,人工芝のサッカー 怪我の予防とスパイク・環境の見直し方,https://www.058-327-7771.net/soccer-jinkoshiba/,2026-07-31,"岐阜県瑞穂市（穂積駅）で、人工芝でのサッカーの怪我を予防する方法を探している方へ。

人工芝はスパイクが引っかかりやすく、足首や膝に負担がかかる場合があると考えられます。環境や道具を見直すことで、負担を減らす工夫ができます。

今日からできる予防と見直し
・人工芝に適したスパイクか、すり減っていないか確認する
・練習前に足首、膝、股関節を軽く動かして温める
・練習後はふくらはぎや太ももをやさしくほぐす
・切り返しで足を強く固定しすぎない動き方を意識する
・連日の練習が続く時期は、休養日も大切にする

違和感が続くときは、ご相談ください。当院では、痛む場所や足首・膝の動き、着地や切り返しのくせ、足まわりの筋肉の状態を確認し、必要に応じて整形外科の受診をおすすめします。スパイクなどの道具は補助であり、怪我を防ぐ保証にはなりません。

※膝や足首をひねった直後の強い痛み、腫れ、体重をかけられない場合は、靭帯損傷や骨折の可能性もあるため、早めに整形外科を受診してください。

岐阜県瑞穂市（穂積駅）で人工芝での怪我の予防にお悩みの方は、みつむら接骨院へご相談ください。詳しくは下記の記事もご覧ください。"
zutsu-kubikori-B,162,頭痛,B,スマホ首の頭痛を減らすセルフケア｜今日からできる姿勢と首のケア,https://www.058-327-7771.net/zutsu-kubikori/,2026-07-31,"岐阜県瑞穂市（穂積駅）で、スマホ首からくる頭痛について自分でできることを探している方へ。

首が前に出る姿勢は、無意識のうちに続きやすいものです。使い方を少し見直すだけでも、首まわりの負担は変わると考えられています。

今日からできるセルフケア
・スマホは胸の高さより上、目線に近い位置で持つ
・20〜30分に一度は手を止めて、首と肩をゆっくり回す
・あごを軽く引き、後頭部を壁に近づけるイメージで立つ
・入浴や蒸しタオルで首の後ろを温めて緊張をゆるめる
・寝るときの枕は、首が反りすぎない高さにする

セルフケアで変化が乏しい場合は、ご相談ください。当院では、首や肩甲骨まわりの筋肉の状態、姿勢、スマホや仕事中の体の使い方を確認します。首を動かして強いしびれや痛みが走る場合は、まず整形外科で検査を受けてください。

※突然の激しい頭痛、ろれつが回らない、手足の麻痺やしびれ、物が二重に見える、発熱と首の硬直がある場合は、すぐに救急受診をしてください。

岐阜県瑞穂市（穂積駅）で首こりと頭痛にお悩みの方は、みつむら接骨院へご相談ください。詳しくは下記の記事もご覧ください。"
tfcc-support-B,298,野球,B,TFCC損傷のサポーター・テーピングの使い方の目安,https://www.058-327-7771.net/tfcc-support/,2026-09-18,"岐阜県瑞穂市（穂積駅）で、TFCC損傷のサポーターやテーピングの使い方を知りたい方へ。

サポーターやテーピングは、あくまで動きを補助するものです。使い方次第で感じ方が変わると考えられます。

使うときの目安と注意点
・きつく締めすぎず、指先の色やしびれに気をつける
・痛みが出る場面だけ使い、付けっぱなしにしない
・使っても痛みが強い動作は、無理に続けない
・肌がかぶれたら、すぐに外す
・補助に頼りすぎず、手首に負担をかけない使い方も意識する

使ってみても変化が乏しい、痛みが続くという場合は、ご相談ください。当院では手首の動き、握り方のクセ、前腕や肩まわりの状態を確認し、負担の少ない使い方を一緒に考えます。

※指先のしびれ、色の変化、強い腫れ、痛みの悪化がある場合は外して、早めに医療機関を受診してください。

岐阜県瑞穂市（穂積駅）で手首の痛みにお悩みの方は、みつむら接骨院へご相談ください。詳しくは下記の記事もご覧ください。"
sokuwan-otona-B,98,側弯症,B,大人の側弯症を過ごしやすくする生活の工夫｜瑞穂市の接骨院,https://www.058-327-7771.net/sokuwan-otona/,2026-07-30,"岐阜県瑞穂市（穂積駅）で、大人の側弯症について自分でできることを探している方へ。曲がりを治すことはできなくても、背中や腰の負担を減らして過ごしやすくする工夫はあります。

年齢とともに筋力や背骨まわりの柔軟性が変わり、負担を感じやすくなることがあると考えられます。

今日からできる生活の工夫
・痛みのない範囲で、軽いウォーキングなどを続ける
・座りっぱなしを避け、30分に一度は立ち上がる
・重い荷物は片側だけで持たず、左右に分ける
・寝具は体が沈み込みすぎないものを選ぶ
・整形外科で定期的に経過を確認する

工夫を続けても背中や腰のつらさに変化が乏しければご相談ください。当院では姿勢、筋肉の張り、体の使い方を確認し、負担の少ない動かし方をお伝えします。曲がりの評価は整形外科の役割です。

※強い背部痛、息苦しさ、手足のしびれや脱力、曲がりの急な進行がある場合は、整形外科を早めに受診してください。

岐阜県瑞穂市（穂積駅）で大人の側弯症による体のつらさにお悩みの方は、みつむら接骨院へご相談ください。詳しくは下記の記事もご覧ください。"
volley-koshi-B,394,バレー＋一般症状,B,バレーの腰痛セルフケア｜反らさない工夫と受診の目安｜岐阜・瑞穂,https://www.058-327-7771.net/volley-koshi/,2026-11-05,"岐阜県瑞穂市（穂積駅）で、バレーの腰痛について自分でできることを探している方へ。

スパイクやサーブでは腰を反らす動きが繰り返されるため、股関節や背中の硬さが腰への負担を増やすことがあると考えられます。

今日からできる対処と工夫
・痛みが出る日は打つ本数を減らし、腰を反らす動きを控える
・太ももの前や股関節まわりを、痛みのない範囲でゆっくり伸ばす
・胸や背中をやさしく動かして、腰だけで反らない体を目指す
・お腹に軽く力を入れて立つ姿勢を意識する
・入浴で体を温め、就寝時は楽な姿勢を探す

特に成長期の場合は、痛みを我慢して続けず、早めの受診をおすすめします。セルフケアで変化が乏しいときはご相談ください。みつむら接骨院では、腰、股関節、背中の動きや姿勢を確認し、負担の出やすい体の使い方を整理します。

※脚の脱力、排尿や排便の異常、発熱を伴う腰痛、安静でも治まらない強い痛みがあるときは、すぐ医療機関を受診してください。

岐阜県瑞穂市（穂積駅）でバレーの腰痛にお悩みの方は、みつむら接骨院へご相談ください。詳しくは下記の記事もご覧ください。"
kotantansho-B,254,スポーツ障害一般,B,成長期のスポーツ障害｜家庭で見守るポイントと受診目安【瑞穂市】,https://www.058-327-7771.net/kotantansho/,2026-08-27,"岐阜県瑞穂市（穂積駅）で、成長期のお子さんのスポーツ障害について自分でできることを探している保護者の方へ。

成長期は骨が急に伸びる一方で筋肉が追いつきにくく、膝やかかとなどに負担が集まりやすい時期と考えられています。

家庭で意識したいこと
・痛みを我慢させず、「痛い」と言える雰囲気をつくる
・運動後に太ももやふくらはぎを軽く伸ばす習慣をつける
・睡眠や食事をしっかりとり、体の回復を支える
・練習量や頻度が急に増えていないか確認する
・靴が合っているか、すり減っていないかを見直す

こうした工夫で痛みの変化が乏しい場合は、ご相談ください。当院では、痛む場所、動かしたときの様子、フォームや体の使い方を確認します。ただし、診断や運動を休む・再開する判断は整形外科の医師の役割ですので、医療機関との併用をおすすめします。

※強い痛み、腫れや熱感、歩き方の異常、夜間や安静時の痛みがある場合は、早めに整形外科を受診してください。

岐阜県瑞穂市（穂積駅）で成長期のお子さんのスポーツ障害でお悩みの方は、みつむら接骨院へご相談ください。詳しくは下記の記事もご覧ください。"
kyosaku-arukenai-B,34,脊柱管狭窄症,B,歩行がつらい方の歩き方・生活の工夫｜瑞穂市の接骨院,https://www.058-327-7771.net/kyosaku-arukenai/,2026-07-24,"岐阜県瑞穂市（穂積駅）で、歩行がつらいときに自分でできることを探している方へ。

歩けないほど症状が強い日は無理をせず、楽に動ける工夫を見つけることが大切と考えられます。痛みを我慢して歩き続けると、かえって症状が強まることもあります。

歩き方・生活の工夫
・腰を反らさず、やや前かがみで歩ける道具を活用する
・歩幅を小さくし、ゆっくりしたペースで歩く
・つらくなる前に、腰かけて休憩する場所を決めておく
・買い物は回数を分け、荷物は軽くする
・座って行える動作を増やし、血行を保つ

こうした工夫でも歩ける距離が短くなる場合は、早めに整形外科で相談してください。当院では、歩き方・姿勢・股関節まわりの硬さを確認し、日常での負担を減らす方法をお伝えします。

※足の脱力、排尿・排便のトラブル、急に歩けなくなった場合は、すぐに医療機関を受診してください。

岐阜県瑞穂市（穂積駅）で歩行のつらさにお悩みの方は、みつむら接骨院へご相談ください。詳しくは下記の記事もご覧ください。"
daboku-hayaku-B,340,肩腱板・神経・腱鞘炎・打撲骨折,B,打撲直後と数日後の対処｜冷やす・休ませる・様子を見る,https://www.058-327-7771.net/daboku-hayaku/,2026-10-09,"岐阜県瑞穂市（穂積駅）で、打撲の痛みや内出血に自分でできることを探している方へ。

打撲は、時期によって適した対処が変わると考えられます。あわてず、段階に合わせて対応しましょう。

今日からできるセルフケア
・受傷直後は、タオルで包んだ保冷剤などで短時間ずつ冷やす
・患部は心臓より高くして、できるだけ安静にする
・強く押したり揉んだりしない（内出血が広がることがあります）
・湿布は貼る時間を守り、かぶれたらすぐに外す
・数日して腫れが落ち着いたら、痛みのない範囲で少しずつ動かす

セルフケアで変化が乏しい場合は、ご相談ください。当院では、痛みをかばって硬くなった周囲の筋肉や体の使い方を確認します。骨折の有無などの診断や治療方針の決定は医療機関の役割のため、必要に応じて整形外科での検査をおすすめします。

※強い腫れや変形、体重をかけられない、動かせない、しびれがある場合は骨折の疑いがあるため受診してください。頭・胸・お腹を強く打って吐き気や息苦しさがある場合は、すぐ救急を受診してください。

岐阜県瑞穂市（穂積駅）で打撲後の痛みでお困りの方は、みつむら接骨院へご相談ください。詳しくは下記の記事もご覧ください。"
soccer-mental-B,216,サッカー,B,サッカーの怪我明けの不安との向き合い方｜復帰までの考え方（瑞穂市）,https://www.058-327-7771.net/soccer-mental/,2026-07-31,"岐阜県瑞穂市（穂積駅）で、怪我をした後もサッカーを続けたい、安心して復帰したいと考えている方へ。

怪我のあとは、体の回復だけでなく気持ちの整理にも時間がかかることがあります。焦って戻るより、段階を踏むほうが再発予防につながると考えられます。

復帰に向けて意識したいこと
・痛みや違和感を、小さいうちに周りへ伝える
・練習内容は医師や指導者と相談し、少しずつ増やす
・ウォームアップと練習後のストレッチを丁寧に行う
・睡眠と食事を整え、疲れをためない
・「今日は動けた」という小さな手応えを記録する

痛みが続く、かばう動きが抜けないなど変化が乏しいときは、早めにご相談ください。当院では、痛みの出る動作、姿勢、筋肉の張りや動きの左右差を確認し、負担を減らす方法を一緒に考えます。

※強い痛みや腫れ、変形、頭を打った後の吐き気・意識がぼんやりするなどの様子があるときは、プレーを中止し、整形外科や救急を受診してください。

岐阜県瑞穂市（穂積駅）でサッカーの復帰にお悩みの方は、みつむら接骨院へご相談ください。詳しくは下記の記事もご覧ください。"
bunri-gikkuri-chigai-B,120,すべり症・分離症,B,分離症かぎっくり腰か迷ったら｜対処と受診の目安｜岐阜・瑞穂,https://www.058-327-7771.net/bunri-gikkuri-chigai/,2026-07-30,"岐阜県瑞穂市（穂積駅）で、腰痛が分離症かぎっくり腰か迷い、自分でできることを探している方へ。

原因の見極めは難しく、まずは腰に負担をかけない過ごし方が基本と考えられます。

今日からできる対処
・痛みが強い間は、無理なストレッチや運動を避ける
・楽な姿勢（横向きで膝を曲げるなど）で休む
・反らす動きやジャンプ、ひねる動作を控える
・痛みが落ち着いてきたら、短い距離の散歩から動き始める
・痛みの出た動作や経過をメモしておく

数日たっても改善が乏しい場合や、反らすと痛む状態が続く場合は、整形外科での検査をおすすめします。当院では、動作や姿勢を確認し、医療機関の診断を前提にサポートします。

※発熱を伴う腰痛、足の脱力、排尿・排便のトラブルがある場合は、すぐに医療機関を受診してください。

岐阜県瑞穂市（穂積駅）で腰の痛みの見分けに迷う方は、みつむら接骨院へご相談ください。詳しくは下記の記事もご覧ください。"
volley-tsukiyubi-yobo-B,396,バレー＋一般症状,B,突き指を防ぐ準備とセルフケア｜ブロックが多い方へ｜岐阜・瑞穂,https://www.058-327-7771.net/volley-tsukiyubi-yobo/,2026-11-06,"岐阜県瑞穂市（穂積駅）で、バレーの突き指予防について自分でできることを探している方へ。

指を十分に動かさないまま練習に入ると、ボールの衝撃を受け止めにくいことがあると考えられます。

今日からできる予防と対処
・練習前に指と手首をゆっくり動かして、動きを確かめる
・ブロックでは指を軽く開き、手のひら全体で受ける意識を持つ
・腕や肩の力が入りすぎないよう、肩まわりも動かしておく
・突き指をしたら指を引っ張らず、冷やして安静にする
・テーピングは補助であり治療ではないと理解して使う

指の痛みが続く、繰り返し腫れる、握りにくさが残るなど変化が乏しいときはご相談ください。みつむら接骨院では、指、手首、肩まわりの動きと、ブロックの際の体の使い方を確認します。

※指が曲がらない、変形している、強く腫れている、しびれがある場合は、骨折や脱臼の可能性があるため、まず整形外科を受診してください。

岐阜県瑞穂市（穂積駅）で突き指の予防を考えている方は、みつむら接骨院へご相談ください。詳しくは下記の記事もご覧ください。"
gojukata-atatameru-B,76,五十肩,B,五十肩の温冷ケアの目安と正しいやり方｜岐阜県瑞穂市,https://www.058-327-7771.net/gojukata-atatameru/,2026-07-30,"岐阜県瑞穂市（穂積駅）で、五十肩の温冷ケアを自分で試したい方へ。

肩の状態によって、楽になる方法は変わると考えられています。目安を知って、無理のない範囲で試してみましょう。

【温冷ケアの目安】
・痛みが急に強まった時期は、タオルで包んだ保冷剤を10分程度当てて様子を見る
・動きにくさが中心の時期は、入浴や蒸しタオルで肩を温めて力を抜く
・どちらも直接肌に当てず、低温やけどや冷やしすぎに注意する
・使ってみて痛みが増す場合は、すぐに中止する
・温めた後に腕を小さく動かすと、動かしやすくなる場合がある

続けても変化が乏しいとき、判断に迷うときは、ご相談ください。当院では、肩の状態、首や肩甲骨まわりの筋肉の緊張、日常の姿勢を確認します。

※赤み・腫れ・熱感が強い、発熱がある、夜間の強い痛みが長引く場合は、整形外科などの医療機関を受診してください。

岐阜県瑞穂市（穂積駅）で五十肩の温冷ケアにお悩みの方は、みつむら接骨院へご相談ください。詳しくは下記の記事もご覧ください。"
herunia-nekata-B,56,椎間板ヘルニア,B,椎間板ヘルニアの寝方・起き上がり方の工夫｜瑞穂市,https://www.058-327-7771.net/herunia-nekata/,2026-07-25,"岐阜県瑞穂市（穂積駅）で、椎間板ヘルニアの負担を減らす寝方を探している方へ。

睡眠中の姿勢や、朝の起き上がり方を工夫することで、腰への負担を減らせる可能性があると考えられています。

今夜から試せる寝方・起き方
・仰向けは、膝の下に丸めたタオルやクッションを入れる
・横向きは、膝を軽く曲げ、膝の間に枕をはさむ
・うつ伏せは腰が反りやすいため、痛む場合は避ける
・起き上がるときは、横向きになり、腕で体を支えて起こす
・寝具は、沈み込みすぎず硬すぎないものを目安に選ぶ

寝方を工夫しても夜間の痛みが続く場合は、ご相談ください。当院では、寝姿勢や日中の動作、腰まわりの状態を確認し、休みやすい姿勢の工夫をお伝えします。

※足に力が入らない、強い麻痺、排尿・排便がうまくできないといった症状がある場合は、すぐに整形外科を受診してください。

岐阜県瑞穂市（穂積駅）で椎間板ヘルニアの寝方に悩む方は、みつむら接骨院へご相談ください。詳しくは下記の記事もご覧ください。"
gaisoku-joka-en-B,300,野球,B,肘の外側の痛みを和らげる過ごし方｜岐阜・瑞穂市,https://www.058-327-7771.net/gaisoku-joka-en/,2026-09-19,"岐阜県瑞穂市（穂積駅）で、肘の外側の痛みについて自分でできることを探している方へ。

テニス肘は、前腕の筋肉の使いすぎが背景にあると考えられます。日常の使い方を見直すことが大切です。

今日からできるセルフケア
・痛みが出る動作や重い物を持つ場面を、できるだけ減らす
・物を持つときは、手のひらを上にして両手で支える
・入浴後に前腕の筋肉をやさしくほぐす
・手首を反らして強く握るクセに気をつける
・痛みが引かないうちは、無理に練習を再開しない

続けても変化が乏しい、痛みが強まるという場合は、ご相談ください。当院では肘の動き、前腕の硬さ、肩や肩甲骨の使い方、握り方のクセを確認し、負担のかかる部分を整えるお手伝いをします。

※強い痛み、腫れ、しびれ、肘が動かせないときは、早めに整形外科を受診してください。

岐阜県瑞穂市（穂積駅）で肘の外側の痛みにお悩みの方は、みつむら接骨院へご相談ください。詳しくは下記の記事もご覧ください。"
soccer-osgood-B,218,サッカー,B,オスグッドがあってもサッカーを続けたい｜痛みの対処と予防（瑞穂市）,https://www.058-327-7771.net/soccer-osgood/,2026-07-31,"岐阜県瑞穂市（穂積駅）で、膝の痛みがあってもサッカーを続けたい中学生や保護者の方へ。

成長期の膝の痛みは、体の成長と練習量のバランスが関わると考えられています。痛みの出方に合わせて、負担を調整することが大切です。

続けながら意識したいこと
・練習後は太ももの前とお尻まわりを、痛みのない範囲でのばす
・ダッシュ、ジャンプ、キックの量が急に増えていないか見直す
・痛みが強い日は、練習内容を指導者と相談して調整する
・膝のお皿の下を強く押したり揉んだりしない
・サポーターは補助であり、治療ではないと理解して使う

こうした工夫で変化が乏しいときは、ご相談ください。当院では、太ももやお尻の筋肉の状態、着地や切り返しの動き、姿勢を確認します。練習の休止や復帰の判断は、整形外科の医師にご確認ください。

※膝の腫れや熱感、夜間も続く痛み、動かせないほどの強い痛みがあるときは、整形外科を受診してください。

岐阜県瑞穂市（穂積駅）で成長期の膝の痛みにお悩みの方は、みつむら接骨院へご相談ください。詳しくは下記の記事もご覧ください。"
kinnikutsu-naoshikata-B,256,スポーツ障害一般,B,筋肉痛を早く楽にしたい｜セルフケアと受診目安｜岐阜・瑞穂市,https://www.058-327-7771.net/kinnikutsu-naoshikata/,2026-08-28,"岐阜県瑞穂市（穂積駅）で、筋肉痛を早く楽にしたいと探している方へ。スポーツの翌日に仕事や家事へ響くと、何とかしたくなりますよね。

筋肉痛は、普段より強い負荷や慣れない動きの後に起こりやすく、回復には休息が欠かせないと考えられています。

今日からできるセルフケア
・ぬるめの入浴で体を温め、血流を促す
・痛い部位を強く揉まず、軽くさすったり動かしたりする
・水分と、たんぱく質を含む食事、十分な睡眠をとる
・ウォーキングなど軽い運動で体をほぐす
・運動前後のストレッチやウォームアップを習慣にする

セルフケアを続けても変化が乏しい、特定の場所だけ強く痛む場合はご相談ください。当院では、痛みの場所、腫れ、動かしたときの様子、普段の体の使い方を確認します。

※濃い茶色の尿、強い腫れ、手足に力が入らない、発熱がある場合は、すぐに医療機関を受診してください。

岐阜県瑞穂市（穂積駅）で筋肉痛にお困りの方は、みつむら接骨院へご相談ください。詳しくは下記の記事もご覧ください。"
zutsu-ninshin-B,164,頭痛,B,妊娠中・産後の頭痛を和らげる家庭での工夫｜薬に頼りにくい時期に,https://www.058-327-7771.net/zutsu-ninshin/,2026-07-31,"岐阜県瑞穂市（穂積駅）で、妊娠中・産後の頭痛について家庭でできることを探している方へ。

体の変化が大きい時期は、頭痛の原因も一つとは限りません。無理のない範囲で、生活の中の負担を減らすことが大切です。

家庭で意識したいこと
・水分をこまめにとり、食事の間隔をあけすぎない
・横になれるときは、短時間でも体を休める
・授乳や抱っこのときはクッションで腕を支え、肩に力を入れすぎない
・首の後ろを蒸しタオルで軽く温める
・家族に頼れる家事は頼み、睡眠の時間を優先する

頭痛が繰り返す場合は、まず産婦人科の主治医に相談してください。そのうえで首や肩のつらさが残るときは、ご相談ください。当院では、主治医の方針を尊重しながら、姿勢や首肩の筋肉の状態を確認し、負担の少ない範囲で対応します。

※妊娠中や産後の突然の激しい頭痛、視界のかすみやチカチカ、顔や手足のむくみ、ろれつが回らない、手足の麻痺やしびれ、発熱と首の硬直がある場合は、すぐに産婦人科や救急を受診してください。

岐阜県瑞穂市（穂積駅）で妊娠中・産後の頭痛にお悩みの方は、みつむら接骨院へご相談ください。詳しくは下記の記事もご覧ください。"
zakotsu-atatameru-hiyasu-B,18,坐骨神経痛,B,坐骨神経痛の温め方・冷やし方｜瑞穂市の正しい使い分け,https://www.058-327-7771.net/zakotsu-atatameru-hiyasu/,2026-07-23,"岐阜県瑞穂市（穂積駅）で、坐骨神経痛に温冷ケアを試したい方へ。

温冷のケアは手軽な反面、使い方によって感じ方が変わると考えられます。

温冷ケアのポイント
・急な痛みで熱っぽいときは、タオルで包んだ保冷剤を短時間当てる
・慢性的なこわばりには、入浴や蒸しタオルで腰やお尻を温める
・低温やけどを防ぐため、直接肌に長時間当てない
・心地よいと感じる方を優先し、痛みが増すときは中止する
・就寝中は温熱器具を使い続けない

続けても変化が乏しいときや、痛みが強いままのときはご相談ください。当院では姿勢や筋肉の状態を確認し、状態に合ったケアをお伝えします。ご自身の生活や仕事の状況に合わせてお話をうかがいます。

※足に力が入らない、排尿・排便がしにくいといった症状があるときは、すぐに整形外科を受診してください。

岐阜県瑞穂市（穂積駅）で温冷ケアにお悩みの方は、みつむら接骨院へご相談ください。詳しくは下記の記事もご覧ください。"
hakuri-ashikubi-B,342,肩腱板・神経・腱鞘炎・打撲骨折,B,足首をひねったときの対処と受診の目安｜岐阜県瑞穂市,https://www.058-327-7771.net/hakuri-ashikubi/,2026-10-10,"岐阜県瑞穂市（穂積駅）で、足首をひねった後の対処を探している方へ。

足首の捻挫と剥離骨折は症状が似ており、見た目では区別しにくいと考えられます。自己判断せず、目安を知っておきましょう。

今日からできるセルフケア
・受傷直後は、冷やしながら足を休ませる
・足首を心臓より高くして、腫れを抑える
・痛みのある足で無理に歩いたり、走ったりしない
・強く揉んだり、無理に動かしてほぐしたりしない
・腫れが落ち着いても、痛みが残るうちは運動を控える

数日たっても痛みや腫れが変わらない場合は、まず整形外科での検査をおすすめします。その後の段階で、当院では足首や股関節まわりの筋肉の状態、歩き方、体の使い方を確認します。骨折の有無の診断や治療方針の決定は医療機関の役割です。

※強い腫れ、変形、体重をかけられない、くるぶしの骨を押すと強く痛む、足先のしびれや冷たさがある場合は、骨折の疑いがあるため早めに整形外科を受診してください。

岐阜県瑞穂市（穂積駅）で足首の痛みでお困りの方は、みつむら接骨院へご相談ください。詳しくは下記の記事もご覧ください。"
volley-overhand-B,398,バレー＋一般症状,B,パスで手首・指が痛いときのセルフケア｜バレー｜岐阜・瑞穂,https://www.058-327-7771.net/volley-overhand/,2026-11-07,"岐阜県瑞穂市（穂積駅）で、オーバーハンドパスの手首や指の痛みについて自分でできることを探している方へ。

パスの回数が多い時期は、指や手首、前腕の疲れがたまり、痛みにつながることがあると考えられます。

今日からできるセルフケア
・練習前後に手首と指をゆっくり動かして緊張をゆるめる
・前腕の内側と外側を、痛みのない範囲でやさしく伸ばす
・パスのときに肩や肘に力が入りすぎていないか確認する
・痛みが強い日は本数を減らし、手を休ませる時間をつくる
・テーピングは補助であり治療ではないと理解して使う

セルフケアで変化が乏しいときはご相談ください。みつむら接骨院では、手首や指、前腕、肩まわりの動きと、パスの姿勢や体の使い方を確認し、負担がかかっている部分を整理します。

※強い腫れ、変形、指や手首を動かせないほどの痛み、しびれ、力が入らない症状がある場合は、先に整形外科を受診してください。

岐阜県瑞穂市（穂積駅）でパスの痛みにお悩みの方は、みつむら接骨院へご相談ください。詳しくは下記の記事もご覧ください。"
soccer-noshinto-B,240,サッカー,B,サッカーで頭を打ったら｜現場でできる対応と復帰の考え方（瑞穂市）,https://www.058-327-7771.net/soccer-noshinto/,2026-08-20,"岐阜県瑞穂市（穂積駅）で、サッカー中の頭部の接触に備えて、対応を知っておきたい方へ。

頭を打った直後は元気そうでも、時間がたってから症状が出ることがあると考えられます。焦らず、段階を踏んで対応することが大切です。

現場で意識したい対応
・頭を打った疑いがあれば、その場でプレーをやめさせる
・一人にせず、周りの大人が様子を見守る
・頭痛、吐き気、ふらつき、記憶のあいまいさなどの変化を確認する
・当日は復帰させず、翌日以降も様子を観察する
・受診の際は、いつ・どこを・どのように打ったかを伝える

脳震盪は接骨院の施術の対象ではなく、脳神経外科など医療機関での確認が必要です。復帰の時期も、医師の許可を得てから段階的に進めてください。当院では、受診後に気になる首や肩まわりの張りについてのご相談をお受けします。

※意識がもうろうとする、嘔吐を繰り返す、けいれん、手足の麻痺、激しい頭痛があるときは、すぐに救急車（119番）を呼んでください。

岐阜県瑞穂市（穂積駅）でサッカーの怪我にお悩みの方は、みつむら接骨院へご相談ください。詳しくは下記の記事もご覧ください。"
sokuwan-kodomo-B,100,側弯症,B,子供の側弯症を家庭で見守るポイント｜瑞穂市の接骨院,https://www.058-327-7771.net/sokuwan-kodomo/,2026-07-30,"岐阜県瑞穂市（穂積駅）で、お子さんの側弯症について家庭でできることを探している保護者の方へ。思春期のお子さんは見た目を気にしやすく、声のかけ方にも配慮が必要です。

治すというより、受診を続けながら、お子さんが安心して過ごせる環境を整えることが大切と考えられます。

家庭で意識したい見守りのポイント
・体の見た目を話題にしすぎず、本人の気持ちを聞く
・カバンの重さや持ち方を見直し、左右の負担が偏らないようにする
・入浴後などに、背中の左右差の変化をさりげなく確認する
・整形外科の受診日や医師の指示を親子で共有する
・好きな運動や部活は、続けてよいか医師に確認する

背中や腰の張りなどでお子さんがつらそうなら、ご相談ください。当院では姿勢、筋肉の張り、体の使い方を確認します。曲がりの評価や装具の判断は整形外科の役割です。

※強い背部痛、息苦しさ、手足のしびれ、曲がりの急な進行がある場合は、整形外科を早めに受診してください。

岐阜県瑞穂市（穂積駅）で、お子さんの側弯症でご不安な保護者の方は、みつむら接骨院へご相談ください。詳しくは下記の記事もご覧ください。"
yakyu-koshi-B,302,野球,B,野球の腰痛を悪化させない対処と受診の目安｜岐阜,https://www.058-327-7771.net/yakyu-koshi/,2026-09-20,"岐阜県瑞穂市（穂積駅）で、野球での腰の痛みについて自分でできることを探している方へ。

成長期は、腰の骨に負担がかかりやすい時期と考えられます。痛みを我慢して続けないことが大切です。

今日からできる対処
・腰を強く反らす動きやスイングを、痛みがあるうちは控える
・練習後は股関節やもも裏をやさしく伸ばす
・体幹を使い、腰だけでひねらない意識を持つ
・痛みを我慢して練習を続けない
・睡眠と食事をとり、回復の時間を確保する

反らすと痛い、痛みが数日続くという場合は、早めに整形外科で検査を受けてください。検査で問題がなくても変化が乏しければ、ご相談ください。当院では腰、股関節、背中の動きや体の使い方を確認し、負担のかかる部分を整えるお手伝いをします。

※足の脱力、しびれ、排尿排便のトラブルがあるときは、すぐ医療機関を受診してください。

岐阜県瑞穂市（穂積駅）で野球による腰痛にお悩みの方は、みつむら接骨院へご相談ください。詳しくは下記の記事もご覧ください。"
tsukiyubi-B,258,スポーツ障害一般,B,突き指をしたらどうする？今日からの対処と受診目安｜瑞穂市,https://www.058-327-7771.net/tsukiyubi/,2026-08-29,"岐阜県瑞穂市（穂積駅）で、突き指の対処について自分でできることを探している方へ。部活や仕事の合間にけがをすると、つい様子を見てしまいがちです。

突き指は、軽く見えても関節や骨が傷んでいることがあると考えられています。最初の対応が大切です。

今日からできる対処
・無理に指を引っ張ったり、動かして確かめたりしない
・痛みと腫れが強いうちは安静にする
・清潔なタオルなどで包んだ氷で、短時間ずつ冷やす
・心臓より高い位置に手を保つ
・痛みが落ち着くまで、ボールや重い物を使う動作を控える

数日たっても腫れや痛みが残る場合や、動かしにくさが続くときはご相談ください。当院では、医療機関での確認を前提に、指や手首の動き、使い方を確認します。

※指が曲がらない、変形がある、強い腫れ、しびれ、爪の下の出血が目立つ場合は、骨折や脱臼が疑われるため、すぐに整形外科を受診してください。

岐阜県瑞穂市（穂積駅）で突き指にお困りの方は、みつむら接骨院へご相談ください。詳しくは下記の記事もご覧ください。"
gifu-yotsu-onsen-B,138,腰痛×岐阜ローカル,B,腰痛の温めるケア｜岐阜・瑞穂市で入浴するときの注意点,https://www.058-327-7771.net/gifu-yotsu-onsen/,2026-07-31,"岐阜県瑞穂市（穂積駅）で、腰痛のために温泉や入浴を取り入れたいけれど、やり方を知りたい方へ。

温め方によっては楽になることもあれば、合わないこともあると考えられます。状態に合わせて取り入れましょう。

入浴で意識したいこと
・ぬるめのお湯に、無理のない時間で入る
・痛めた直後で熱感や腫れがあるときは温めすぎない
・入浴前後に水分をとる
・湯上がりは腰まわりを冷やさないようにする
・入浴中や後に痛みが強まる場合は中止する

温めても変化が乏しい、または繰り返し痛む場合は、ご相談ください。みつむら接骨院では、痛みの経過や姿勢、動き方を確認し、温めるケアが合うかどうかや、医療機関での検査が望ましい場合をお伝えします。

※発熱を伴う腰痛、安静でも治まらない強い痛み、足の脱力、排尿・排便のトラブルがある場合は、温めずに医療機関を受診してください。

岐阜県瑞穂市（穂積駅）で腰痛の温めるケアに迷う方は、みつむら接骨院へご相談ください。詳しくは下記の記事もご覧ください。"
volley-kata-stretch-B,400,バレー＋一般症状,B,スパイクを打つ肩のセルフケア｜ストレッチと予防｜岐阜・瑞穂,https://www.058-327-7771.net/volley-kata-stretch/,2026-11-08,"岐阜県瑞穂市（穂積駅）で、バレーの肩のケアについて自分でできることを探している方へ。

肩だけでなく、胸や背中、肩甲骨まわりが硬いと、スパイクの負担が肩に偏りやすいと考えられます。

今日からできる肩のセルフケア
・胸の前を開くように、壁に手を添えてゆっくり伸ばす
・肩甲骨を寄せたり広げたりして、動きを確かめる
・腕の後ろ側を、痛みのない範囲で軽く伸ばす
・打ったあとは肩まわりを温め、力を抜いて休ませる
・伸ばして痛みが出る場合は無理に続けない

セルフケアで変化が乏しいときはご相談ください。みつむら接骨院では、肩の動き、肩甲骨や背中の状態、スパイクの際の体の使い方を確認し、負担の出やすい部分を整理します。

※夜間に強く痛む、腕を上げられない、力が入らない、しびれが強い場合は、腱板などの問題も考えられるため、早めに整形外科を受診してください。

岐阜県瑞穂市（穂積駅）で肩のケアにお悩みの方は、みつむら接骨院へご相談ください。詳しくは下記の記事もご覧ください。"
soccer-momo-daboku-B,412,サッカー,B,サッカーの太もも打撲後の過ごし方｜続けながらの対処と復帰（瑞穂市）,https://www.058-327-7771.net/soccer-momo-daboku/,2026-11-14,"岐阜県瑞穂市（穂積駅）で、太ももの打撲後にサッカーへ戻る準備を考えている方へ。

打撲の直後の対応と、痛みが落ち着いてからの動かし方は異なります。時期に合わせて進めることが、再発予防につながると考えられます。

今日から意識したいこと
・直後は冷やして安静にし、患部を強く揉まない
・痛みが強い間は、入浴で長く温めすぎない
・落ち着いてきたら、痛みのない範囲で膝の曲げ伸ばしを行う
・ランニングやキックは、痛みなくできる範囲から段階的に戻す
・復帰後はウォームアップで太もも全体をよくほぐす

数日たっても腫れや痛みが変わらないときは、ご相談ください。当院では、患部の腫れ、筋肉の張り、動かしたときの痛みの出方を確認します。復帰の時期は、整形外科の医師にご確認ください。

※腫れが急に大きくなる、強い痛みで動かせない、足先のしびれや色の変化があるときは、すぐに整形外科や救急を受診してください。

岐阜県瑞穂市（穂積駅）でスポーツ中の打撲にお悩みの方は、みつむら接骨院へご相談ください。詳しくは下記の記事もご覧ください。"
hakuri-yubi-B,344,肩腱板・神経・腱鞘炎・打撲骨折,B,突き指のあとの指の守り方とテーピングの注意点,https://www.058-327-7771.net/hakuri-yubi/,2026-10-11,"岐阜県瑞穂市（穂積駅）で、突き指のあとの対処について自分でできることを探している方へ。

突き指のように見えても、骨がはがれている場合があると考えられます。指の扱い方を誤らないことが大切です。

今日からできる対処
・指を引っ張らない（元に戻そうとしない）
・冷やして、指を心臓より高くして休ませる
・痛む指を使う動作や、ボールを使う運動は控える
・テーピングは軽く固定する補助として使い、きつく巻かない
・巻いた指先の色が悪い、しびれる場合はすぐに外す

数日たっても腫れや痛みが引かない場合は、まず整形外科での検査をおすすめします。その後の段階で、当院では手や前腕の筋肉の状態、手の使い方を確認します。骨折の有無の診断や治療方針の決定は医療機関の役割です。

※指が曲がらない、伸びない、変形している、強い腫れがある場合は骨折や脱臼が疑われます。早めに整形外科を受診してください。

岐阜県瑞穂市（穂積駅）で指の痛みでお困りの方は、みつむら接骨院へご相談ください。詳しくは下記の記事もご覧ください。"
kyosaku-walking-B,36,脊柱管狭窄症,B,脊柱管狭窄症の無理のない歩き方と工夫｜岐阜県瑞穂市,https://www.058-327-7771.net/kyosaku-walking/,2026-07-24,"岐阜県瑞穂市（穂積駅）で、脊柱管狭窄症でも無理なく歩くために自分でできることを探している方へ。

歩き方や歩く量を工夫することで、続けやすくなる場合があると考えられます。どの程度の運動量が合うかは個人差があるため、整形外科で目安を確認しておくと安心です。

ウォーキングの工夫
・歩幅は小さめに、ゆっくりしたペースを保つ
・視線を少し下げ、背すじを伸ばしすぎない
・しびれが出る前に、休みを入れる
・その日の体調に合わせて、距離や時間を調整する
・歩いた翌日に症状が強まるなら、量を減らす

工夫しても症状が強まる、歩ける距離が短くなる場合は、整形外科での相談が望ましいです。当院では、歩き方の癖、姿勢、股関節や足首の動きを確認し、負担の少ない体の使い方をお伝えします。

※足の脱力、排尿・排便のトラブルがある場合は、すぐに医療機関を受診してください。

岐阜県瑞穂市（穂積駅）で脊柱管狭窄症のウォーキングにお悩みの方は、みつむら接骨院へご相談ください。詳しくは下記の記事もご覧ください。"
zutsu-mainichi-B,166,頭痛,B,毎日続く頭痛のセルフチェックと受診の目安｜穂積駅で相談したい方へ,https://www.058-327-7771.net/zutsu-mainichi/,2026-07-31,"岐阜県瑞穂市（穂積駅）で、毎日続く頭痛について自分でできることや受診の目安を探している方へ。

慢性的な頭痛は、慣れてしまうほど見落としやすくなります。一度、生活を振り返る時間をとってみましょう。

見直したい生活のポイント
・頭痛の起きた時間、強さ、飲んだ薬を手帳やメモに残す
・睡眠時間と起きる時間を毎日そろえる
・水分と食事を抜かず、カフェインのとりすぎに気をつける
・長時間同じ姿勢を避け、1時間に一度は首と肩を動かす
・入浴や蒸しタオルで首肩を温め、緊張をゆるめる

月に何度も鎮痛薬を飲んでいる場合や、セルフケアで変化が乏しい場合は、医療機関への相談をおすすめします。そのうえで首肩のこりや姿勢の影響が考えられるときは、当院で筋肉の状態や体の使い方を確認します。

※突然の激しい頭痛、ろれつが回らない、手足の麻痺やしびれ、物が二重に見える、発熱と首の硬直がある場合は、すぐに救急受診をしてください。鎮痛薬の飲みすぎで頭痛が続く場合もあるため、早めに医療機関へご相談ください。

岐阜県瑞穂市（穂積駅）で毎日の頭痛にお悩みの方は、みつむら接骨院へご相談ください。詳しくは下記の記事もご覧ください。"
yakyu-slide-dead-B,304,野球,B,野球の怪我を防ぐ備えと現場での対応の流れ｜岐阜,https://www.058-327-7771.net/yakyu-slide-dead/,2026-09-21,"岐阜県瑞穂市（穂積駅）で、ヘッドスライディングやデッドボールの怪我への対応を知りたい方へ。

その場の判断が、その後の経過に関わると考えられます。落ち着いて行動できるよう、流れを確認しておきましょう。

現場で意識したい対応
・痛みが出たら、すぐにプレーを止めて安静にする
・患部を冷やし、無理に動かさない
・変形や強い腫れがあれば、触らず固定して受診する
・頭に当たった場合は、当日のプレーは中止して様子を見る
・ヘッドスライディングは、手を守る動き方を普段から練習する

痛みが残る、動かしにくいという場合は、まず整形外科で診てもらってください。診断後の回復期には、当院で周囲の筋肉や体の使い方を確認し、再発しにくい状態を整えるお手伝いをします。

※強い痛み、変形、動かせない、しびれ、頭部への当たりや意識の変化、吐き気があるときは、すぐ救急や医療機関を受診してください。

岐阜県瑞穂市（穂積駅）で野球の怪我にお悩みの方は、みつむら接骨院へご相談ください。詳しくは下記の記事もご覧ください。"
ashikubi-taping-B,260,スポーツ障害一般,B,足首テーピングの使い方と予防｜自分でできる工夫｜岐阜・瑞穂市,https://www.058-327-7771.net/ashikubi-taping/,2026-08-30,"岐阜県瑞穂市（穂積駅）で、足首テーピングを使いながら捻挫を予防したいと、自分でできることを探している方へ。

テーピングは足首を補助するものです。筋力やバランス、動き方の見直しと組み合わせることが大切と考えられています。

予防のために意識したいこと
・ひねった直後のテーピングは自己判断せず、まず状態を確認する
・皮膚トラブルを避けるため、長時間つけたままにしない
・きつく巻きすぎず、しびれや色の変化が出たらすぐ外す
・ふくらはぎや足裏の柔軟性を保つストレッチを行う
・片足立ちなどで足首まわりを使うトレーニングを取り入れる

対策を続けても不安が残る、何度もひねる場合はご相談ください。当院では、足首の動きやバランス、靴の状態、着地の癖などを確認します。

※強い腫れ、変形、体重がかけられない、指先のしびれや色の変化がある場合は、骨折や重い靭帯損傷の可能性があるため、すぐに整形外科を受診してください。

岐阜県瑞穂市（穂積駅）で足首の捻挫予防の方は、みつむら接骨院へご相談ください。詳しくは下記の記事もご覧ください。"
bunri-corset-B,122,すべり症・分離症,B,分離症のコルセット期間中の過ごし方と受診の目安｜瑞穂市,https://www.058-327-7771.net/bunri-corset/,2026-07-30,"岐阜県瑞穂市（穂積駅）で、分離症でコルセットを使っている間の過ごし方を探している方へ。

安静の期間は、周りの筋肉や関節の状態を悪くしない工夫が大切と考えられます。

コルセット期間中に意識したいこと
・着用時間や外してよい場面は、医師の指示に従う
・腰を反らす動きやひねる動きは控える
・許可された範囲で、股関節や太ももの裏をゆるめる
・スポーツの休止や復帰は、医師の許可を待つ
・痛みが出た日や動作をメモして、受診時に伝える

痛みが強まる場合や、数週間たっても変化が乏しい場合は、主治医に相談してください。当院では、医療機関の診断を前提に、姿勢や体の使い方を確認するサポートを行っています。

※足の脱力、排尿・排便のトラブルがある場合は、すぐに整形外科を受診してください。

岐阜県瑞穂市（穂積駅）で分離症の過ごし方でお悩みの方は、みつむら接骨院へご相談ください。詳しくは下記の記事もご覧ください。"
volley-chakuchi-B,402,バレー＋一般症状,B,着地で膝が痛いときのセルフケアと予防｜バレー｜岐阜・瑞穂,https://www.058-327-7771.net/volley-chakuchi/,2026-11-09,"岐阜県瑞穂市（穂積駅）で、ジャンプの着地で膝が痛むことについて自分でできることを探している方へ。

膝だけを見るのではなく、股関節や足首の動き、着地のときの脚の向きが影響することがあると考えられます。

今日からできるセルフケア
・着地では膝を軽く曲げ、つま先と膝の向きをそろえる
・太ももの前やお尻の筋肉を、痛みのない範囲でゆっくり伸ばす
・ふくらはぎと足首まわりをほぐして動きを保つ
・痛みが強い日は跳ぶ本数を減らして休ませる
・サポーターは補助であり治療ではないと理解して使う

セルフケアで変化が乏しいときはご相談ください。みつむら接骨院では、膝、股関節、足首の動きと着地の姿勢を確認し、衝撃が膝に集まりやすい原因を整理します。成長期の場合は、医師の判断を優先してください。

※膝の裏の痛みや腫れ、ふくらはぎの腫れは血栓の可能性があります。膝に水がたまる、熱感がある、動かせないほど痛むときも、早めに医療機関を受診してください。

岐阜県瑞穂市（穂積駅）で膝の痛みにお悩みの方は、みつむら接骨院へご相談ください。詳しくは下記の記事もご覧ください。"
gojukata-check-B,78,五十肩,B,五十肩のセルフチェックの目安と受診の考え方｜岐阜県瑞穂市,https://www.058-327-7771.net/gojukata-check/,2026-07-30,"岐阜県瑞穂市（穂積駅）で、肩の痛みの状態を自分でも確認しておきたい方へ。

次のチェックは、あくまで目安です。自己判断で決めつけず、気になる点を整理する材料としてお使いください。

【セルフチェックの目安】
・エプロンのひもを結ぶように手を後ろに回すと、痛みや制限がある
・髪を結ぶ動作で、腕が上がりにくい
・反対の手で支えて上げても、同じ位置で止まる感じがある
・夜間に痛みで目が覚めることがある
・首を動かすと腕にしびれが出るかどうか（出る場合は別の原因も考える）

当てはまる項目が多い、または不安があるときは、ご相談ください。当院では、肩の動く範囲、周囲の筋肉の状態、姿勢を確認します。原因の判断が必要と考えられる場合は、整形外科での診察をおすすめします。

※夜間の強い痛みが続く、腕に力が入らない、しびれや胸の締めつけを伴う場合は、早めに医療機関を受診してください。

岐阜県瑞穂市（穂積駅）で五十肩が気になる方は、みつむら接骨院へご相談ください。詳しくは下記の記事もご覧ください。"
herunia-naoru-kikan-B,58,椎間板ヘルニア,B,椎間板ヘルニアの経過中に意識したい過ごし方｜瑞穂市,https://www.058-327-7771.net/herunia-naoru-kikan/,2026-07-25,"岐阜県瑞穂市（穂積駅）で、椎間板ヘルニアの経過を見守りながら自分でできることを探している方へ。

経過の中では、焦らず体の回復を支える環境を整えることが大切と考えられています。数週間から数か月単位で変化を見守る心構えも必要です。

経過中の家庭での意識
・痛みの強さや範囲を、日ごとに簡単にメモしておく
・痛みが強まる動作や姿勢を把握し、避ける工夫をする
・睡眠時間を確保し、疲れをためない
・無理のない範囲で、散歩などの軽い運動を続ける
・症状が変わったら、早めに整形外科に相談する

時間が経っても変化が乏しい場合は、ご相談ください。当院では、症状の経過を伺い、姿勢や筋肉の状態を確認して、経過中の負担を減らすアドバイスを行います。

※足に力が入らない、強い麻痺、排尿・排便がうまくできないといった症状がある場合は、すぐに整形外科を受診してください。

岐阜県瑞穂市（穂積駅）で椎間板ヘルニアの経過が不安な方は、みつむら接骨院へご相談ください。詳しくは下記の記事もご覧ください。"
soccer-sliding-B,414,サッカー,B,サッカーのスライディングで怪我をしないために｜予防と復帰（瑞穂市）,https://www.058-327-7771.net/soccer-sliding/,2026-11-15,"岐阜県瑞穂市（穂積駅）で、スライディングの怪我を減らしながらサッカーを続けたい方へ。

スライディングは、する側もされる側も、足首や膝に大きな力がかかります。準備と環境の見直しで、リスクを減らせる可能性があると考えられます。

予防と復帰で意識したいこと
・練習前に足首、股関節、太ももをしっかりほぐす
・グラウンドの状態や、スパイクの摩耗を確認する
・危険な場面ではプレーを止める判断も大切にする
・擦り傷は流水で洗い、清潔に保つ
・怪我の後は、痛みなく動けることを確認してから戻る

痛みが続いたり、足首や膝の不安定感が残ったりするときは、ご相談ください。当院では、足首や膝まわりの動き、筋肉の張り、着地や切り返しの姿勢を確認します。検査や診断、復帰の判断は整形外科の医師にご確認ください。

※足が変形している、体重をかけられない、腫れが強い、傷が深いときは、整形外科や救急を受診してください。

岐阜県瑞穂市（穂積駅）でサッカーの怪我の予防にお悩みの方は、みつむら接骨院へご相談ください。詳しくは下記の記事もご覧ください。"
zakotsu-arukenai-B,20,坐骨神経痛,B,歩けないほどの坐骨神経痛｜瑞穂市で今すぐ意識したい過ごし方,https://www.058-327-7771.net/zakotsu-arukenai/,2026-07-23,"岐阜県瑞穂市（穂積駅）で、強い坐骨神経痛の間に自分でできることを探している方へ。

強い痛みがあるときは、無理に動かず、悪化させないことを最優先にすると考えられます。

強い痛みのときの過ごし方
・痛みの少ない姿勢（横向きで膝を軽く曲げるなど）で安静にする
・必要以上に長い時間、寝たきりにならないよう、楽な範囲で少し動く
・移動は壁や手すりなどに手を添えて行う
・重い物を持たず、前かがみの動作を控える
・受診の予約や家族への連絡など、早めに準備を進める

安静にしても痛みが変わらない場合は、まず整形外科の受診をおすすめします。回復期には、当院で姿勢や動きの確認を行います。

※足に力が入らない、排尿・排便がしにくいといった症状があるときは、すぐに整形外科を受診してください。

岐阜県瑞穂市（穂積駅）で回復期のケアをご希望の方は、みつむら接骨院へご相談ください。詳しくは下記の記事もご覧ください。"
sokuwan-kintore-B,102,側弯症,B,側弯症と筋トレ｜無理なく続ける家庭での工夫 瑞穂市の接骨院,https://www.058-327-7771.net/sokuwan-kintore/,2026-07-30,"岐阜県瑞穂市（穂積駅）で、側弯症でも無理なくできる運動を探している方へ。曲がりを筋トレで治すのではなく、背中や腰が楽に過ごせる体を保つことを目標にしましょう。

側弯症では左右で筋肉の使い方に差が出やすいため、頑張りすぎると片側に負担が集中すると考えられます。

無理なく続ける運動の工夫
・痛みが出ない範囲で、仰向けで膝を立てゆっくり呼吸する
・左右差が気になっても、無理に矯正しようとしない
・お腹だけでなく、お尻や背中を含めた全身の動きを意識する
・運動後に背中の張りが強く残る日は、内容や回数を減らす
・運動を始める前に、可否を整形外科で確認する

張りや痛みが続く、どの運動が合うか分からない場合はご相談ください。当院では姿勢や筋肉の左右差、動かし方を確認します。運動の可否や曲がりの評価は整形外科の役割です。

※強い背部痛、息苦しさ、手足のしびれ、曲がりの急な進行がある場合は、整形外科を早めに受診してください。

岐阜県瑞穂市（穂積駅）で側弯症と運動にお悩みの方は、みつむら接骨院へご相談ください。詳しくは下記の記事もご覧ください。"
rokkotsu-hiro-B,346,肩腱板・神経・腱鞘炎・打撲骨折,B,肋骨が痛いときの過ごし方と受診の目安｜岐阜県瑞穂市,https://www.058-327-7771.net/rokkotsu-hiro/,2026-10-12,"岐阜県瑞穂市（穂積駅）で、スイングや咳で痛む肋骨について自分でできることを探している方へ。

肋骨の疲労骨折が疑われる場合は、まず体をひねる動作などの負担を減らすことが大切と考えられます。

今日からできる過ごし方
・ゴルフや野球、テニスなどのスイング動作をいったん控える
・咳やくしゃみの際は、痛む側を軽く手で支える
・寝返りは、腕で体を支えながらゆっくり行う
・痛む箇所を強く押したり、叩いたりしない
・深呼吸は痛みのない範囲で、無理のない程度にとどめる

数日続けても変化が乏しい場合は、まず医療機関での検査をおすすめします。その後の段階で、当院では体幹や肩甲骨まわりの筋肉の状態、動作のクセ、姿勢を確認します。骨折の有無の診断や運動再開の判断は医療機関の役割です。

※息苦しさ、胸の締めつけ、冷や汗、血の混じった痰、発熱、安静でも強い痛みがある場合は、すぐに救急を受診するか119番に連絡してください。

岐阜県瑞穂市（穂積駅）で肋骨の痛みでお困りの方は、みつむら接骨院へご相談ください。詳しくは下記の記事もご覧ください。"
volley-flying-B,404,バレー＋一般症状,B,飛び込みレシーブのケガ対処と予防｜打撲・擦り傷｜岐阜・瑞穂,https://www.058-327-7771.net/volley-flying/,2026-11-10,"岐阜県瑞穂市（穂積駅）で、フライングレシーブの打撲や擦り傷について自分でできることを探している方へ。

飛び込みの動作は衝撃を受けやすいため、その後のケアと、体の使い方の見直しが大切だと考えられます。

今日からできる対処と予防
・擦り傷は流水でよく洗い、清潔に保つ
・打撲は冷やして休ませ、患部を強くもまない
・痛みが引くまでは、飛び込む練習を控える
・肘や膝のサポーターは補助であり治療ではないと理解して使う
・床に手をつく、体を丸めて転がるなど、衝撃を逃がす動きを練習する

セルフケアで痛みや腫れの変化が乏しいときはご相談ください。みつむら接骨院では、打った部位の状態、周囲の筋肉の緊張、飛び込むときの体の使い方を確認します。

※強い腹痛、胸の痛み、息苦しさ、深い傷、変形や強い腫れがある場合は、内臓の損傷や骨折の可能性もあるため、すぐ医療機関を受診してください。

岐阜県瑞穂市（穂積駅）で飛び込みレシーブのケガにお悩みの方は、みつむら接骨院へご相談ください。詳しくは下記の記事もご覧ください。"
kokoyakyu-kega-B,306,野球,B,高校野球の怪我を予防するポイントと受診の目安,https://www.058-327-7771.net/kokoyakyu-kega/,2026-09-22,"岐阜県瑞穂市（穂積駅）で、高校野球の怪我の予防について自分でできることを探している方へ。

練習量が多い時期は、疲労がたまりやすいと考えられます。日々のケアが怪我を減らす助けになります。

今日からできる予防のポイント
・練習前に、肩、股関節、背中をしっかり動かす
・練習後は、使った部位をやさしく伸ばして整える
・痛みや違和感を、早めに指導者や保護者へ伝える
・投球数や練習量が急に増えないよう、余裕を持つ
・睡眠と食事をとり、回復の時間を確保する

違和感が続く、左右差が気になるという場合は、ご相談ください。当院では痛む部位とあわせて、体の柔軟性、姿勢、フォームにつながる動き方を確認し、負担がかかりやすい部分を整えるお手伝いをします。

※強い痛み、しびれ、可動域の制限、腫れがある場合は、早めに整形外科を受診してください。

岐阜県瑞穂市（穂積駅）で高校野球の怪我にお悩みの方は、みつむら接骨院へご相談ください。詳しくは下記の記事もご覧ください。"
soccer-kossetsu-B,416,サッカー,B,サッカーの骨折中にできること｜トレーニングと復帰の考え方（瑞穂市）,https://www.058-327-7771.net/soccer-kossetsu/,2026-11-16,"岐阜県瑞穂市（穂積駅）で、骨折中もサッカーとつながりを保ちたい、復帰に備えたい方へ。

骨折中は動けない時期が続き、焦りやすくなります。ただ、この間の過ごし方が復帰後の動きに影響すると考えられます。

骨折中に意識したいこと
・トレーニングの内容は、必ず医師に確認してから始める
・許可された範囲で、上半身や体幹、動かしてよい部位を保つ
・固定している部位の周りは、痛みのない範囲で管理する
・睡眠と食事を整え、体づくりの土台を保つ
・戦術や映像を見て、頭の中の準備を続ける

固定が外れた後に、動きの硬さや違和感が残るときは、ご相談ください。当院では、関節の動き、筋肉の状態、歩き方や姿勢を確認し、医師の診断後の併用サポートとして、無理のない進め方を一緒に考えます。復帰の許可は整形外科の医師にご確認ください。

※強い痛み、腫れ、変形、しびれ、指先の色が悪いなどの変化があるときは、すぐに整形外科や救急を受診してください。

岐阜県瑞穂市（穂積駅）でサッカーの怪我後の復帰にお悩みの方は、みつむら接骨院へご相談ください。詳しくは下記の記事もご覧ください。"
osgood-support-B,262,スポーツ障害一般,B,オスグッドのセルフケア｜サポーターの使い方と復帰の考え方｜瑞穂市,https://www.058-327-7771.net/osgood-support/,2026-08-31,"岐阜県瑞穂市（穂積駅）で、オスグッドの痛みについて自分でできることを探している保護者の方へ。

成長期は骨が伸びる速さに筋肉の柔軟性が追いつきにくく、膝の下に負担が集まりやすいと考えられています。

家庭で意識したいこと
・サポーターは補助と考え、締めつけすぎない
・運動後に太ももの前を、痛みの出ない範囲で伸ばす
・痛い場所を強く揉んだり押したりしない
・運動後は、ひざ下が熱っぽいときに短時間冷やす
・睡眠や食事を整え、練習量の急な増加を避ける

こうした工夫でも変化が乏しいときはご相談ください。当院では痛む場所、太ももやお尻の柔軟性、ジャンプや着地の動きを確認します。運動の休止や再開の判断は整形外科の医師の役割ですので、医療機関との併用をおすすめします。

※強い痛み、腫れ、熱感、歩き方の異常、夜間痛がある場合は、早めに整形外科を受診してください。

岐阜県瑞穂市（穂積駅）でオスグッドの方は、みつむら接骨院へご相談ください。詳しくは下記の記事もご覧ください。"
zutsu-seitai-B,168,頭痛,B,頭痛で整体に行く前に知りたいこと｜相談の目安と自宅での準備,https://www.058-327-7771.net/zutsu-seitai/,2026-07-31,"岐阜県瑞穂市（穂積駅）で、頭痛に整体を検討する前に、自分でできることを知りたい方へ。

施術を受ける前の準備や見極めができていると、安心して相談しやすくなります。

相談前に意識したいこと
・初めての頭痛、いつもと違う頭痛は、先に医療機関を受診する
・頭痛の起きた時間や強さ、こりの場所をメモしておく
・首や肩を温め、無理のない範囲でゆっくり動かす
・強く揉んだり、首をひねったりするセルフケアは避ける
・施術者に医療機関での検査結果や服薬状況を伝える

医療機関で大きな問題がなく、首や肩の緊張が気になるときは、ご相談ください。当院では、姿勢、首肩の筋肉の状態、日常の動作を確認し、必要に応じて医療機関の受診をおすすめします。頭痛そのものを治すと約束する施術ではありません。

※突然の激しい頭痛、ろれつが回らない、手足の麻痺やしびれ、物が二重に見える、発熱と首の硬直がある場合は、すぐに救急受診をしてください。

岐阜県瑞穂市（穂積駅）で頭痛と整体で迷う方は、みつむら接骨院へご相談ください。詳しくは下記の記事もご覧ください。"
volley-kodomo-B,406,バレー＋一般症状,B,子どものバレーの怪我を防ぐ｜家庭で意識したいこと｜岐阜・瑞穂,https://www.058-327-7771.net/volley-kodomo/,2026-11-11,"岐阜県瑞穂市（穂積駅）で、お子さまのバレーの怪我予防について家庭でできることを探している保護者の方へ。

成長期の体は変化が大きく、同じ練習量でも負担の感じ方に差が出ると考えられます。

家庭で意識したいこと
・練習後に、痛みや疲れがないかをやさしく聞く
・太ももやふくらはぎを、痛みのない範囲で一緒に伸ばす
・睡眠と食事を整え、体を休める時間をつくる
・痛みがあるときは、我慢して練習しないよう声をかける
・サポーターは補助であり治療ではないと理解して使う

家庭でのケアで変化が乏しいときはご相談ください。みつむら接骨院では、姿勢、柔軟性、動きの癖を確認します。ただし練習を休むか、いつ復帰するかは医師の判断を優先してください。

※強い痛み、腫れ、変形、夜も続く痛み、しびれ、脚の力が入らないときは、早めに整形外科を受診してください。

岐阜県瑞穂市（穂積駅）でお子さまのバレーの怪我が心配な方は、みつむら接骨院へご相談ください。詳しくは下記の記事もご覧ください。"
soccer-hiro-kossetsu-B,418,サッカー,B,サッカーの疲労骨折を防ぐために｜続けながらの予防と復帰（瑞穂市）,https://www.058-327-7771.net/soccer-hiro-kossetsu/,2026-11-17,"岐阜県瑞穂市（穂積駅）で、疲労骨折を予防しながらサッカーを続けたい方へ。

疲労骨折は、練習量や環境、体の使い方など、いくつかの要因が重なって起こると考えられます。日々の見直しが予防の助けになる可能性があります。

今日からできる予防の工夫
・練習量や試合数が急に増えていないか見直す
・シューズの摩耗やグラウンドの硬さを確認する
・休養日をつくり、睡眠と食事をしっかり整える
・足首、股関節、太ももの柔軟性を日ごろから保つ
・同じ場所の痛みが続いたら、早めに周りへ伝える

痛みが続く、ピンポイントの痛みが気になるなど、変化が乏しいときはご相談ください。当院では、痛む部位、姿勢、走りや着地の動き、筋肉の張りを確認します。検査や診断、練習の休止や復帰の判断は、整形外科の医師にご確認ください。

※歩くだけで痛い、夜も痛む、腫れや変形があるときは、早めに整形外科を受診してください。

岐阜県瑞穂市（穂積駅）でサッカーの痛みの予防にお悩みの方は、みつむら接骨院へご相談ください。詳しくは下記の記事もご覧ください。"
yukotsu-kossetsu-B,348,肩腱板・神経・腱鞘炎・打撲骨折,B,バッティング後の手のひらの痛み｜控えたい動作と受診の目安,https://www.058-327-7771.net/yukotsu-kossetsu/,2026-10-13,"岐阜県瑞穂市（穂積駅）で、バッティングやゴルフ後の手のひらの痛みについて自分でできることを探している方へ。

手のひらの小指側の痛みは、有鉤骨などの小さな骨の損傷が隠れていることがあると考えられます。まず負担を避けることが大切です。

今日からできる対処
・バットやクラブを強く握るスイング動作をしばらく控える
・手のひらの痛い部分を、強く押したり揉んだりしない
・重い物を持つときは、手のひらに負担がかからないよう両手で支える
・痛みの強い日は、手首を安静にして冷やす
・痛みが引いても、自己判断で練習を再開しない

痛みが続く場合は、早めに整形外科で検査を受けてください。この骨折はレントゲンに写りにくいことがあり、CTなどの画像診断は医療機関の領域です。当院では、検査後の段階で、前腕や肩まわりの筋肉、スイングの体の使い方を確認します。

※手のひらの強い腫れや変形、指が動かせない、指先のしびれが強い場合は、すぐに整形外科を受診してください。

岐阜県瑞穂市（穂積駅）で手のひらの痛みでお困りの方は、みつむら接骨院へご相談ください。詳しくは下記の記事もご覧ください。"
baneyubi-yakyu-B,308,野球,B,ばね指の野球でのセルフケアと受診の目安｜瑞穂市,https://www.058-327-7771.net/baneyubi-yakyu/,2026-09-23,"岐阜県瑞穂市（穂積駅）で、ばね指や野球での指の痛みについて自分でできることを探している方へ。

指の腱への負担は、握る力や回数に左右されると考えられます。日々の使い方を見直しましょう。

今日からできるセルフケア
・バットやグローブを、必要以上に強く握らない
・練習後は、手のひらと指を温めて軽く動かす
・痛みが強い日は、素振りや握る回数を控える
・前腕の筋肉をやさしくほぐして、指への負担を減らす
・痛みを我慢して、無理に引っかかりを動かさない

続けても変化が乏しい、引っかかりが強まるという場合は、ご相談ください。当院では指や手首、前腕の状態、握り方のクセ、肩や体幹の使い方を確認し、負担が集中する部分を整えるお手伝いをします。

※指が伸びたまま曲がらない、強い腫れや熱感、しびれがあるときは、早めに医療機関を受診してください。

岐阜県瑞穂市（穂積駅）で指の痛みにお悩みの方は、みつむら接骨院へご相談ください。詳しくは下記の記事もご覧ください。"
shinsplint-care-B,264,スポーツ障害一般,B,シンスプリントの対処｜テーピング・インソールの使い方｜岐阜・瑞穂市,https://www.058-327-7771.net/shinsplint-care/,2026-09-01,"岐阜県瑞穂市（穂積駅）で、シンスプリントについて自分でできることを探している方へ。

走る量が増えた時期や、かたい路面、合わない靴が重なると、すねの内側に負担が集まりやすいと考えられています。

今日からできるセルフケア
・痛みが出ている間は、走る量や強度を一時的に減らす
・ふくらはぎをお風呂上がりなどに無理なく伸ばす
・テーピングやインソールは補助として、違和感が出たら外す
・靴のすり減りや、かたい路面での練習が続いていないか見直す
・足のアーチを支える足裏の運動を取り入れる

セルフケアで変化が乏しい場合はご相談ください。当院では、痛む範囲、足首や股関節の動き、足裏の使い方、着地の癖を確認します。ただし、すねの骨自体の状態の判断は整形外科の医師の役割です。

※すねの骨の一点を押すと強く痛む、安静にしても痛む、夜間痛、腫れがある場合は、疲労骨折などの可能性があるため、早めに整形外科を受診してください。

岐阜県瑞穂市（穂積駅）ですねの痛みの方は、みつむら接骨院へご相談ください。詳しくは下記の記事もご覧ください。"
mizuho-yotsu-B,140,腰痛×岐阜ローカル,B,瑞穂市の腰痛｜病院か接骨院かの判断軸と相談のタイミング,https://www.058-327-7771.net/mizuho-yotsu/,2026-07-31,"岐阜県瑞穂市（穂積駅）で、腰痛の相談先を決める前に、判断の目安を知りたい方へ。

状態によって向いている相談先は異なると考えられます。次の目安を参考にしてください。

相談先を考える目安
・初めての強い痛み、転倒後の痛みは整形外科へ
・足のしびれや力の入りにくさがあれば整形外科へ
・検査で大きな異常がなく、動き方や姿勢の負担が気になる場合は接骨院へ
・どちらか迷うときは、先に整形外科で確認する
・検査後も痛みが続くときは、併せて相談する

判断に迷う場合や、検査後の過ごし方に悩む場合は、ご相談ください。みつむら接骨院では、痛みの出方や姿勢、動き方を確認し、接骨院でお手伝いできること、医療機関が望ましい場合をお伝えします。

※発熱を伴う腰痛、安静でも治まらない強い痛み、足の脱力、排尿・排便のトラブルがある場合は、先に医療機関を受診してください。

岐阜県瑞穂市（穂積駅）で腰痛の相談先に迷う方は、みつむら接骨院へご相談ください。詳しくは下記の記事もご覧ください。"
kyosaku-undo-B,38,脊柱管狭窄症,B,脊柱管狭窄症の自宅運動の目安と注意点｜瑞穂市の接骨院,https://www.058-327-7771.net/kyosaku-undo/,2026-07-24,"岐阜県瑞穂市（穂積駅）で、脊柱管狭窄症の運動について自分でできることを探している方へ。

腰を支える筋肉を無理なく保つことが、日常の負担を減らす助けになると考えられます。高齢の方も取り組みやすい範囲で行いましょう。

自宅でできる運動の目安
・仰向けで膝を立て、お腹に軽く力を入れる
・椅子に座って、片脚ずつゆっくり持ち上げる
・椅子につかまり、ゆっくり立ち座りを数回行う
・痛みやしびれが出る手前でやめ、翌日の様子を見る
・週に数日、短い時間から少しずつ続ける

続けても変化が乏しい場合や、症状が強まる場合は、整形外科に相談してください。当院では、姿勢、筋肉の使い方、動きのクセを確認し、合った運動の進め方を一緒に考えます。

※足の脱力、排尿・排便のトラブルがある場合は、すぐに医療機関を受診してください。

岐阜県瑞穂市（穂積駅）で脊柱管狭窄症の運動にお悩みの方は、みつむら接骨院へご相談ください。詳しくは下記の記事もご覧ください。"
bunri-otona-B,124,すべり症・分離症,B,大人の分離症｜腰を守る生活の工夫と受診の目安｜岐阜・瑞穂,https://www.058-327-7771.net/bunri-otona/,2026-07-30,"岐阜県瑞穂市（穂積駅）で、大人の分離症と付き合うために自分でできることを探している方へ。

症状の出方には個人差があり、日々の負担を減らす工夫が役立つと考えられます。無理のない範囲で、できることから試してみてください。

腰を守る生活の工夫
・立ち仕事では、足を前後に開くなど体重の分散を意識する
・重い物は膝を曲げ、体に近づけて持つ
・腰を強く反らす運動やストレッチは避ける
・お腹やお尻の筋肉を、痛みのない範囲でゆっくり動かす
・長時間の同じ姿勢を避け、こまめに姿勢を変える

痛みが増す場合や、脚のしびれが出る場合は、整形外科での検査をおすすめします。当院では、姿勢・股関節・体幹の状態を確認し、医療機関の診断を前提にサポートします。

※足の脱力、排尿・排便のトラブルがある場合は、すぐに整形外科を受診してください。

岐阜県瑞穂市（穂積駅）で大人の分離症でお悩みの方は、みつむら接骨院へご相談ください。詳しくは下記の記事もご覧ください。"
volley-fukurahagi-B,408,バレー＋一般症状,B,ふくらはぎがつる・痛むときのセルフケア｜バレー｜岐阜・瑞穂,https://www.058-327-7771.net/volley-fukurahagi/,2026-11-12,"岐阜県瑞穂市（穂積駅）で、バレーのふくらはぎのつりや痛みについて自分でできることを探している方へ。

疲労、水分不足、冷えなどが重なると、脚がつりやすくなることがあると考えられます。

今日からできるセルフケア
・試合前後にこまめに水分をとる
・つったときは、つま先を手前に引き、ふくらはぎをゆっくり伸ばす
・練習後はふくらはぎを温めて、やさしくほぐす
・足首を回して、脚の動きを保つ
・入浴後に軽く伸ばして、疲れを残さないようにする

セルフケアを続けてもつる頻度が変わらない、痛みが長引くときはご相談ください。みつむら接骨院では、ふくらはぎ、足首、股関節の動きやジャンプ、着地時の体の使い方を確認します。

※ふくらはぎの片側の腫れや熱感、強い痛みは血栓の可能性があります。運動後の濃い茶色の尿は筋肉の異常のサインのことがあるため、すぐ医療機関を受診してください。

岐阜県瑞穂市（穂積駅）でふくらはぎの痛みにお悩みの方は、みつむら接骨院へご相談ください。詳しくは下記の記事もご覧ください。"
gojukata-massage-B,80,五十肩,B,五十肩のマッサージ選びの目安｜強さと頻度の考え方,https://www.058-327-7771.net/gojukata-massage/,2026-07-30,"岐阜県瑞穂市（穂積駅）で、五十肩のマッサージを上手に取り入れたい方へ。

肩を楽にしたい気持ちから強く揉んでしまいがちですが、時期によっては控えたほうがよい場合があると考えられています。

【マッサージを選ぶときの目安】
・痛みが強い時期は、痛い肩を強く押したり揉んだりしない
・強さは「心地よい」と感じる程度にとどめ、痛みを我慢しない
・肩だけでなく、首や背中、肩甲骨まわりを軽くさするようにほぐす
・施術後に痛みが増した場合は、強さや頻度を見直す
・施術者に、今の時期や痛みの状態をきちんと伝える

セルフケアで変化が乏しい、揉むたびに痛みが増すときは、ご相談ください。当院では、肩の動き、首・肩甲骨まわりの筋肉の緊張、日常の姿勢を確認します。

※夜間の強い痛みが長引く、腕に力が入らない、しびれや胸の締めつけを伴う場合は、整形外科などの医療機関を受診してください。

岐阜県瑞穂市（穂積駅）で五十肩のマッサージにお悩みの方は、みつむら接骨院へご相談ください。詳しくは下記の記事もご覧ください。"
herunia-chigai-B,60,椎間板ヘルニア,B,ヘルニアと坐骨神経痛・狭窄症の違いを知って備える,https://www.058-327-7771.net/herunia-chigai/,2026-07-25,"岐阜県瑞穂市（穂積駅）で、腰や脚の痛みの原因を見きわめるために自分でできることを探している方へ。

似た症状でも原因が異なるため、自己判断で決めつけず、症状の特徴を整理して受診につなげることが大切と考えられています。

受診前に整理しておきたいこと
・痛みやしびれが出る場所を、足の部位ごとにメモする
・前かがみと反らす動作のどちらでつらいかを確認する
・歩くと痛み、休むと楽になるかを観察する
・痛みが出始めた時期と、きっかけを思い出しておく
・治療中の病気や服用中の薬も、あわせて伝える

整理した内容は、整形外科で診察を受ける際の助けになります。検査後も痛みが続く場合は、ご相談ください。当院では、診断結果を踏まえ、姿勢や筋肉の状態を確認し、日常の過ごし方をお伝えします。

※足に力が入らない、強い麻痺、排尿・排便がうまくできないといった症状がある場合は、すぐに整形外科を受診してください。

岐阜県瑞穂市（穂積駅）で腰や脚の痛みの違いが気になる方は、みつむら接骨院へご相談ください。詳しくは下記の記事もご覧ください。"
soccer-seichotsu-B,420,サッカー,B,サッカー少年の足の痛み｜家庭での見守りと対処のポイント（瑞穂市）,https://www.058-327-7771.net/soccer-seichotsu/,2026-11-18,"岐阜県瑞穂市（穂積駅）で、サッカーをするお子さんの足の痛みに、家庭でできることを探している保護者の方へ。

成長期の痛みは、練習量や体の使い方、成長のスピードが関わると考えられます。日々の見守りが、早めの気づきにつながります。

家庭で意識したいこと
・痛む場所と時間帯、きっかけを簡単にメモしておく
・お風呂上がりに、ふくらはぎや太ももを優しくのばす
・痛がる日は、練習の量や内容を指導者と相談する
・睡眠と食事を整え、疲れを翌日に持ち越さない
・痛みを我慢しなくてよいと、お子さんに伝えておく

痛みが続く、繰り返すなど変化が乏しいときは、ご相談ください。当院では、痛む部位、姿勢、足首や股関節の動き、筋肉の張りを確認します。検査や診断、練習の休止の判断は、整形外科の医師にご確認ください。

※発熱を伴う、関節が腫れて熱を持つ、片側だけ強く痛む、夜も痛みで眠れない、歩けないほど痛いときは、整形外科を受診してください。

岐阜県瑞穂市（穂積駅）で成長期の足の痛みにお悩みの方は、みつむら接骨院へご相談ください。詳しくは下記の記事もご覧ください。"
zakotsu-kyosaku-chigai-B,40,坐骨神経痛,B,坐骨神経痛と狭窄症、対処の考え方｜岐阜県瑞穂市のセルフケア,https://www.058-327-7771.net/zakotsu-kyosaku-chigai/,2026-07-24,"岐阜県瑞穂市（穂積駅）で、坐骨神経痛や脊柱管狭窄症が気になり、自分でできることを探している方へ。

原因が違うと、楽な姿勢や動き方も変わることがあると考えられます。まず医療機関での確認が大切です。

日常で意識したいこと
・痛みやしびれが出る姿勢と、楽になる姿勢を記録する
・歩ける距離や休む頻度をメモしておく
・腰を強く反らす動きや長時間の立ち仕事を控える
・痛みが出ない範囲で、こまめに座って休みながら歩く
・自己判断で強いストレッチやマッサージをしない

セルフケアで変化が乏しいときはご相談ください。当院では姿勢、歩き方、筋肉の状態を確認し、日常での工夫をお伝えします。ご自身の生活や仕事の状況に合わせてお話をうかがいます。

※足に力が入らない、排尿・排便がしにくいといった症状があるときは、すぐに整形外科を受診してください。

岐阜県瑞穂市（穂積駅）で脚の痛みやしびれの対処に迷う方は、みつむら接骨院へご相談ください。詳しくは下記の記事もご覧ください。"
sokuwan-shibire-B,104,側弯症,B,側弯症のしびれ・胸の痛みと家庭での過ごし方｜瑞穂市の接骨院,https://www.058-327-7771.net/sokuwan-shibire/,2026-07-30,"岐阜県瑞穂市（穂積駅）で、側弯症に伴うしびれや胸の痛みについて自分でできることを探している方へ。まず医療機関で原因を確認したうえで、日常の負担を減らす工夫を取り入れましょう。

しびれや痛みは姿勢や動作で強まることがあり、その場面を知ることが対策の手がかりになると考えられます。

家庭で意識したい過ごし方
・しびれや痛みが出る姿勢を避け、30分に一度は姿勢を変える
・長時間の立ちっぱなしや座りっぱなしを減らす
・ゆっくり息を吐く呼吸で、胸まわりの力みをゆるめる
・症状が出る場面や時間帯をメモして、受診時に伝える
・入浴などで体を冷やさないようにする

工夫をしても変化が乏しい、また医療機関で異常が見つからなかった場合はご相談ください。当院では姿勢、背中や胸まわりの筋肉の張り、体の使い方を確認します。原因の診断は医療機関の役割です。

※強い背部痛、息苦しさ、手足のしびれや脱力、排尿・排便の異常、曲がりの急な進行がある場合は、すぐに医療機関を受診してください。強い胸の痛みや息苦しさは救急要請も検討してください。

岐阜県瑞穂市（穂積駅）で側弯症に伴う体の不調にお悩みの方は、みつむら接骨院へご相談ください。詳しくは下記の記事もご覧ください。"
zutsu-genin-fumei-B,170,頭痛,B,異常なしと言われた頭痛への対処｜生活で見直したい5つのこと,https://www.058-327-7771.net/zutsu-genin-fumei/,2026-07-31,"岐阜県瑞穂市（穂積駅）で、検査で異常なしと言われた頭痛について自分でできることを探している方へ。

原因がはっきりしなくても、生活の中で負担を減らせる部分はあります。できることから試してみましょう。

生活で見直したい5つのこと
・頭痛の起きた日時、強さ、前後の出来事を記録する
・睡眠時間を一定にし、寝る前のスマホ時間を短くする
・水分や食事を抜かず、空腹や脱水を避ける
・デスクワーク中は1時間に一度、首と肩を動かす
・入浴や蒸しタオルで首肩を温めて緊張をゆるめる

記録を続けても変化が乏しい場合や、頭痛の様子が以前と変わった場合は、医療機関に再度ご相談ください。そのうえで首や肩のこりが残るときは、当院で姿勢と筋肉の状態、日常の動作を確認します。

※突然の激しい頭痛、ろれつが回らない、手足の麻痺やしびれ、物が二重に見える、発熱と首の硬直がある場合は、すぐに救急受診をしてください。

岐阜県瑞穂市（穂積駅）で原因不明の頭痛にお悩みの方は、みつむら接骨院へご相談ください。詳しくは下記の記事もご覧ください。"
yakyu-me-ball-B,350,肩腱板・神経・腱鞘炎・打撲骨折,B,ボールが目に当たった直後の行動と眼科受診の目安,https://www.058-327-7771.net/yakyu-me-ball/,2026-10-14,"岐阜県瑞穂市（穂積駅）で、ボールが目に当たった直後の行動を知りたい方へ。

見た目に大きな異常がなくても、目の奥でけがが起きている場合があると考えられます。落ち着いて、次のことを意識してください。

まず行いたい対応
・すぐにプレーや練習を中止し、安静にする
・目をこすったり、強く押さえたりしない
・腫れている場合は、眼球を圧迫しないよう、目のまわりを清潔なタオルでそっと冷やす
・見え方の変化を、本人と周りの大人で確認する
・痛みが引いても、自己判断せず眼科で診てもらう

目のけがは、眼窩底骨折や網膜の損傷など、数日たってから症状が出ることがあります。診断や治療方針の決定は眼科の役割で、接骨院の施術の対象ではありません。

※視力の低下、物が二重に見える、視野が欠ける、光が走って見える、強い痛み、出血、吐き気がある場合は、すぐに眼科か救急を受診してください。

岐阜県瑞穂市（穂積駅）で野球のけがについて相談したい方は、みつむら接骨院へご相談ください。詳しくは下記の記事もご覧ください。"
catcher-hiza-B,310,野球,B,キャッチャーの膝をいたわるケアと予防｜岐阜・瑞穂,https://www.058-327-7771.net/catcher-hiza/,2026-09-24,"岐阜県瑞穂市（穂積駅）で、キャッチャーの膝の痛みを予防したい、自分でできることを探している方へ。

しゃがむ時間が長いポジションは、膝への負担を減らす工夫が大切と考えられます。

今日からできるセルフケアと予防
・練習前に、股関節と足首を十分に動かしておく
・待機中は、ずっとしゃがまず、こまめに立って膝を休ませる
・練習後に、太ももの前後とふくらはぎをやさしく伸ばす
・痛みが出たら、無理に深くしゃがむ動作を続けない
・睡眠と食事をとり、疲労を翌日に残さない

続けても変化が乏しい、痛みが強まるという場合は、ご相談ください。当院では膝の動き、股関節や足首の柔らかさ、しゃがむ姿勢のクセを確認し、負担のかかる部分を整えるお手伝いをします。

※膝の裏の痛みや腫れ、ふくらはぎの張り、膝が動かせない、熱感、強い腫れがあるときは、早めに医療機関を受診してください。

岐阜県瑞穂市（穂積駅）で膝の痛みにお悩みの方は、みつむら接骨院へご相談ください。詳しくは下記の記事もご覧ください。"
sever-care-B,266,スポーツ障害一般,B,シーバー病の家庭ケア｜ストレッチとインソールの考え方｜瑞穂市,https://www.058-327-7771.net/sever-care/,2026-09-02,"岐阜県瑞穂市（穂積駅）で、シーバー病について家庭でできることを探している保護者の方へ。

成長期はかかとの骨が未成熟で、ふくらはぎの筋肉や着地の衝撃の影響を受けやすいと考えられています。

家庭で意識したいこと
・痛みを訴えたら、練習量や内容を見直して負担を減らす
・運動後にふくらはぎを、痛みの出ない範囲で軽く伸ばす
・インソールは補助と考え、痛みが出るなら使用を中止する
・かかとがすり減った靴や、合わない靴を避ける
・かたいグラウンドや路面での練習が続いていないか確認する

こうした工夫でも変化が乏しいときはご相談ください。当院では、かかとの痛む場所、ふくらはぎの柔軟性、足首の動き、着地の癖を確認します。運動の休止や再開の判断は整形外科の医師の役割ですので、医療機関との併用をおすすめします。

※強い痛み、腫れ、熱感、足を引きずる、夜間や安静時の痛みがある場合は、早めに整形外科を受診してください。

岐阜県瑞穂市（穂積駅）でシーバー病の方は、みつむら接骨院へご相談ください。詳しくは下記の記事もご覧ください。"
volley-shisei-B,410,バレー＋一般症状,B,低い構えで膝や腰が痛いときのセルフケア｜バレー｜岐阜・瑞穂,https://www.058-327-7771.net/volley-shisei/,2026-11-13,"岐阜県瑞穂市（穂積駅）で、レシーブの構えの膝や腰の痛みについて自分でできることを探している方へ。

低い姿勢を長く続けると、脚や腰の疲れがたまりやすいと考えられます。構えの作り方を見直すことも大切です。

今日からできるセルフケア
・股関節から曲げる意識で、膝と腰に負担を分ける
・太ももの前と裏、お尻を、痛みのない範囲でゆっくり伸ばす
・練習の合間に腰を軽く伸ばして、緊張をゆるめる
・足幅や重心の位置を見直し、つま先と膝の向きをそろえる
・サポーターは補助であり治療ではないと理解して使う

セルフケアで変化が乏しいときはご相談ください。みつむら接骨院では、股関節、膝、腰の動きと、構えの姿勢や体の使い方を確認し、負担が集まる部分を整理します。

※脚の脱力、排尿や排便の異常、膝の腫れや熱感、安静でも治まらない強い痛みがあるときは、すぐ医療機関を受診してください。

岐阜県瑞穂市（穂積駅）でレシーブ姿勢の痛みにお悩みの方は、みつむら接骨院へご相談ください。詳しくは下記の記事もご覧ください。"
joshi-soccer-kega-B,422,サッカー,B,女子サッカーの膝の怪我予防｜続けながらの対処と復帰（岐阜・瑞穂）,https://www.058-327-7771.net/joshi-soccer-kega/,2026-11-19,"岐阜県瑞穂市（穂積駅）で、膝の怪我を予防しながら女子サッカーを続けたい方へ。

膝の怪我は、着地や切り返しの姿勢、股関節や体幹の使い方が関わると考えられます。日ごろの動きの見直しが、予防の助けになる可能性があります。

今日からできる予防と復帰の工夫
・着地では、膝とつま先の向きをそろえることを意識する
・お尻や太ももの裏、体幹の筋肉をバランスよく使う
・練習前のウォームアップを丁寧に行う
・疲れがたまった日は、無理をせず動きの質を優先する
・怪我の後は、医師の許可を得て段階的に戻す

膝の不安定感や違和感が続く、変化が乏しいときはご相談ください。当院では、股関節や足首の動き、着地の姿勢、筋肉の使い方を確認します。診断や手術の判断、復帰の許可は、整形外科の医師にご確認ください。

※接触なく膝がガクッと崩れた、ポンと音がした、すぐ腫れて体重をかけられないときは、プレーを中止して整形外科を受診してください。

岐阜県瑞穂市（穂積駅）で女子サッカーの膝の予防にお悩みの方は、みつむら接骨院へご相談ください。詳しくは下記の記事もご覧ください。"
